ISO-10303-21;
HEADER;
/* Generated by software containing ST-Developer
 * from STEP Tools, Inc. (www.steptools.com) 
 */

FILE_DESCRIPTION(
/* description */ (''),
/* implementation_level */ '2;1');

FILE_NAME(
/* name */ 'konnected lid.step',
/* time_stamp */ '2026-08-09T22:04:10-07:00',
/* author */ (''),
/* organization */ (''),
/* preprocessor_version */ 'ST-DEVELOPER v20.1',
/* originating_system */ 'Autodesk Translation Framework v14.24.0.0',
/* authorisation */ '');

FILE_SCHEMA (('AUTOMOTIVE_DESIGN { 1 0 10303 214 3 1 1 }'));
ENDSEC;

DATA;
#10=MECHANICAL_DESIGN_GEOMETRIC_PRESENTATION_REPRESENTATION('',(#13),#3107);
#11=SHAPE_REPRESENTATION_RELATIONSHIP('SRR','None',#3114,#12);
#12=ADVANCED_BREP_SHAPE_REPRESENTATION('',(#14),#3106);
#13=STYLED_ITEM('',(#3123),#14);
#14=MANIFOLD_SOLID_BREP('Body1',#1802);
#15=CYLINDRICAL_SURFACE('',#1854,5.);
#16=CYLINDRICAL_SURFACE('',#1858,5.);
#17=CYLINDRICAL_SURFACE('',#1862,5.);
#18=CYLINDRICAL_SURFACE('',#1866,5.);
#19=CYLINDRICAL_SURFACE('',#1870,5.);
#20=CYLINDRICAL_SURFACE('',#1874,5.);
#21=CYLINDRICAL_SURFACE('',#1878,5.);
#22=CYLINDRICAL_SURFACE('',#1882,5.);
#23=CYLINDRICAL_SURFACE('',#1886,5.);
#24=CYLINDRICAL_SURFACE('',#1890,5.);
#25=CYLINDRICAL_SURFACE('',#1894,5.);
#26=CYLINDRICAL_SURFACE('',#1898,5.);
#27=CYLINDRICAL_SURFACE('',#1902,5.);
#28=CYLINDRICAL_SURFACE('',#1906,5.);
#29=CYLINDRICAL_SURFACE('',#1910,5.);
#30=CYLINDRICAL_SURFACE('',#1914,5.);
#31=CYLINDRICAL_SURFACE('',#1918,5.);
#32=CYLINDRICAL_SURFACE('',#1922,5.);
#33=CYLINDRICAL_SURFACE('',#1926,5.);
#34=CYLINDRICAL_SURFACE('',#1930,5.);
#35=CYLINDRICAL_SURFACE('',#1934,5.);
#36=CYLINDRICAL_SURFACE('',#1938,5.);
#37=CYLINDRICAL_SURFACE('',#1942,5.);
#38=CYLINDRICAL_SURFACE('',#1946,5.);
#39=CYLINDRICAL_SURFACE('',#1950,5.);
#40=CYLINDRICAL_SURFACE('',#1954,5.);
#41=CYLINDRICAL_SURFACE('',#1958,5.);
#42=CYLINDRICAL_SURFACE('',#1963,3.);
#43=CYLINDRICAL_SURFACE('',#1969,3.);
#44=CYLINDRICAL_SURFACE('',#1975,3.);
#45=CYLINDRICAL_SURFACE('',#1981,3.);
#46=CYLINDRICAL_SURFACE('',#2005,3.);
#47=CYLINDRICAL_SURFACE('',#2008,3.);
#48=CYLINDRICAL_SURFACE('',#2011,1.75);
#49=CYLINDRICAL_SURFACE('',#2012,1.75);
#50=CYLINDRICAL_SURFACE('',#2013,1.75000000000001);
#51=CYLINDRICAL_SURFACE('',#2014,1.75);
#52=CYLINDRICAL_SURFACE('',#2022,3.);
#53=CYLINDRICAL_SURFACE('',#2024,3.);
#54=CYLINDRICAL_SURFACE('',#2025,1.);
#55=CYLINDRICAL_SURFACE('',#2032,1.);
#56=CYLINDRICAL_SURFACE('',#2034,1.);
#57=CYLINDRICAL_SURFACE('',#2036,1.);
#58=FACE_BOUND('',#254,.T.);
#59=FACE_BOUND('',#255,.T.);
#60=FACE_BOUND('',#256,.T.);
#61=FACE_BOUND('',#257,.T.);
#62=FACE_BOUND('',#258,.T.);
#63=FACE_BOUND('',#259,.T.);
#64=FACE_BOUND('',#260,.T.);
#65=FACE_BOUND('',#261,.T.);
#66=FACE_BOUND('',#262,.T.);
#67=FACE_BOUND('',#263,.T.);
#68=FACE_BOUND('',#264,.T.);
#69=FACE_BOUND('',#265,.T.);
#70=FACE_BOUND('',#266,.T.);
#71=FACE_BOUND('',#267,.T.);
#72=FACE_BOUND('',#268,.T.);
#73=FACE_BOUND('',#269,.T.);
#74=FACE_BOUND('',#270,.T.);
#75=FACE_BOUND('',#271,.T.);
#76=FACE_BOUND('',#272,.T.);
#77=FACE_BOUND('',#273,.T.);
#78=FACE_BOUND('',#274,.T.);
#79=FACE_BOUND('',#275,.T.);
#80=FACE_BOUND('',#276,.T.);
#81=FACE_BOUND('',#277,.T.);
#82=FACE_BOUND('',#278,.T.);
#83=FACE_BOUND('',#279,.T.);
#84=FACE_BOUND('',#280,.T.);
#85=FACE_BOUND('',#281,.T.);
#86=FACE_BOUND('',#282,.T.);
#87=FACE_BOUND('',#283,.T.);
#88=FACE_BOUND('',#284,.T.);
#89=FACE_BOUND('',#341,.T.);
#90=FACE_BOUND('',#345,.T.);
#91=FACE_BOUND('',#349,.T.);
#92=FACE_BOUND('',#353,.T.);
#93=FACE_BOUND('',#359,.T.);
#94=FACE_BOUND('',#360,.T.);
#95=FACE_BOUND('',#361,.T.);
#96=FACE_BOUND('',#362,.T.);
#97=FACE_BOUND('',#363,.T.);
#98=FACE_BOUND('',#364,.T.);
#99=FACE_BOUND('',#365,.T.);
#100=FACE_BOUND('',#366,.T.);
#101=FACE_BOUND('',#367,.T.);
#102=FACE_BOUND('',#368,.T.);
#103=FACE_BOUND('',#369,.T.);
#104=FACE_BOUND('',#370,.T.);
#105=FACE_BOUND('',#371,.T.);
#106=FACE_BOUND('',#372,.T.);
#107=FACE_BOUND('',#373,.T.);
#108=FACE_BOUND('',#374,.T.);
#109=FACE_BOUND('',#375,.T.);
#110=FACE_BOUND('',#376,.T.);
#111=FACE_BOUND('',#377,.T.);
#112=FACE_BOUND('',#378,.T.);
#113=FACE_BOUND('',#379,.T.);
#114=FACE_BOUND('',#380,.T.);
#115=FACE_BOUND('',#381,.T.);
#116=FACE_BOUND('',#382,.T.);
#117=FACE_BOUND('',#383,.T.);
#118=FACE_BOUND('',#384,.T.);
#119=FACE_BOUND('',#385,.T.);
#120=FACE_BOUND('',#386,.T.);
#121=FACE_BOUND('',#387,.T.);
#122=FACE_BOUND('',#388,.T.);
#123=FACE_BOUND('',#389,.T.);
#124=FACE_BOUND('',#407,.T.);
#125=FACE_BOUND('',#414,.T.);
#126=PLANE('',#1819);
#127=PLANE('',#1964);
#128=PLANE('',#1970);
#129=PLANE('',#1976);
#130=PLANE('',#1982);
#131=PLANE('',#1984);
#132=PLANE('',#1985);
#133=PLANE('',#1986);
#134=PLANE('',#1987);
#135=PLANE('',#1988);
#136=PLANE('',#1993);
#137=PLANE('',#1996);
#138=PLANE('',#1999);
#139=PLANE('',#2002);
#140=PLANE('',#2007);
#141=PLANE('',#2010);
#142=PLANE('',#2015);
#143=PLANE('',#2023);
#144=PLANE('',#2027);
#145=PLANE('',#2028);
#146=PLANE('',#2033);
#147=PLANE('',#2035);
#148=PLANE('',#2037);
#149=PLANE('',#2038);
#150=FACE_OUTER_BOUND('',#252,.T.);
#151=FACE_OUTER_BOUND('',#253,.T.);
#152=FACE_OUTER_BOUND('',#285,.T.);
#153=FACE_OUTER_BOUND('',#286,.T.);
#154=FACE_OUTER_BOUND('',#287,.T.);
#155=FACE_OUTER_BOUND('',#288,.T.);
#156=FACE_OUTER_BOUND('',#289,.T.);
#157=FACE_OUTER_BOUND('',#290,.T.);
#158=FACE_OUTER_BOUND('',#291,.T.);
#159=FACE_OUTER_BOUND('',#292,.T.);
#160=FACE_OUTER_BOUND('',#293,.T.);
#161=FACE_OUTER_BOUND('',#294,.T.);
#162=FACE_OUTER_BOUND('',#295,.T.);
#163=FACE_OUTER_BOUND('',#296,.T.);
#164=FACE_OUTER_BOUND('',#297,.T.);
#165=FACE_OUTER_BOUND('',#298,.T.);
#166=FACE_OUTER_BOUND('',#299,.T.);
#167=FACE_OUTER_BOUND('',#300,.T.);
#168=FACE_OUTER_BOUND('',#301,.T.);
#169=FACE_OUTER_BOUND('',#302,.T.);
#170=FACE_OUTER_BOUND('',#303,.T.);
#171=FACE_OUTER_BOUND('',#304,.T.);
#172=FACE_OUTER_BOUND('',#305,.T.);
#173=FACE_OUTER_BOUND('',#306,.T.);
#174=FACE_OUTER_BOUND('',#307,.T.);
#175=FACE_OUTER_BOUND('',#308,.T.);
#176=FACE_OUTER_BOUND('',#309,.T.);
#177=FACE_OUTER_BOUND('',#310,.T.);
#178=FACE_OUTER_BOUND('',#311,.T.);
#179=FACE_OUTER_BOUND('',#312,.T.);
#180=FACE_OUTER_BOUND('',#313,.T.);
#181=FACE_OUTER_BOUND('',#314,.T.);
#182=FACE_OUTER_BOUND('',#315,.T.);
#183=FACE_OUTER_BOUND('',#316,.T.);
#184=FACE_OUTER_BOUND('',#317,.T.);
#185=FACE_OUTER_BOUND('',#318,.T.);
#186=FACE_OUTER_BOUND('',#319,.T.);
#187=FACE_OUTER_BOUND('',#320,.T.);
#188=FACE_OUTER_BOUND('',#321,.T.);
#189=FACE_OUTER_BOUND('',#322,.T.);
#190=FACE_OUTER_BOUND('',#323,.T.);
#191=FACE_OUTER_BOUND('',#324,.T.);
#192=FACE_OUTER_BOUND('',#325,.T.);
#193=FACE_OUTER_BOUND('',#326,.T.);
#194=FACE_OUTER_BOUND('',#327,.T.);
#195=FACE_OUTER_BOUND('',#328,.T.);
#196=FACE_OUTER_BOUND('',#329,.T.);
#197=FACE_OUTER_BOUND('',#330,.T.);
#198=FACE_OUTER_BOUND('',#331,.T.);
#199=FACE_OUTER_BOUND('',#332,.T.);
#200=FACE_OUTER_BOUND('',#333,.T.);
#201=FACE_OUTER_BOUND('',#334,.T.);
#202=FACE_OUTER_BOUND('',#335,.T.);
#203=FACE_OUTER_BOUND('',#336,.T.);
#204=FACE_OUTER_BOUND('',#337,.T.);
#205=FACE_OUTER_BOUND('',#338,.T.);
#206=FACE_OUTER_BOUND('',#339,.T.);
#207=FACE_OUTER_BOUND('',#340,.T.);
#208=FACE_OUTER_BOUND('',#342,.T.);
#209=FACE_OUTER_BOUND('',#343,.T.);
#210=FACE_OUTER_BOUND('',#344,.T.);
#211=FACE_OUTER_BOUND('',#346,.T.);
#212=FACE_OUTER_BOUND('',#347,.T.);
#213=FACE_OUTER_BOUND('',#348,.T.);
#214=FACE_OUTER_BOUND('',#350,.T.);
#215=FACE_OUTER_BOUND('',#351,.T.);
#216=FACE_OUTER_BOUND('',#352,.T.);
#217=FACE_OUTER_BOUND('',#354,.T.);
#218=FACE_OUTER_BOUND('',#355,.T.);
#219=FACE_OUTER_BOUND('',#356,.T.);
#220=FACE_OUTER_BOUND('',#357,.T.);
#221=FACE_OUTER_BOUND('',#358,.T.);
#222=FACE_OUTER_BOUND('',#390,.T.);
#223=FACE_OUTER_BOUND('',#391,.T.);
#224=FACE_OUTER_BOUND('',#392,.T.);
#225=FACE_OUTER_BOUND('',#393,.T.);
#226=FACE_OUTER_BOUND('',#394,.T.);
#227=FACE_OUTER_BOUND('',#395,.T.);
#228=FACE_OUTER_BOUND('',#396,.T.);
#229=FACE_OUTER_BOUND('',#397,.T.);
#230=FACE_OUTER_BOUND('',#398,.T.);
#231=FACE_OUTER_BOUND('',#399,.T.);
#232=FACE_OUTER_BOUND('',#400,.T.);
#233=FACE_OUTER_BOUND('',#401,.T.);
#234=FACE_OUTER_BOUND('',#402,.T.);
#235=FACE_OUTER_BOUND('',#403,.T.);
#236=FACE_OUTER_BOUND('',#404,.T.);
#237=FACE_OUTER_BOUND('',#405,.T.);
#238=FACE_OUTER_BOUND('',#406,.T.);
#239=FACE_OUTER_BOUND('',#408,.T.);
#240=FACE_OUTER_BOUND('',#409,.T.);
#241=FACE_OUTER_BOUND('',#410,.T.);
#242=FACE_OUTER_BOUND('',#411,.T.);
#243=FACE_OUTER_BOUND('',#412,.T.);
#244=FACE_OUTER_BOUND('',#413,.T.);
#245=FACE_OUTER_BOUND('',#415,.T.);
#246=FACE_OUTER_BOUND('',#416,.T.);
#247=FACE_OUTER_BOUND('',#417,.T.);
#248=FACE_OUTER_BOUND('',#418,.T.);
#249=FACE_OUTER_BOUND('',#419,.T.);
#250=FACE_OUTER_BOUND('',#420,.T.);
#251=FACE_OUTER_BOUND('',#421,.T.);
#252=EDGE_LOOP('',(#1179,#1180,#1181,#1182));
#253=EDGE_LOOP('',(#1183,#1184,#1185,#1186,#1187,#1188,#1189,#1190));
#254=EDGE_LOOP('',(#1191));
#255=EDGE_LOOP('',(#1192));
#256=EDGE_LOOP('',(#1193));
#257=EDGE_LOOP('',(#1194));
#258=EDGE_LOOP('',(#1195));
#259=EDGE_LOOP('',(#1196));
#260=EDGE_LOOP('',(#1197));
#261=EDGE_LOOP('',(#1198));
#262=EDGE_LOOP('',(#1199));
#263=EDGE_LOOP('',(#1200));
#264=EDGE_LOOP('',(#1201));
#265=EDGE_LOOP('',(#1202));
#266=EDGE_LOOP('',(#1203));
#267=EDGE_LOOP('',(#1204));
#268=EDGE_LOOP('',(#1205));
#269=EDGE_LOOP('',(#1206));
#270=EDGE_LOOP('',(#1207));
#271=EDGE_LOOP('',(#1208));
#272=EDGE_LOOP('',(#1209));
#273=EDGE_LOOP('',(#1210));
#274=EDGE_LOOP('',(#1211));
#275=EDGE_LOOP('',(#1212));
#276=EDGE_LOOP('',(#1213));
#277=EDGE_LOOP('',(#1214));
#278=EDGE_LOOP('',(#1215));
#279=EDGE_LOOP('',(#1216));
#280=EDGE_LOOP('',(#1217));
#281=EDGE_LOOP('',(#1218));
#282=EDGE_LOOP('',(#1219));
#283=EDGE_LOOP('',(#1220));
#284=EDGE_LOOP('',(#1221));
#285=EDGE_LOOP('',(#1222,#1223,#1224,#1225));
#286=EDGE_LOOP('',(#1226,#1227,#1228,#1229));
#287=EDGE_LOOP('',(#1230,#1231,#1232,#1233));
#288=EDGE_LOOP('',(#1234,#1235,#1236,#1237));
#289=EDGE_LOOP('',(#1238,#1239,#1240,#1241));
#290=EDGE_LOOP('',(#1242,#1243,#1244,#1245));
#291=EDGE_LOOP('',(#1246,#1247,#1248,#1249));
#292=EDGE_LOOP('',(#1250,#1251,#1252,#1253));
#293=EDGE_LOOP('',(#1254,#1255,#1256,#1257));
#294=EDGE_LOOP('',(#1258,#1259,#1260,#1261));
#295=EDGE_LOOP('',(#1262,#1263,#1264,#1265));
#296=EDGE_LOOP('',(#1266,#1267,#1268,#1269));
#297=EDGE_LOOP('',(#1270,#1271,#1272,#1273));
#298=EDGE_LOOP('',(#1274,#1275,#1276,#1277));
#299=EDGE_LOOP('',(#1278,#1279,#1280,#1281));
#300=EDGE_LOOP('',(#1282,#1283,#1284,#1285));
#301=EDGE_LOOP('',(#1286,#1287,#1288,#1289));
#302=EDGE_LOOP('',(#1290,#1291,#1292,#1293));
#303=EDGE_LOOP('',(#1294,#1295,#1296,#1297));
#304=EDGE_LOOP('',(#1298,#1299,#1300,#1301));
#305=EDGE_LOOP('',(#1302,#1303,#1304,#1305));
#306=EDGE_LOOP('',(#1306,#1307,#1308,#1309));
#307=EDGE_LOOP('',(#1310,#1311,#1312,#1313));
#308=EDGE_LOOP('',(#1314,#1315,#1316,#1317));
#309=EDGE_LOOP('',(#1318,#1319,#1320,#1321));
#310=EDGE_LOOP('',(#1322,#1323,#1324,#1325));
#311=EDGE_LOOP('',(#1326,#1327,#1328,#1329));
#312=EDGE_LOOP('',(#1330,#1331,#1332,#1333));
#313=EDGE_LOOP('',(#1334,#1335,#1336,#1337));
#314=EDGE_LOOP('',(#1338,#1339,#1340,#1341));
#315=EDGE_LOOP('',(#1342,#1343,#1344,#1345));
#316=EDGE_LOOP('',(#1346,#1347,#1348,#1349));
#317=EDGE_LOOP('',(#1350,#1351,#1352,#1353));
#318=EDGE_LOOP('',(#1354,#1355,#1356,#1357));
#319=EDGE_LOOP('',(#1358,#1359,#1360,#1361));
#320=EDGE_LOOP('',(#1362,#1363,#1364,#1365));
#321=EDGE_LOOP('',(#1366,#1367,#1368,#1369));
#322=EDGE_LOOP('',(#1370,#1371,#1372,#1373));
#323=EDGE_LOOP('',(#1374,#1375,#1376,#1377));
#324=EDGE_LOOP('',(#1378,#1379,#1380,#1381));
#325=EDGE_LOOP('',(#1382,#1383,#1384,#1385));
#326=EDGE_LOOP('',(#1386,#1387,#1388,#1389));
#327=EDGE_LOOP('',(#1390,#1391,#1392,#1393));
#328=EDGE_LOOP('',(#1394,#1395,#1396,#1397));
#329=EDGE_LOOP('',(#1398,#1399,#1400,#1401));
#330=EDGE_LOOP('',(#1402,#1403,#1404,#1405));
#331=EDGE_LOOP('',(#1406,#1407,#1408,#1409));
#332=EDGE_LOOP('',(#1410,#1411,#1412,#1413));
#333=EDGE_LOOP('',(#1414,#1415,#1416,#1417));
#334=EDGE_LOOP('',(#1418,#1419,#1420,#1421));
#335=EDGE_LOOP('',(#1422,#1423,#1424,#1425));
#336=EDGE_LOOP('',(#1426,#1427,#1428,#1429));
#337=EDGE_LOOP('',(#1430,#1431,#1432,#1433));
#338=EDGE_LOOP('',(#1434,#1435,#1436,#1437));
#339=EDGE_LOOP('',(#1438,#1439,#1440,#1441));
#340=EDGE_LOOP('',(#1442));
#341=EDGE_LOOP('',(#1443));
#342=EDGE_LOOP('',(#1444,#1445,#1446,#1447));
#343=EDGE_LOOP('',(#1448,#1449,#1450,#1451));
#344=EDGE_LOOP('',(#1452));
#345=EDGE_LOOP('',(#1453));
#346=EDGE_LOOP('',(#1454,#1455,#1456,#1457));
#347=EDGE_LOOP('',(#1458,#1459,#1460,#1461));
#348=EDGE_LOOP('',(#1462));
#349=EDGE_LOOP('',(#1463));
#350=EDGE_LOOP('',(#1464,#1465,#1466,#1467));
#351=EDGE_LOOP('',(#1468,#1469,#1470,#1471));
#352=EDGE_LOOP('',(#1472));
#353=EDGE_LOOP('',(#1473));
#354=EDGE_LOOP('',(#1474,#1475,#1476,#1477));
#355=EDGE_LOOP('',(#1478,#1479,#1480,#1481));
#356=EDGE_LOOP('',(#1482,#1483,#1484,#1485));
#357=EDGE_LOOP('',(#1486,#1487,#1488,#1489));
#358=EDGE_LOOP('',(#1490,#1491,#1492,#1493));
#359=EDGE_LOOP('',(#1494));
#360=EDGE_LOOP('',(#1495));
#361=EDGE_LOOP('',(#1496));
#362=EDGE_LOOP('',(#1497));
#363=EDGE_LOOP('',(#1498));
#364=EDGE_LOOP('',(#1499));
#365=EDGE_LOOP('',(#1500));
#366=EDGE_LOOP('',(#1501));
#367=EDGE_LOOP('',(#1502));
#368=EDGE_LOOP('',(#1503));
#369=EDGE_LOOP('',(#1504));
#370=EDGE_LOOP('',(#1505));
#371=EDGE_LOOP('',(#1506));
#372=EDGE_LOOP('',(#1507));
#373=EDGE_LOOP('',(#1508));
#374=EDGE_LOOP('',(#1509));
#375=EDGE_LOOP('',(#1510));
#376=EDGE_LOOP('',(#1511));
#377=EDGE_LOOP('',(#1512));
#378=EDGE_LOOP('',(#1513));
#379=EDGE_LOOP('',(#1514));
#380=EDGE_LOOP('',(#1515));
#381=EDGE_LOOP('',(#1516));
#382=EDGE_LOOP('',(#1517));
#383=EDGE_LOOP('',(#1518));
#384=EDGE_LOOP('',(#1519));
#385=EDGE_LOOP('',(#1520));
#386=EDGE_LOOP('',(#1521));
#387=EDGE_LOOP('',(#1522));
#388=EDGE_LOOP('',(#1523));
#389=EDGE_LOOP('',(#1524));
#390=EDGE_LOOP('',(#1525,#1526,#1527,#1528));
#391=EDGE_LOOP('',(#1529,#1530,#1531,#1532));
#392=EDGE_LOOP('',(#1533,#1534,#1535,#1536));
#393=EDGE_LOOP('',(#1537,#1538,#1539,#1540));
#394=EDGE_LOOP('',(#1541,#1542,#1543,#1544));
#395=EDGE_LOOP('',(#1545,#1546,#1547,#1548));
#396=EDGE_LOOP('',(#1549,#1550,#1551,#1552));
#397=EDGE_LOOP('',(#1553,#1554,#1555,#1556));
#398=EDGE_LOOP('',(#1557,#1558,#1559,#1560));
#399=EDGE_LOOP('',(#1561,#1562,#1563,#1564));
#400=EDGE_LOOP('',(#1565,#1566,#1567,#1568));
#401=EDGE_LOOP('',(#1569,#1570,#1571,#1572));
#402=EDGE_LOOP('',(#1573,#1574,#1575,#1576));
#403=EDGE_LOOP('',(#1577,#1578,#1579,#1580));
#404=EDGE_LOOP('',(#1581,#1582,#1583,#1584));
#405=EDGE_LOOP('',(#1585,#1586,#1587,#1588));
#406=EDGE_LOOP('',(#1589,#1590,#1591,#1592,#1593,#1594,#1595,#1596));
#407=EDGE_LOOP('',(#1597,#1598,#1599,#1600,#1601,#1602,#1603,#1604));
#408=EDGE_LOOP('',(#1605,#1606,#1607,#1608));
#409=EDGE_LOOP('',(#1609,#1610,#1611,#1612));
#410=EDGE_LOOP('',(#1613,#1614,#1615,#1616));
#411=EDGE_LOOP('',(#1617,#1618,#1619,#1620));
#412=EDGE_LOOP('',(#1621,#1622,#1623,#1624));
#413=EDGE_LOOP('',(#1625,#1626,#1627,#1628,#1629,#1630,#1631,#1632));
#414=EDGE_LOOP('',(#1633,#1634,#1635,#1636));
#415=EDGE_LOOP('',(#1637,#1638,#1639,#1640));
#416=EDGE_LOOP('',(#1641,#1642,#1643,#1644));
#417=EDGE_LOOP('',(#1645,#1646,#1647,#1648));
#418=EDGE_LOOP('',(#1649,#1650,#1651,#1652));
#419=EDGE_LOOP('',(#1653,#1654,#1655,#1656));
#420=EDGE_LOOP('',(#1657,#1658,#1659,#1660));
#421=EDGE_LOOP('',(#1661,#1662,#1663,#1664));
#422=LINE('',#2614,#544);
#423=LINE('',#2619,#545);
#424=LINE('',#2623,#546);
#425=LINE('',#2627,#547);
#426=LINE('',#2631,#548);
#427=LINE('',#2695,#549);
#428=LINE('',#2699,#550);
#429=LINE('',#2703,#551);
#430=LINE('',#2707,#552);
#431=LINE('',#2711,#553);
#432=LINE('',#2715,#554);
#433=LINE('',#2719,#555);
#434=LINE('',#2723,#556);
#435=LINE('',#2727,#557);
#436=LINE('',#2731,#558);
#437=LINE('',#2735,#559);
#438=LINE('',#2739,#560);
#439=LINE('',#2743,#561);
#440=LINE('',#2747,#562);
#441=LINE('',#2751,#563);
#442=LINE('',#2755,#564);
#443=LINE('',#2759,#565);
#444=LINE('',#2763,#566);
#445=LINE('',#2767,#567);
#446=LINE('',#2771,#568);
#447=LINE('',#2775,#569);
#448=LINE('',#2779,#570);
#449=LINE('',#2783,#571);
#450=LINE('',#2787,#572);
#451=LINE('',#2791,#573);
#452=LINE('',#2795,#574);
#453=LINE('',#2799,#575);
#454=LINE('',#2803,#576);
#455=LINE('',#2807,#577);
#456=LINE('',#2811,#578);
#457=LINE('',#2815,#579);
#458=LINE('',#2819,#580);
#459=LINE('',#2823,#581);
#460=LINE('',#2827,#582);
#461=LINE('',#2831,#583);
#462=LINE('',#2835,#584);
#463=LINE('',#2839,#585);
#464=LINE('',#2843,#586);
#465=LINE('',#2847,#587);
#466=LINE('',#2851,#588);
#467=LINE('',#2855,#589);
#468=LINE('',#2859,#590);
#469=LINE('',#2863,#591);
#470=LINE('',#2867,#592);
#471=LINE('',#2871,#593);
#472=LINE('',#2875,#594);
#473=LINE('',#2879,#595);
#474=LINE('',#2883,#596);
#475=LINE('',#2887,#597);
#476=LINE('',#2891,#598);
#477=LINE('',#2895,#599);
#478=LINE('',#2899,#600);
#479=LINE('',#2903,#601);
#480=LINE('',#2909,#602);
#481=LINE('',#2912,#603);
#482=LINE('',#2920,#604);
#483=LINE('',#2923,#605);
#484=LINE('',#2931,#606);
#485=LINE('',#2934,#607);
#486=LINE('',#2942,#608);
#487=LINE('',#2945,#609);
#488=LINE('',#2952,#610);
#489=LINE('',#2954,#611);
#490=LINE('',#2956,#612);
#491=LINE('',#2957,#613);
#492=LINE('',#2960,#614);
#493=LINE('',#2962,#615);
#494=LINE('',#2963,#616);
#495=LINE('',#2966,#617);
#496=LINE('',#2968,#618);
#497=LINE('',#2969,#619);
#498=LINE('',#2971,#620);
#499=LINE('',#2972,#621);
#500=LINE('',#2984,#622);
#501=LINE('',#2986,#623);
#502=LINE('',#2987,#624);
#503=LINE('',#2991,#625);
#504=LINE('',#2994,#626);
#505=LINE('',#2995,#627);
#506=LINE('',#2999,#628);
#507=LINE('',#3002,#629);
#508=LINE('',#3003,#630);
#509=LINE('',#3007,#631);
#510=LINE('',#3010,#632);
#511=LINE('',#3011,#633);
#512=LINE('',#3016,#634);
#513=LINE('',#3019,#635);
#514=LINE('',#3022,#636);
#515=LINE('',#3023,#637);
#516=LINE('',#3026,#638);
#517=LINE('',#3030,#639);
#518=LINE('',#3031,#640);
#519=LINE('',#3033,#641);
#520=LINE('',#3035,#642);
#521=LINE('',#3037,#643);
#522=LINE('',#3039,#644);
#523=LINE('',#3044,#645);
#524=LINE('',#3047,#646);
#525=LINE('',#3050,#647);
#526=LINE('',#3054,#648);
#527=LINE('',#3058,#649);
#528=LINE('',#3062,#650);
#529=LINE('',#3065,#651);
#530=LINE('',#3067,#652);
#531=LINE('',#3069,#653);
#532=LINE('',#3074,#654);
#533=LINE('',#3075,#655);
#534=LINE('',#3078,#656);
#535=LINE('',#3079,#657);
#536=LINE('',#3082,#658);
#537=LINE('',#3086,#659);
#538=LINE('',#3090,#660);
#539=LINE('',#3093,#661);
#540=LINE('',#3095,#662);
#541=LINE('',#3097,#663);
#542=LINE('',#3098,#664);
#543=LINE('',#3101,#665);
#544=VECTOR('',#2045,5.5);
#545=VECTOR('',#2050,10.);
#546=VECTOR('',#2053,10.);
#547=VECTOR('',#2056,10.);
#548=VECTOR('',#2059,10.);
#549=VECTOR('',#2124,5.);
#550=VECTOR('',#2129,5.5);
#551=VECTOR('',#2134,5.);
#552=VECTOR('',#2139,5.5);
#553=VECTOR('',#2144,5.);
#554=VECTOR('',#2149,5.5);
#555=VECTOR('',#2154,5.);
#556=VECTOR('',#2159,5.5);
#557=VECTOR('',#2164,5.);
#558=VECTOR('',#2169,5.5);
#559=VECTOR('',#2174,5.);
#560=VECTOR('',#2179,5.5);
#561=VECTOR('',#2184,5.);
#562=VECTOR('',#2189,5.5);
#563=VECTOR('',#2194,5.);
#564=VECTOR('',#2199,5.5);
#565=VECTOR('',#2204,5.);
#566=VECTOR('',#2209,5.5);
#567=VECTOR('',#2214,5.);
#568=VECTOR('',#2219,5.5);
#569=VECTOR('',#2224,5.);
#570=VECTOR('',#2229,5.5);
#571=VECTOR('',#2234,5.);
#572=VECTOR('',#2239,5.5);
#573=VECTOR('',#2244,5.);
#574=VECTOR('',#2249,5.5);
#575=VECTOR('',#2254,5.);
#576=VECTOR('',#2259,5.5);
#577=VECTOR('',#2264,5.);
#578=VECTOR('',#2269,5.5);
#579=VECTOR('',#2274,5.);
#580=VECTOR('',#2279,5.5);
#581=VECTOR('',#2284,5.);
#582=VECTOR('',#2289,5.5);
#583=VECTOR('',#2294,5.);
#584=VECTOR('',#2299,5.5);
#585=VECTOR('',#2304,5.);
#586=VECTOR('',#2309,5.5);
#587=VECTOR('',#2314,5.);
#588=VECTOR('',#2319,5.5);
#589=VECTOR('',#2324,5.);
#590=VECTOR('',#2329,5.5);
#591=VECTOR('',#2334,5.);
#592=VECTOR('',#2339,5.5);
#593=VECTOR('',#2344,5.);
#594=VECTOR('',#2349,5.5);
#595=VECTOR('',#2354,5.);
#596=VECTOR('',#2359,5.5);
#597=VECTOR('',#2364,5.);
#598=VECTOR('',#2369,5.5);
#599=VECTOR('',#2374,5.);
#600=VECTOR('',#2379,5.5);
#601=VECTOR('',#2384,5.);
#602=VECTOR('',#2391,2.75);
#603=VECTOR('',#2396,3.);
#604=VECTOR('',#2405,2.75);
#605=VECTOR('',#2410,3.);
#606=VECTOR('',#2419,2.75);
#607=VECTOR('',#2424,3.);
#608=VECTOR('',#2433,2.75);
#609=VECTOR('',#2438,3.);
#610=VECTOR('',#2445,10.);
#611=VECTOR('',#2446,10.);
#612=VECTOR('',#2447,10.);
#613=VECTOR('',#2448,10.);
#614=VECTOR('',#2451,10.);
#615=VECTOR('',#2452,10.);
#616=VECTOR('',#2453,10.);
#617=VECTOR('',#2456,10.);
#618=VECTOR('',#2457,10.);
#619=VECTOR('',#2458,10.);
#620=VECTOR('',#2461,10.);
#621=VECTOR('',#2462,10.);
#622=VECTOR('',#2475,10.);
#623=VECTOR('',#2476,10.);
#624=VECTOR('',#2477,10.);
#625=VECTOR('',#2482,10.);
#626=VECTOR('',#2485,10.);
#627=VECTOR('',#2486,10.);
#628=VECTOR('',#2491,10.);
#629=VECTOR('',#2494,10.);
#630=VECTOR('',#2495,10.);
#631=VECTOR('',#2500,10.);
#632=VECTOR('',#2503,10.);
#633=VECTOR('',#2504,10.);
#634=VECTOR('',#2511,10.);
#635=VECTOR('',#2514,10.);
#636=VECTOR('',#2517,10.);
#637=VECTOR('',#2518,10.);
#638=VECTOR('',#2521,10.);
#639=VECTOR('',#2526,10.);
#640=VECTOR('',#2527,10.);
#641=VECTOR('',#2530,1.75);
#642=VECTOR('',#2533,1.75);
#643=VECTOR('',#2536,1.75000000000001);
#644=VECTOR('',#2539,1.75);
#645=VECTOR('',#2544,10.);
#646=VECTOR('',#2547,10.);
#647=VECTOR('',#2548,10.);
#648=VECTOR('',#2551,10.);
#649=VECTOR('',#2554,10.);
#650=VECTOR('',#2557,10.);
#651=VECTOR('',#2562,10.);
#652=VECTOR('',#2565,10.);
#653=VECTOR('',#2568,10.);
#654=VECTOR('',#2573,10.);
#655=VECTOR('',#2574,10.);
#656=VECTOR('',#2577,10.);
#657=VECTOR('',#2578,10.);
#658=VECTOR('',#2581,10.);
#659=VECTOR('',#2584,10.);
#660=VECTOR('',#2587,10.);
#661=VECTOR('',#2592,10.);
#662=VECTOR('',#2595,10.);
#663=VECTOR('',#2598,10.);
#664=VECTOR('',#2599,10.);
#665=VECTOR('',#2604,10.);
#666=CIRCLE('',#1817,6.);
#667=CIRCLE('',#1818,5.);
#668=CIRCLE('',#1820,2.);
#669=CIRCLE('',#1821,2.);
#670=CIRCLE('',#1822,2.);
#671=CIRCLE('',#1823,2.);
#672=CIRCLE('',#1824,6.);
#673=CIRCLE('',#1825,6.);
#674=CIRCLE('',#1826,6.);
#675=CIRCLE('',#1827,6.);
#676=CIRCLE('',#1828,6.);
#677=CIRCLE('',#1829,6.);
#678=CIRCLE('',#1830,6.);
#679=CIRCLE('',#1831,6.);
#680=CIRCLE('',#1832,6.);
#681=CIRCLE('',#1833,6.);
#682=CIRCLE('',#1834,6.);
#683=CIRCLE('',#1835,6.);
#684=CIRCLE('',#1836,6.);
#685=CIRCLE('',#1837,3.);
#686=CIRCLE('',#1838,3.);
#687=CIRCLE('',#1839,3.);
#688=CIRCLE('',#1840,3.);
#689=CIRCLE('',#1841,6.);
#690=CIRCLE('',#1842,6.);
#691=CIRCLE('',#1843,6.);
#692=CIRCLE('',#1844,6.);
#693=CIRCLE('',#1845,6.);
#694=CIRCLE('',#1846,6.);
#695=CIRCLE('',#1847,6.);
#696=CIRCLE('',#1848,6.);
#697=CIRCLE('',#1849,6.);
#698=CIRCLE('',#1850,6.);
#699=CIRCLE('',#1851,6.);
#700=CIRCLE('',#1852,6.);
#701=CIRCLE('',#1853,6.);
#702=CIRCLE('',#1855,5.);
#703=CIRCLE('',#1857,5.);
#704=CIRCLE('',#1859,5.);
#705=CIRCLE('',#1861,5.);
#706=CIRCLE('',#1863,5.);
#707=CIRCLE('',#1865,5.);
#708=CIRCLE('',#1867,5.);
#709=CIRCLE('',#1869,5.);
#710=CIRCLE('',#1871,5.);
#711=CIRCLE('',#1873,5.);
#712=CIRCLE('',#1875,5.);
#713=CIRCLE('',#1877,5.);
#714=CIRCLE('',#1879,5.);
#715=CIRCLE('',#1881,5.);
#716=CIRCLE('',#1883,5.);
#717=CIRCLE('',#1885,5.);
#718=CIRCLE('',#1887,5.);
#719=CIRCLE('',#1889,5.);
#720=CIRCLE('',#1891,5.);
#721=CIRCLE('',#1893,5.);
#722=CIRCLE('',#1895,5.);
#723=CIRCLE('',#1897,5.);
#724=CIRCLE('',#1899,5.);
#725=CIRCLE('',#1901,5.);
#726=CIRCLE('',#1903,5.);
#727=CIRCLE('',#1905,5.);
#728=CIRCLE('',#1907,5.);
#729=CIRCLE('',#1909,5.);
#730=CIRCLE('',#1911,5.);
#731=CIRCLE('',#1913,5.);
#732=CIRCLE('',#1915,5.);
#733=CIRCLE('',#1917,5.);
#734=CIRCLE('',#1919,5.);
#735=CIRCLE('',#1921,5.);
#736=CIRCLE('',#1923,5.);
#737=CIRCLE('',#1925,5.);
#738=CIRCLE('',#1927,5.);
#739=CIRCLE('',#1929,5.);
#740=CIRCLE('',#1931,5.);
#741=CIRCLE('',#1933,5.);
#742=CIRCLE('',#1935,5.);
#743=CIRCLE('',#1937,5.);
#744=CIRCLE('',#1939,5.);
#745=CIRCLE('',#1941,5.);
#746=CIRCLE('',#1943,5.);
#747=CIRCLE('',#1945,5.);
#748=CIRCLE('',#1947,5.);
#749=CIRCLE('',#1949,5.);
#750=CIRCLE('',#1951,5.);
#751=CIRCLE('',#1953,5.);
#752=CIRCLE('',#1955,5.);
#753=CIRCLE('',#1957,5.);
#754=CIRCLE('',#1959,5.);
#755=CIRCLE('',#1961,3.);
#756=CIRCLE('',#1962,2.5);
#757=CIRCLE('',#1965,1.75);
#758=CIRCLE('',#1967,3.);
#759=CIRCLE('',#1968,2.5);
#760=CIRCLE('',#1971,1.75);
#761=CIRCLE('',#1973,3.);
#762=CIRCLE('',#1974,2.5);
#763=CIRCLE('',#1977,1.75);
#764=CIRCLE('',#1979,3.);
#765=CIRCLE('',#1980,2.5);
#766=CIRCLE('',#1983,1.75000000000001);
#767=CIRCLE('',#1989,1.75);
#768=CIRCLE('',#1990,1.75);
#769=CIRCLE('',#1991,1.75000000000001);
#770=CIRCLE('',#1992,1.75);
#771=CIRCLE('',#1995,3.);
#772=CIRCLE('',#1998,3.);
#773=CIRCLE('',#2001,3.);
#774=CIRCLE('',#2004,3.);
#775=CIRCLE('',#2006,3.);
#776=CIRCLE('',#2009,3.);
#777=CIRCLE('',#2016,3.);
#778=CIRCLE('',#2017,3.);
#779=CIRCLE('',#2018,1.);
#780=CIRCLE('',#2019,1.);
#781=CIRCLE('',#2020,1.);
#782=CIRCLE('',#2021,1.);
#783=CIRCLE('',#2026,1.);
#784=CIRCLE('',#2029,1.);
#785=CIRCLE('',#2030,1.);
#786=CIRCLE('',#2031,1.);
#787=VERTEX_POINT('',#2611);
#788=VERTEX_POINT('',#2613);
#789=VERTEX_POINT('',#2617);
#790=VERTEX_POINT('',#2618);
#791=VERTEX_POINT('',#2620);
#792=VERTEX_POINT('',#2622);
#793=VERTEX_POINT('',#2624);
#794=VERTEX_POINT('',#2626);
#795=VERTEX_POINT('',#2628);
#796=VERTEX_POINT('',#2630);
#797=VERTEX_POINT('',#2633);
#798=VERTEX_POINT('',#2635);
#799=VERTEX_POINT('',#2637);
#800=VERTEX_POINT('',#2639);
#801=VERTEX_POINT('',#2641);
#802=VERTEX_POINT('',#2643);
#803=VERTEX_POINT('',#2645);
#804=VERTEX_POINT('',#2647);
#805=VERTEX_POINT('',#2649);
#806=VERTEX_POINT('',#2651);
#807=VERTEX_POINT('',#2653);
#808=VERTEX_POINT('',#2655);
#809=VERTEX_POINT('',#2657);
#810=VERTEX_POINT('',#2659);
#811=VERTEX_POINT('',#2661);
#812=VERTEX_POINT('',#2663);
#813=VERTEX_POINT('',#2665);
#814=VERTEX_POINT('',#2667);
#815=VERTEX_POINT('',#2669);
#816=VERTEX_POINT('',#2671);
#817=VERTEX_POINT('',#2673);
#818=VERTEX_POINT('',#2675);
#819=VERTEX_POINT('',#2677);
#820=VERTEX_POINT('',#2679);
#821=VERTEX_POINT('',#2681);
#822=VERTEX_POINT('',#2683);
#823=VERTEX_POINT('',#2685);
#824=VERTEX_POINT('',#2687);
#825=VERTEX_POINT('',#2689);
#826=VERTEX_POINT('',#2691);
#827=VERTEX_POINT('',#2694);
#828=VERTEX_POINT('',#2698);
#829=VERTEX_POINT('',#2702);
#830=VERTEX_POINT('',#2706);
#831=VERTEX_POINT('',#2710);
#832=VERTEX_POINT('',#2714);
#833=VERTEX_POINT('',#2718);
#834=VERTEX_POINT('',#2722);
#835=VERTEX_POINT('',#2726);
#836=VERTEX_POINT('',#2730);
#837=VERTEX_POINT('',#2734);
#838=VERTEX_POINT('',#2738);
#839=VERTEX_POINT('',#2742);
#840=VERTEX_POINT('',#2746);
#841=VERTEX_POINT('',#2750);
#842=VERTEX_POINT('',#2754);
#843=VERTEX_POINT('',#2758);
#844=VERTEX_POINT('',#2762);
#845=VERTEX_POINT('',#2766);
#846=VERTEX_POINT('',#2770);
#847=VERTEX_POINT('',#2774);
#848=VERTEX_POINT('',#2778);
#849=VERTEX_POINT('',#2782);
#850=VERTEX_POINT('',#2786);
#851=VERTEX_POINT('',#2790);
#852=VERTEX_POINT('',#2794);
#853=VERTEX_POINT('',#2798);
#854=VERTEX_POINT('',#2802);
#855=VERTEX_POINT('',#2806);
#856=VERTEX_POINT('',#2810);
#857=VERTEX_POINT('',#2814);
#858=VERTEX_POINT('',#2818);
#859=VERTEX_POINT('',#2822);
#860=VERTEX_POINT('',#2826);
#861=VERTEX_POINT('',#2830);
#862=VERTEX_POINT('',#2834);
#863=VERTEX_POINT('',#2838);
#864=VERTEX_POINT('',#2842);
#865=VERTEX_POINT('',#2846);
#866=VERTEX_POINT('',#2850);
#867=VERTEX_POINT('',#2854);
#868=VERTEX_POINT('',#2858);
#869=VERTEX_POINT('',#2862);
#870=VERTEX_POINT('',#2866);
#871=VERTEX_POINT('',#2870);
#872=VERTEX_POINT('',#2874);
#873=VERTEX_POINT('',#2878);
#874=VERTEX_POINT('',#2882);
#875=VERTEX_POINT('',#2886);
#876=VERTEX_POINT('',#2890);
#877=VERTEX_POINT('',#2894);
#878=VERTEX_POINT('',#2898);
#879=VERTEX_POINT('',#2902);
#880=VERTEX_POINT('',#2906);
#881=VERTEX_POINT('',#2908);
#882=VERTEX_POINT('',#2914);
#883=VERTEX_POINT('',#2917);
#884=VERTEX_POINT('',#2919);
#885=VERTEX_POINT('',#2925);
#886=VERTEX_POINT('',#2928);
#887=VERTEX_POINT('',#2930);
#888=VERTEX_POINT('',#2936);
#889=VERTEX_POINT('',#2939);
#890=VERTEX_POINT('',#2941);
#891=VERTEX_POINT('',#2947);
#892=VERTEX_POINT('',#2950);
#893=VERTEX_POINT('',#2951);
#894=VERTEX_POINT('',#2953);
#895=VERTEX_POINT('',#2955);
#896=VERTEX_POINT('',#2959);
#897=VERTEX_POINT('',#2961);
#898=VERTEX_POINT('',#2965);
#899=VERTEX_POINT('',#2967);
#900=VERTEX_POINT('',#2974);
#901=VERTEX_POINT('',#2976);
#902=VERTEX_POINT('',#2978);
#903=VERTEX_POINT('',#2980);
#904=VERTEX_POINT('',#2983);
#905=VERTEX_POINT('',#2985);
#906=VERTEX_POINT('',#2989);
#907=VERTEX_POINT('',#2993);
#908=VERTEX_POINT('',#2997);
#909=VERTEX_POINT('',#3001);
#910=VERTEX_POINT('',#3005);
#911=VERTEX_POINT('',#3009);
#912=VERTEX_POINT('',#3015);
#913=VERTEX_POINT('',#3017);
#914=VERTEX_POINT('',#3021);
#915=VERTEX_POINT('',#3025);
#916=VERTEX_POINT('',#3029);
#917=VERTEX_POINT('',#3041);
#918=VERTEX_POINT('',#3043);
#919=VERTEX_POINT('',#3045);
#920=VERTEX_POINT('',#3048);
#921=VERTEX_POINT('',#3049);
#922=VERTEX_POINT('',#3051);
#923=VERTEX_POINT('',#3053);
#924=VERTEX_POINT('',#3055);
#925=VERTEX_POINT('',#3057);
#926=VERTEX_POINT('',#3059);
#927=VERTEX_POINT('',#3061);
#928=VERTEX_POINT('',#3071);
#929=VERTEX_POINT('',#3072);
#930=VERTEX_POINT('',#3077);
#931=VERTEX_POINT('',#3081);
#932=VERTEX_POINT('',#3083);
#933=VERTEX_POINT('',#3085);
#934=VERTEX_POINT('',#3087);
#935=VERTEX_POINT('',#3089);
#936=EDGE_CURVE('',#787,#787,#666,.T.);
#937=EDGE_CURVE('',#787,#788,#422,.T.);
#938=EDGE_CURVE('',#788,#788,#667,.T.);
#939=EDGE_CURVE('',#789,#790,#423,.T.);
#940=EDGE_CURVE('',#791,#789,#668,.T.);
#941=EDGE_CURVE('',#792,#791,#424,.T.);
#942=EDGE_CURVE('',#793,#792,#669,.T.);
#943=EDGE_CURVE('',#794,#793,#425,.T.);
#944=EDGE_CURVE('',#795,#794,#670,.T.);
#945=EDGE_CURVE('',#796,#795,#426,.T.);
#946=EDGE_CURVE('',#790,#796,#671,.T.);
#947=EDGE_CURVE('',#797,#797,#672,.T.);
#948=EDGE_CURVE('',#798,#798,#673,.T.);
#949=EDGE_CURVE('',#799,#799,#674,.T.);
#950=EDGE_CURVE('',#800,#800,#675,.T.);
#951=EDGE_CURVE('',#801,#801,#676,.T.);
#952=EDGE_CURVE('',#802,#802,#677,.T.);
#953=EDGE_CURVE('',#803,#803,#678,.T.);
#954=EDGE_CURVE('',#804,#804,#679,.T.);
#955=EDGE_CURVE('',#805,#805,#680,.T.);
#956=EDGE_CURVE('',#806,#806,#681,.T.);
#957=EDGE_CURVE('',#807,#807,#682,.T.);
#958=EDGE_CURVE('',#808,#808,#683,.T.);
#959=EDGE_CURVE('',#809,#809,#684,.T.);
#960=EDGE_CURVE('',#810,#810,#685,.T.);
#961=EDGE_CURVE('',#811,#811,#686,.T.);
#962=EDGE_CURVE('',#812,#812,#687,.T.);
#963=EDGE_CURVE('',#813,#813,#688,.T.);
#964=EDGE_CURVE('',#814,#814,#689,.T.);
#965=EDGE_CURVE('',#815,#815,#690,.T.);
#966=EDGE_CURVE('',#816,#816,#691,.T.);
#967=EDGE_CURVE('',#817,#817,#692,.T.);
#968=EDGE_CURVE('',#818,#818,#693,.T.);
#969=EDGE_CURVE('',#819,#819,#694,.T.);
#970=EDGE_CURVE('',#820,#820,#695,.T.);
#971=EDGE_CURVE('',#821,#821,#696,.T.);
#972=EDGE_CURVE('',#822,#822,#697,.T.);
#973=EDGE_CURVE('',#823,#823,#698,.T.);
#974=EDGE_CURVE('',#824,#824,#699,.T.);
#975=EDGE_CURVE('',#825,#825,#700,.T.);
#976=EDGE_CURVE('',#826,#826,#701,.T.);
#977=EDGE_CURVE('',#788,#827,#427,.T.);
#978=EDGE_CURVE('',#827,#827,#702,.T.);
#979=EDGE_CURVE('',#797,#828,#428,.T.);
#980=EDGE_CURVE('',#828,#828,#703,.T.);
#981=EDGE_CURVE('',#828,#829,#429,.T.);
#982=EDGE_CURVE('',#829,#829,#704,.T.);
#983=EDGE_CURVE('',#826,#830,#430,.T.);
#984=EDGE_CURVE('',#830,#830,#705,.T.);
#985=EDGE_CURVE('',#830,#831,#431,.T.);
#986=EDGE_CURVE('',#831,#831,#706,.T.);
#987=EDGE_CURVE('',#798,#832,#432,.T.);
#988=EDGE_CURVE('',#832,#832,#707,.T.);
#989=EDGE_CURVE('',#832,#833,#433,.T.);
#990=EDGE_CURVE('',#833,#833,#708,.T.);
#991=EDGE_CURVE('',#825,#834,#434,.T.);
#992=EDGE_CURVE('',#834,#834,#709,.T.);
#993=EDGE_CURVE('',#834,#835,#435,.T.);
#994=EDGE_CURVE('',#835,#835,#710,.T.);
#995=EDGE_CURVE('',#799,#836,#436,.T.);
#996=EDGE_CURVE('',#836,#836,#711,.T.);
#997=EDGE_CURVE('',#836,#837,#437,.T.);
#998=EDGE_CURVE('',#837,#837,#712,.T.);
#999=EDGE_CURVE('',#824,#838,#438,.T.);
#1000=EDGE_CURVE('',#838,#838,#713,.T.);
#1001=EDGE_CURVE('',#838,#839,#439,.T.);
#1002=EDGE_CURVE('',#839,#839,#714,.T.);
#1003=EDGE_CURVE('',#800,#840,#440,.T.);
#1004=EDGE_CURVE('',#840,#840,#715,.T.);
#1005=EDGE_CURVE('',#840,#841,#441,.T.);
#1006=EDGE_CURVE('',#841,#841,#716,.T.);
#1007=EDGE_CURVE('',#823,#842,#442,.T.);
#1008=EDGE_CURVE('',#842,#842,#717,.T.);
#1009=EDGE_CURVE('',#842,#843,#443,.T.);
#1010=EDGE_CURVE('',#843,#843,#718,.T.);
#1011=EDGE_CURVE('',#801,#844,#444,.T.);
#1012=EDGE_CURVE('',#844,#844,#719,.T.);
#1013=EDGE_CURVE('',#844,#845,#445,.T.);
#1014=EDGE_CURVE('',#845,#845,#720,.T.);
#1015=EDGE_CURVE('',#822,#846,#446,.T.);
#1016=EDGE_CURVE('',#846,#846,#721,.T.);
#1017=EDGE_CURVE('',#846,#847,#447,.T.);
#1018=EDGE_CURVE('',#847,#847,#722,.T.);
#1019=EDGE_CURVE('',#802,#848,#448,.T.);
#1020=EDGE_CURVE('',#848,#848,#723,.T.);
#1021=EDGE_CURVE('',#848,#849,#449,.T.);
#1022=EDGE_CURVE('',#849,#849,#724,.T.);
#1023=EDGE_CURVE('',#821,#850,#450,.T.);
#1024=EDGE_CURVE('',#850,#850,#725,.T.);
#1025=EDGE_CURVE('',#850,#851,#451,.T.);
#1026=EDGE_CURVE('',#851,#851,#726,.T.);
#1027=EDGE_CURVE('',#803,#852,#452,.T.);
#1028=EDGE_CURVE('',#852,#852,#727,.T.);
#1029=EDGE_CURVE('',#852,#853,#453,.T.);
#1030=EDGE_CURVE('',#853,#853,#728,.T.);
#1031=EDGE_CURVE('',#820,#854,#454,.T.);
#1032=EDGE_CURVE('',#854,#854,#729,.T.);
#1033=EDGE_CURVE('',#854,#855,#455,.T.);
#1034=EDGE_CURVE('',#855,#855,#730,.T.);
#1035=EDGE_CURVE('',#804,#856,#456,.T.);
#1036=EDGE_CURVE('',#856,#856,#731,.T.);
#1037=EDGE_CURVE('',#856,#857,#457,.T.);
#1038=EDGE_CURVE('',#857,#857,#732,.T.);
#1039=EDGE_CURVE('',#819,#858,#458,.T.);
#1040=EDGE_CURVE('',#858,#858,#733,.T.);
#1041=EDGE_CURVE('',#858,#859,#459,.T.);
#1042=EDGE_CURVE('',#859,#859,#734,.T.);
#1043=EDGE_CURVE('',#805,#860,#460,.T.);
#1044=EDGE_CURVE('',#860,#860,#735,.T.);
#1045=EDGE_CURVE('',#860,#861,#461,.T.);
#1046=EDGE_CURVE('',#861,#861,#736,.T.);
#1047=EDGE_CURVE('',#818,#862,#462,.T.);
#1048=EDGE_CURVE('',#862,#862,#737,.T.);
#1049=EDGE_CURVE('',#862,#863,#463,.T.);
#1050=EDGE_CURVE('',#863,#863,#738,.T.);
#1051=EDGE_CURVE('',#806,#864,#464,.T.);
#1052=EDGE_CURVE('',#864,#864,#739,.T.);
#1053=EDGE_CURVE('',#864,#865,#465,.T.);
#1054=EDGE_CURVE('',#865,#865,#740,.T.);
#1055=EDGE_CURVE('',#817,#866,#466,.T.);
#1056=EDGE_CURVE('',#866,#866,#741,.T.);
#1057=EDGE_CURVE('',#866,#867,#467,.T.);
#1058=EDGE_CURVE('',#867,#867,#742,.T.);
#1059=EDGE_CURVE('',#807,#868,#468,.T.);
#1060=EDGE_CURVE('',#868,#868,#743,.T.);
#1061=EDGE_CURVE('',#868,#869,#469,.T.);
#1062=EDGE_CURVE('',#869,#869,#744,.T.);
#1063=EDGE_CURVE('',#816,#870,#470,.T.);
#1064=EDGE_CURVE('',#870,#870,#745,.T.);
#1065=EDGE_CURVE('',#870,#871,#471,.T.);
#1066=EDGE_CURVE('',#871,#871,#746,.T.);
#1067=EDGE_CURVE('',#808,#872,#472,.T.);
#1068=EDGE_CURVE('',#872,#872,#747,.T.);
#1069=EDGE_CURVE('',#872,#873,#473,.T.);
#1070=EDGE_CURVE('',#873,#873,#748,.T.);
#1071=EDGE_CURVE('',#815,#874,#474,.T.);
#1072=EDGE_CURVE('',#874,#874,#749,.T.);
#1073=EDGE_CURVE('',#874,#875,#475,.T.);
#1074=EDGE_CURVE('',#875,#875,#750,.T.);
#1075=EDGE_CURVE('',#809,#876,#476,.T.);
#1076=EDGE_CURVE('',#876,#876,#751,.T.);
#1077=EDGE_CURVE('',#876,#877,#477,.T.);
#1078=EDGE_CURVE('',#877,#877,#752,.T.);
#1079=EDGE_CURVE('',#814,#878,#478,.T.);
#1080=EDGE_CURVE('',#878,#878,#753,.T.);
#1081=EDGE_CURVE('',#878,#879,#479,.T.);
#1082=EDGE_CURVE('',#879,#879,#754,.T.);
#1083=EDGE_CURVE('',#880,#880,#755,.T.);
#1084=EDGE_CURVE('',#880,#881,#480,.T.);
#1085=EDGE_CURVE('',#881,#881,#756,.T.);
#1086=EDGE_CURVE('',#812,#880,#481,.T.);
#1087=EDGE_CURVE('',#882,#882,#757,.T.);
#1088=EDGE_CURVE('',#883,#883,#758,.T.);
#1089=EDGE_CURVE('',#883,#884,#482,.T.);
#1090=EDGE_CURVE('',#884,#884,#759,.T.);
#1091=EDGE_CURVE('',#810,#883,#483,.T.);
#1092=EDGE_CURVE('',#885,#885,#760,.T.);
#1093=EDGE_CURVE('',#886,#886,#761,.T.);
#1094=EDGE_CURVE('',#886,#887,#484,.T.);
#1095=EDGE_CURVE('',#887,#887,#762,.T.);
#1096=EDGE_CURVE('',#813,#886,#485,.T.);
#1097=EDGE_CURVE('',#888,#888,#763,.T.);
#1098=EDGE_CURVE('',#889,#889,#764,.T.);
#1099=EDGE_CURVE('',#889,#890,#486,.T.);
#1100=EDGE_CURVE('',#890,#890,#765,.T.);
#1101=EDGE_CURVE('',#811,#889,#487,.T.);
#1102=EDGE_CURVE('',#891,#891,#766,.T.);
#1103=EDGE_CURVE('',#892,#893,#488,.T.);
#1104=EDGE_CURVE('',#894,#893,#489,.T.);
#1105=EDGE_CURVE('',#895,#894,#490,.T.);
#1106=EDGE_CURVE('',#895,#892,#491,.T.);
#1107=EDGE_CURVE('',#896,#892,#492,.T.);
#1108=EDGE_CURVE('',#897,#895,#493,.T.);
#1109=EDGE_CURVE('',#897,#896,#494,.T.);
#1110=EDGE_CURVE('',#898,#896,#495,.T.);
#1111=EDGE_CURVE('',#899,#897,#496,.T.);
#1112=EDGE_CURVE('',#899,#898,#497,.T.);
#1113=EDGE_CURVE('',#893,#898,#498,.T.);
#1114=EDGE_CURVE('',#894,#899,#499,.T.);
#1115=EDGE_CURVE('',#900,#900,#767,.T.);
#1116=EDGE_CURVE('',#901,#901,#768,.T.);
#1117=EDGE_CURVE('',#902,#902,#769,.T.);
#1118=EDGE_CURVE('',#903,#903,#770,.T.);
#1119=EDGE_CURVE('',#904,#789,#500,.T.);
#1120=EDGE_CURVE('',#790,#905,#501,.T.);
#1121=EDGE_CURVE('',#905,#904,#502,.T.);
#1122=EDGE_CURVE('',#904,#906,#771,.T.);
#1123=EDGE_CURVE('',#906,#791,#503,.T.);
#1124=EDGE_CURVE('',#907,#792,#504,.T.);
#1125=EDGE_CURVE('',#906,#907,#505,.T.);
#1126=EDGE_CURVE('',#907,#908,#772,.T.);
#1127=EDGE_CURVE('',#908,#793,#506,.T.);
#1128=EDGE_CURVE('',#909,#794,#507,.T.);
#1129=EDGE_CURVE('',#908,#909,#508,.T.);
#1130=EDGE_CURVE('',#909,#910,#773,.T.);
#1131=EDGE_CURVE('',#910,#795,#509,.T.);
#1132=EDGE_CURVE('',#911,#796,#510,.T.);
#1133=EDGE_CURVE('',#910,#911,#511,.T.);
#1134=EDGE_CURVE('',#911,#905,#774,.T.);
#1135=EDGE_CURVE('',#907,#912,#512,.T.);
#1136=EDGE_CURVE('',#912,#913,#775,.T.);
#1137=EDGE_CURVE('',#913,#908,#513,.T.);
#1138=EDGE_CURVE('',#914,#906,#514,.T.);
#1139=EDGE_CURVE('',#914,#912,#515,.T.);
#1140=EDGE_CURVE('',#904,#915,#516,.T.);
#1141=EDGE_CURVE('',#915,#914,#776,.T.);
#1142=EDGE_CURVE('',#916,#905,#517,.T.);
#1143=EDGE_CURVE('',#915,#916,#518,.T.);
#1144=EDGE_CURVE('',#888,#900,#519,.T.);
#1145=EDGE_CURVE('',#882,#901,#520,.T.);
#1146=EDGE_CURVE('',#891,#902,#521,.T.);
#1147=EDGE_CURVE('',#885,#903,#522,.T.);
#1148=EDGE_CURVE('',#917,#916,#777,.T.);
#1149=EDGE_CURVE('',#918,#917,#523,.T.);
#1150=EDGE_CURVE('',#919,#918,#778,.T.);
#1151=EDGE_CURVE('',#913,#919,#524,.T.);
#1152=EDGE_CURVE('',#920,#921,#525,.T.);
#1153=EDGE_CURVE('',#922,#921,#779,.F.);
#1154=EDGE_CURVE('',#922,#923,#526,.T.);
#1155=EDGE_CURVE('',#924,#923,#780,.F.);
#1156=EDGE_CURVE('',#924,#925,#527,.T.);
#1157=EDGE_CURVE('',#926,#925,#781,.F.);
#1158=EDGE_CURVE('',#926,#927,#528,.T.);
#1159=EDGE_CURVE('',#920,#927,#782,.F.);
#1160=EDGE_CURVE('',#911,#917,#529,.T.);
#1161=EDGE_CURVE('',#918,#910,#530,.T.);
#1162=EDGE_CURVE('',#909,#919,#531,.T.);
#1163=EDGE_CURVE('',#928,#929,#783,.T.);
#1164=EDGE_CURVE('',#929,#922,#532,.T.);
#1165=EDGE_CURVE('',#921,#928,#533,.T.);
#1166=EDGE_CURVE('',#930,#929,#534,.T.);
#1167=EDGE_CURVE('',#923,#930,#535,.T.);
#1168=EDGE_CURVE('',#928,#931,#536,.T.);
#1169=EDGE_CURVE('',#932,#931,#784,.T.);
#1170=EDGE_CURVE('',#932,#933,#537,.T.);
#1171=EDGE_CURVE('',#934,#933,#785,.T.);
#1172=EDGE_CURVE('',#934,#935,#538,.T.);
#1173=EDGE_CURVE('',#930,#935,#786,.T.);
#1174=EDGE_CURVE('',#935,#924,#539,.T.);
#1175=EDGE_CURVE('',#925,#934,#540,.T.);
#1176=EDGE_CURVE('',#931,#920,#541,.T.);
#1177=EDGE_CURVE('',#927,#932,#542,.T.);
#1178=EDGE_CURVE('',#933,#926,#543,.T.);
#1179=ORIENTED_EDGE('',*,*,#936,.T.);
#1180=ORIENTED_EDGE('',*,*,#937,.T.);
#1181=ORIENTED_EDGE('',*,*,#938,.T.);
#1182=ORIENTED_EDGE('',*,*,#937,.F.);
#1183=ORIENTED_EDGE('',*,*,#939,.F.);
#1184=ORIENTED_EDGE('',*,*,#940,.F.);
#1185=ORIENTED_EDGE('',*,*,#941,.F.);
#1186=ORIENTED_EDGE('',*,*,#942,.F.);
#1187=ORIENTED_EDGE('',*,*,#943,.F.);
#1188=ORIENTED_EDGE('',*,*,#944,.F.);
#1189=ORIENTED_EDGE('',*,*,#945,.F.);
#1190=ORIENTED_EDGE('',*,*,#946,.F.);
#1191=ORIENTED_EDGE('',*,*,#947,.F.);
#1192=ORIENTED_EDGE('',*,*,#948,.F.);
#1193=ORIENTED_EDGE('',*,*,#949,.F.);
#1194=ORIENTED_EDGE('',*,*,#950,.F.);
#1195=ORIENTED_EDGE('',*,*,#951,.F.);
#1196=ORIENTED_EDGE('',*,*,#952,.F.);
#1197=ORIENTED_EDGE('',*,*,#953,.F.);
#1198=ORIENTED_EDGE('',*,*,#954,.F.);
#1199=ORIENTED_EDGE('',*,*,#955,.F.);
#1200=ORIENTED_EDGE('',*,*,#956,.F.);
#1201=ORIENTED_EDGE('',*,*,#957,.F.);
#1202=ORIENTED_EDGE('',*,*,#958,.F.);
#1203=ORIENTED_EDGE('',*,*,#959,.F.);
#1204=ORIENTED_EDGE('',*,*,#960,.T.);
#1205=ORIENTED_EDGE('',*,*,#961,.T.);
#1206=ORIENTED_EDGE('',*,*,#962,.T.);
#1207=ORIENTED_EDGE('',*,*,#963,.T.);
#1208=ORIENTED_EDGE('',*,*,#964,.F.);
#1209=ORIENTED_EDGE('',*,*,#965,.F.);
#1210=ORIENTED_EDGE('',*,*,#966,.F.);
#1211=ORIENTED_EDGE('',*,*,#967,.F.);
#1212=ORIENTED_EDGE('',*,*,#968,.F.);
#1213=ORIENTED_EDGE('',*,*,#969,.F.);
#1214=ORIENTED_EDGE('',*,*,#970,.F.);
#1215=ORIENTED_EDGE('',*,*,#971,.F.);
#1216=ORIENTED_EDGE('',*,*,#972,.F.);
#1217=ORIENTED_EDGE('',*,*,#973,.F.);
#1218=ORIENTED_EDGE('',*,*,#974,.F.);
#1219=ORIENTED_EDGE('',*,*,#975,.F.);
#1220=ORIENTED_EDGE('',*,*,#976,.F.);
#1221=ORIENTED_EDGE('',*,*,#936,.F.);
#1222=ORIENTED_EDGE('',*,*,#938,.F.);
#1223=ORIENTED_EDGE('',*,*,#977,.T.);
#1224=ORIENTED_EDGE('',*,*,#978,.T.);
#1225=ORIENTED_EDGE('',*,*,#977,.F.);
#1226=ORIENTED_EDGE('',*,*,#947,.T.);
#1227=ORIENTED_EDGE('',*,*,#979,.T.);
#1228=ORIENTED_EDGE('',*,*,#980,.T.);
#1229=ORIENTED_EDGE('',*,*,#979,.F.);
#1230=ORIENTED_EDGE('',*,*,#980,.F.);
#1231=ORIENTED_EDGE('',*,*,#981,.T.);
#1232=ORIENTED_EDGE('',*,*,#982,.T.);
#1233=ORIENTED_EDGE('',*,*,#981,.F.);
#1234=ORIENTED_EDGE('',*,*,#976,.T.);
#1235=ORIENTED_EDGE('',*,*,#983,.T.);
#1236=ORIENTED_EDGE('',*,*,#984,.T.);
#1237=ORIENTED_EDGE('',*,*,#983,.F.);
#1238=ORIENTED_EDGE('',*,*,#984,.F.);
#1239=ORIENTED_EDGE('',*,*,#985,.T.);
#1240=ORIENTED_EDGE('',*,*,#986,.T.);
#1241=ORIENTED_EDGE('',*,*,#985,.F.);
#1242=ORIENTED_EDGE('',*,*,#948,.T.);
#1243=ORIENTED_EDGE('',*,*,#987,.T.);
#1244=ORIENTED_EDGE('',*,*,#988,.T.);
#1245=ORIENTED_EDGE('',*,*,#987,.F.);
#1246=ORIENTED_EDGE('',*,*,#988,.F.);
#1247=ORIENTED_EDGE('',*,*,#989,.T.);
#1248=ORIENTED_EDGE('',*,*,#990,.T.);
#1249=ORIENTED_EDGE('',*,*,#989,.F.);
#1250=ORIENTED_EDGE('',*,*,#975,.T.);
#1251=ORIENTED_EDGE('',*,*,#991,.T.);
#1252=ORIENTED_EDGE('',*,*,#992,.T.);
#1253=ORIENTED_EDGE('',*,*,#991,.F.);
#1254=ORIENTED_EDGE('',*,*,#992,.F.);
#1255=ORIENTED_EDGE('',*,*,#993,.T.);
#1256=ORIENTED_EDGE('',*,*,#994,.T.);
#1257=ORIENTED_EDGE('',*,*,#993,.F.);
#1258=ORIENTED_EDGE('',*,*,#949,.T.);
#1259=ORIENTED_EDGE('',*,*,#995,.T.);
#1260=ORIENTED_EDGE('',*,*,#996,.T.);
#1261=ORIENTED_EDGE('',*,*,#995,.F.);
#1262=ORIENTED_EDGE('',*,*,#996,.F.);
#1263=ORIENTED_EDGE('',*,*,#997,.T.);
#1264=ORIENTED_EDGE('',*,*,#998,.T.);
#1265=ORIENTED_EDGE('',*,*,#997,.F.);
#1266=ORIENTED_EDGE('',*,*,#974,.T.);
#1267=ORIENTED_EDGE('',*,*,#999,.T.);
#1268=ORIENTED_EDGE('',*,*,#1000,.T.);
#1269=ORIENTED_EDGE('',*,*,#999,.F.);
#1270=ORIENTED_EDGE('',*,*,#1000,.F.);
#1271=ORIENTED_EDGE('',*,*,#1001,.T.);
#1272=ORIENTED_EDGE('',*,*,#1002,.T.);
#1273=ORIENTED_EDGE('',*,*,#1001,.F.);
#1274=ORIENTED_EDGE('',*,*,#950,.T.);
#1275=ORIENTED_EDGE('',*,*,#1003,.T.);
#1276=ORIENTED_EDGE('',*,*,#1004,.T.);
#1277=ORIENTED_EDGE('',*,*,#1003,.F.);
#1278=ORIENTED_EDGE('',*,*,#1004,.F.);
#1279=ORIENTED_EDGE('',*,*,#1005,.T.);
#1280=ORIENTED_EDGE('',*,*,#1006,.T.);
#1281=ORIENTED_EDGE('',*,*,#1005,.F.);
#1282=ORIENTED_EDGE('',*,*,#973,.T.);
#1283=ORIENTED_EDGE('',*,*,#1007,.T.);
#1284=ORIENTED_EDGE('',*,*,#1008,.T.);
#1285=ORIENTED_EDGE('',*,*,#1007,.F.);
#1286=ORIENTED_EDGE('',*,*,#1008,.F.);
#1287=ORIENTED_EDGE('',*,*,#1009,.T.);
#1288=ORIENTED_EDGE('',*,*,#1010,.T.);
#1289=ORIENTED_EDGE('',*,*,#1009,.F.);
#1290=ORIENTED_EDGE('',*,*,#951,.T.);
#1291=ORIENTED_EDGE('',*,*,#1011,.T.);
#1292=ORIENTED_EDGE('',*,*,#1012,.T.);
#1293=ORIENTED_EDGE('',*,*,#1011,.F.);
#1294=ORIENTED_EDGE('',*,*,#1012,.F.);
#1295=ORIENTED_EDGE('',*,*,#1013,.T.);
#1296=ORIENTED_EDGE('',*,*,#1014,.T.);
#1297=ORIENTED_EDGE('',*,*,#1013,.F.);
#1298=ORIENTED_EDGE('',*,*,#972,.T.);
#1299=ORIENTED_EDGE('',*,*,#1015,.T.);
#1300=ORIENTED_EDGE('',*,*,#1016,.T.);
#1301=ORIENTED_EDGE('',*,*,#1015,.F.);
#1302=ORIENTED_EDGE('',*,*,#1016,.F.);
#1303=ORIENTED_EDGE('',*,*,#1017,.T.);
#1304=ORIENTED_EDGE('',*,*,#1018,.T.);
#1305=ORIENTED_EDGE('',*,*,#1017,.F.);
#1306=ORIENTED_EDGE('',*,*,#952,.T.);
#1307=ORIENTED_EDGE('',*,*,#1019,.T.);
#1308=ORIENTED_EDGE('',*,*,#1020,.T.);
#1309=ORIENTED_EDGE('',*,*,#1019,.F.);
#1310=ORIENTED_EDGE('',*,*,#1020,.F.);
#1311=ORIENTED_EDGE('',*,*,#1021,.T.);
#1312=ORIENTED_EDGE('',*,*,#1022,.T.);
#1313=ORIENTED_EDGE('',*,*,#1021,.F.);
#1314=ORIENTED_EDGE('',*,*,#971,.T.);
#1315=ORIENTED_EDGE('',*,*,#1023,.T.);
#1316=ORIENTED_EDGE('',*,*,#1024,.T.);
#1317=ORIENTED_EDGE('',*,*,#1023,.F.);
#1318=ORIENTED_EDGE('',*,*,#1024,.F.);
#1319=ORIENTED_EDGE('',*,*,#1025,.T.);
#1320=ORIENTED_EDGE('',*,*,#1026,.T.);
#1321=ORIENTED_EDGE('',*,*,#1025,.F.);
#1322=ORIENTED_EDGE('',*,*,#953,.T.);
#1323=ORIENTED_EDGE('',*,*,#1027,.T.);
#1324=ORIENTED_EDGE('',*,*,#1028,.T.);
#1325=ORIENTED_EDGE('',*,*,#1027,.F.);
#1326=ORIENTED_EDGE('',*,*,#1028,.F.);
#1327=ORIENTED_EDGE('',*,*,#1029,.T.);
#1328=ORIENTED_EDGE('',*,*,#1030,.T.);
#1329=ORIENTED_EDGE('',*,*,#1029,.F.);
#1330=ORIENTED_EDGE('',*,*,#970,.T.);
#1331=ORIENTED_EDGE('',*,*,#1031,.T.);
#1332=ORIENTED_EDGE('',*,*,#1032,.T.);
#1333=ORIENTED_EDGE('',*,*,#1031,.F.);
#1334=ORIENTED_EDGE('',*,*,#1032,.F.);
#1335=ORIENTED_EDGE('',*,*,#1033,.T.);
#1336=ORIENTED_EDGE('',*,*,#1034,.T.);
#1337=ORIENTED_EDGE('',*,*,#1033,.F.);
#1338=ORIENTED_EDGE('',*,*,#954,.T.);
#1339=ORIENTED_EDGE('',*,*,#1035,.T.);
#1340=ORIENTED_EDGE('',*,*,#1036,.T.);
#1341=ORIENTED_EDGE('',*,*,#1035,.F.);
#1342=ORIENTED_EDGE('',*,*,#1036,.F.);
#1343=ORIENTED_EDGE('',*,*,#1037,.T.);
#1344=ORIENTED_EDGE('',*,*,#1038,.T.);
#1345=ORIENTED_EDGE('',*,*,#1037,.F.);
#1346=ORIENTED_EDGE('',*,*,#969,.T.);
#1347=ORIENTED_EDGE('',*,*,#1039,.T.);
#1348=ORIENTED_EDGE('',*,*,#1040,.T.);
#1349=ORIENTED_EDGE('',*,*,#1039,.F.);
#1350=ORIENTED_EDGE('',*,*,#1040,.F.);
#1351=ORIENTED_EDGE('',*,*,#1041,.T.);
#1352=ORIENTED_EDGE('',*,*,#1042,.T.);
#1353=ORIENTED_EDGE('',*,*,#1041,.F.);
#1354=ORIENTED_EDGE('',*,*,#955,.T.);
#1355=ORIENTED_EDGE('',*,*,#1043,.T.);
#1356=ORIENTED_EDGE('',*,*,#1044,.T.);
#1357=ORIENTED_EDGE('',*,*,#1043,.F.);
#1358=ORIENTED_EDGE('',*,*,#1044,.F.);
#1359=ORIENTED_EDGE('',*,*,#1045,.T.);
#1360=ORIENTED_EDGE('',*,*,#1046,.T.);
#1361=ORIENTED_EDGE('',*,*,#1045,.F.);
#1362=ORIENTED_EDGE('',*,*,#968,.T.);
#1363=ORIENTED_EDGE('',*,*,#1047,.T.);
#1364=ORIENTED_EDGE('',*,*,#1048,.T.);
#1365=ORIENTED_EDGE('',*,*,#1047,.F.);
#1366=ORIENTED_EDGE('',*,*,#1048,.F.);
#1367=ORIENTED_EDGE('',*,*,#1049,.T.);
#1368=ORIENTED_EDGE('',*,*,#1050,.T.);
#1369=ORIENTED_EDGE('',*,*,#1049,.F.);
#1370=ORIENTED_EDGE('',*,*,#956,.T.);
#1371=ORIENTED_EDGE('',*,*,#1051,.T.);
#1372=ORIENTED_EDGE('',*,*,#1052,.T.);
#1373=ORIENTED_EDGE('',*,*,#1051,.F.);
#1374=ORIENTED_EDGE('',*,*,#1052,.F.);
#1375=ORIENTED_EDGE('',*,*,#1053,.T.);
#1376=ORIENTED_EDGE('',*,*,#1054,.T.);
#1377=ORIENTED_EDGE('',*,*,#1053,.F.);
#1378=ORIENTED_EDGE('',*,*,#967,.T.);
#1379=ORIENTED_EDGE('',*,*,#1055,.T.);
#1380=ORIENTED_EDGE('',*,*,#1056,.T.);
#1381=ORIENTED_EDGE('',*,*,#1055,.F.);
#1382=ORIENTED_EDGE('',*,*,#1056,.F.);
#1383=ORIENTED_EDGE('',*,*,#1057,.T.);
#1384=ORIENTED_EDGE('',*,*,#1058,.T.);
#1385=ORIENTED_EDGE('',*,*,#1057,.F.);
#1386=ORIENTED_EDGE('',*,*,#957,.T.);
#1387=ORIENTED_EDGE('',*,*,#1059,.T.);
#1388=ORIENTED_EDGE('',*,*,#1060,.T.);
#1389=ORIENTED_EDGE('',*,*,#1059,.F.);
#1390=ORIENTED_EDGE('',*,*,#1060,.F.);
#1391=ORIENTED_EDGE('',*,*,#1061,.T.);
#1392=ORIENTED_EDGE('',*,*,#1062,.T.);
#1393=ORIENTED_EDGE('',*,*,#1061,.F.);
#1394=ORIENTED_EDGE('',*,*,#966,.T.);
#1395=ORIENTED_EDGE('',*,*,#1063,.T.);
#1396=ORIENTED_EDGE('',*,*,#1064,.T.);
#1397=ORIENTED_EDGE('',*,*,#1063,.F.);
#1398=ORIENTED_EDGE('',*,*,#1064,.F.);
#1399=ORIENTED_EDGE('',*,*,#1065,.T.);
#1400=ORIENTED_EDGE('',*,*,#1066,.T.);
#1401=ORIENTED_EDGE('',*,*,#1065,.F.);
#1402=ORIENTED_EDGE('',*,*,#958,.T.);
#1403=ORIENTED_EDGE('',*,*,#1067,.T.);
#1404=ORIENTED_EDGE('',*,*,#1068,.T.);
#1405=ORIENTED_EDGE('',*,*,#1067,.F.);
#1406=ORIENTED_EDGE('',*,*,#1068,.F.);
#1407=ORIENTED_EDGE('',*,*,#1069,.T.);
#1408=ORIENTED_EDGE('',*,*,#1070,.T.);
#1409=ORIENTED_EDGE('',*,*,#1069,.F.);
#1410=ORIENTED_EDGE('',*,*,#965,.T.);
#1411=ORIENTED_EDGE('',*,*,#1071,.T.);
#1412=ORIENTED_EDGE('',*,*,#1072,.T.);
#1413=ORIENTED_EDGE('',*,*,#1071,.F.);
#1414=ORIENTED_EDGE('',*,*,#1072,.F.);
#1415=ORIENTED_EDGE('',*,*,#1073,.T.);
#1416=ORIENTED_EDGE('',*,*,#1074,.T.);
#1417=ORIENTED_EDGE('',*,*,#1073,.F.);
#1418=ORIENTED_EDGE('',*,*,#959,.T.);
#1419=ORIENTED_EDGE('',*,*,#1075,.T.);
#1420=ORIENTED_EDGE('',*,*,#1076,.T.);
#1421=ORIENTED_EDGE('',*,*,#1075,.F.);
#1422=ORIENTED_EDGE('',*,*,#1076,.F.);
#1423=ORIENTED_EDGE('',*,*,#1077,.T.);
#1424=ORIENTED_EDGE('',*,*,#1078,.T.);
#1425=ORIENTED_EDGE('',*,*,#1077,.F.);
#1426=ORIENTED_EDGE('',*,*,#964,.T.);
#1427=ORIENTED_EDGE('',*,*,#1079,.T.);
#1428=ORIENTED_EDGE('',*,*,#1080,.T.);
#1429=ORIENTED_EDGE('',*,*,#1079,.F.);
#1430=ORIENTED_EDGE('',*,*,#1080,.F.);
#1431=ORIENTED_EDGE('',*,*,#1081,.T.);
#1432=ORIENTED_EDGE('',*,*,#1082,.T.);
#1433=ORIENTED_EDGE('',*,*,#1081,.F.);
#1434=ORIENTED_EDGE('',*,*,#1083,.T.);
#1435=ORIENTED_EDGE('',*,*,#1084,.T.);
#1436=ORIENTED_EDGE('',*,*,#1085,.T.);
#1437=ORIENTED_EDGE('',*,*,#1084,.F.);
#1438=ORIENTED_EDGE('',*,*,#962,.F.);
#1439=ORIENTED_EDGE('',*,*,#1086,.T.);
#1440=ORIENTED_EDGE('',*,*,#1083,.F.);
#1441=ORIENTED_EDGE('',*,*,#1086,.F.);
#1442=ORIENTED_EDGE('',*,*,#1085,.F.);
#1443=ORIENTED_EDGE('',*,*,#1087,.F.);
#1444=ORIENTED_EDGE('',*,*,#1088,.T.);
#1445=ORIENTED_EDGE('',*,*,#1089,.T.);
#1446=ORIENTED_EDGE('',*,*,#1090,.T.);
#1447=ORIENTED_EDGE('',*,*,#1089,.F.);
#1448=ORIENTED_EDGE('',*,*,#960,.F.);
#1449=ORIENTED_EDGE('',*,*,#1091,.T.);
#1450=ORIENTED_EDGE('',*,*,#1088,.F.);
#1451=ORIENTED_EDGE('',*,*,#1091,.F.);
#1452=ORIENTED_EDGE('',*,*,#1090,.F.);
#1453=ORIENTED_EDGE('',*,*,#1092,.F.);
#1454=ORIENTED_EDGE('',*,*,#1093,.T.);
#1455=ORIENTED_EDGE('',*,*,#1094,.T.);
#1456=ORIENTED_EDGE('',*,*,#1095,.T.);
#1457=ORIENTED_EDGE('',*,*,#1094,.F.);
#1458=ORIENTED_EDGE('',*,*,#963,.F.);
#1459=ORIENTED_EDGE('',*,*,#1096,.T.);
#1460=ORIENTED_EDGE('',*,*,#1093,.F.);
#1461=ORIENTED_EDGE('',*,*,#1096,.F.);
#1462=ORIENTED_EDGE('',*,*,#1095,.F.);
#1463=ORIENTED_EDGE('',*,*,#1097,.F.);
#1464=ORIENTED_EDGE('',*,*,#1098,.T.);
#1465=ORIENTED_EDGE('',*,*,#1099,.T.);
#1466=ORIENTED_EDGE('',*,*,#1100,.T.);
#1467=ORIENTED_EDGE('',*,*,#1099,.F.);
#1468=ORIENTED_EDGE('',*,*,#961,.F.);
#1469=ORIENTED_EDGE('',*,*,#1101,.T.);
#1470=ORIENTED_EDGE('',*,*,#1098,.F.);
#1471=ORIENTED_EDGE('',*,*,#1101,.F.);
#1472=ORIENTED_EDGE('',*,*,#1100,.F.);
#1473=ORIENTED_EDGE('',*,*,#1102,.F.);
#1474=ORIENTED_EDGE('',*,*,#1103,.T.);
#1475=ORIENTED_EDGE('',*,*,#1104,.F.);
#1476=ORIENTED_EDGE('',*,*,#1105,.F.);
#1477=ORIENTED_EDGE('',*,*,#1106,.T.);
#1478=ORIENTED_EDGE('',*,*,#1107,.T.);
#1479=ORIENTED_EDGE('',*,*,#1106,.F.);
#1480=ORIENTED_EDGE('',*,*,#1108,.F.);
#1481=ORIENTED_EDGE('',*,*,#1109,.T.);
#1482=ORIENTED_EDGE('',*,*,#1110,.T.);
#1483=ORIENTED_EDGE('',*,*,#1109,.F.);
#1484=ORIENTED_EDGE('',*,*,#1111,.F.);
#1485=ORIENTED_EDGE('',*,*,#1112,.T.);
#1486=ORIENTED_EDGE('',*,*,#1113,.T.);
#1487=ORIENTED_EDGE('',*,*,#1112,.F.);
#1488=ORIENTED_EDGE('',*,*,#1114,.F.);
#1489=ORIENTED_EDGE('',*,*,#1104,.T.);
#1490=ORIENTED_EDGE('',*,*,#1107,.F.);
#1491=ORIENTED_EDGE('',*,*,#1110,.F.);
#1492=ORIENTED_EDGE('',*,*,#1113,.F.);
#1493=ORIENTED_EDGE('',*,*,#1103,.F.);
#1494=ORIENTED_EDGE('',*,*,#1050,.F.);
#1495=ORIENTED_EDGE('',*,*,#978,.F.);
#1496=ORIENTED_EDGE('',*,*,#1010,.F.);
#1497=ORIENTED_EDGE('',*,*,#1074,.F.);
#1498=ORIENTED_EDGE('',*,*,#1022,.F.);
#1499=ORIENTED_EDGE('',*,*,#998,.F.);
#1500=ORIENTED_EDGE('',*,*,#1034,.F.);
#1501=ORIENTED_EDGE('',*,*,#1058,.F.);
#1502=ORIENTED_EDGE('',*,*,#1054,.F.);
#1503=ORIENTED_EDGE('',*,*,#1038,.F.);
#1504=ORIENTED_EDGE('',*,*,#994,.F.);
#1505=ORIENTED_EDGE('',*,*,#1070,.F.);
#1506=ORIENTED_EDGE('',*,*,#1030,.F.);
#1507=ORIENTED_EDGE('',*,*,#1078,.F.);
#1508=ORIENTED_EDGE('',*,*,#1018,.F.);
#1509=ORIENTED_EDGE('',*,*,#1002,.F.);
#1510=ORIENTED_EDGE('',*,*,#1026,.F.);
#1511=ORIENTED_EDGE('',*,*,#1062,.F.);
#1512=ORIENTED_EDGE('',*,*,#986,.F.);
#1513=ORIENTED_EDGE('',*,*,#982,.F.);
#1514=ORIENTED_EDGE('',*,*,#1046,.F.);
#1515=ORIENTED_EDGE('',*,*,#1042,.F.);
#1516=ORIENTED_EDGE('',*,*,#990,.F.);
#1517=ORIENTED_EDGE('',*,*,#1066,.F.);
#1518=ORIENTED_EDGE('',*,*,#1006,.F.);
#1519=ORIENTED_EDGE('',*,*,#1014,.F.);
#1520=ORIENTED_EDGE('',*,*,#1082,.F.);
#1521=ORIENTED_EDGE('',*,*,#1115,.F.);
#1522=ORIENTED_EDGE('',*,*,#1116,.F.);
#1523=ORIENTED_EDGE('',*,*,#1117,.F.);
#1524=ORIENTED_EDGE('',*,*,#1118,.F.);
#1525=ORIENTED_EDGE('',*,*,#1119,.T.);
#1526=ORIENTED_EDGE('',*,*,#939,.T.);
#1527=ORIENTED_EDGE('',*,*,#1120,.T.);
#1528=ORIENTED_EDGE('',*,*,#1121,.T.);
#1529=ORIENTED_EDGE('',*,*,#1119,.F.);
#1530=ORIENTED_EDGE('',*,*,#1122,.T.);
#1531=ORIENTED_EDGE('',*,*,#1123,.T.);
#1532=ORIENTED_EDGE('',*,*,#940,.T.);
#1533=ORIENTED_EDGE('',*,*,#1124,.T.);
#1534=ORIENTED_EDGE('',*,*,#941,.T.);
#1535=ORIENTED_EDGE('',*,*,#1123,.F.);
#1536=ORIENTED_EDGE('',*,*,#1125,.T.);
#1537=ORIENTED_EDGE('',*,*,#1124,.F.);
#1538=ORIENTED_EDGE('',*,*,#1126,.T.);
#1539=ORIENTED_EDGE('',*,*,#1127,.T.);
#1540=ORIENTED_EDGE('',*,*,#942,.T.);
#1541=ORIENTED_EDGE('',*,*,#1128,.T.);
#1542=ORIENTED_EDGE('',*,*,#943,.T.);
#1543=ORIENTED_EDGE('',*,*,#1127,.F.);
#1544=ORIENTED_EDGE('',*,*,#1129,.T.);
#1545=ORIENTED_EDGE('',*,*,#1128,.F.);
#1546=ORIENTED_EDGE('',*,*,#1130,.T.);
#1547=ORIENTED_EDGE('',*,*,#1131,.T.);
#1548=ORIENTED_EDGE('',*,*,#944,.T.);
#1549=ORIENTED_EDGE('',*,*,#1132,.T.);
#1550=ORIENTED_EDGE('',*,*,#945,.T.);
#1551=ORIENTED_EDGE('',*,*,#1131,.F.);
#1552=ORIENTED_EDGE('',*,*,#1133,.T.);
#1553=ORIENTED_EDGE('',*,*,#1132,.F.);
#1554=ORIENTED_EDGE('',*,*,#1134,.T.);
#1555=ORIENTED_EDGE('',*,*,#1120,.F.);
#1556=ORIENTED_EDGE('',*,*,#946,.T.);
#1557=ORIENTED_EDGE('',*,*,#1126,.F.);
#1558=ORIENTED_EDGE('',*,*,#1135,.T.);
#1559=ORIENTED_EDGE('',*,*,#1136,.T.);
#1560=ORIENTED_EDGE('',*,*,#1137,.T.);
#1561=ORIENTED_EDGE('',*,*,#1125,.F.);
#1562=ORIENTED_EDGE('',*,*,#1138,.F.);
#1563=ORIENTED_EDGE('',*,*,#1139,.T.);
#1564=ORIENTED_EDGE('',*,*,#1135,.F.);
#1565=ORIENTED_EDGE('',*,*,#1122,.F.);
#1566=ORIENTED_EDGE('',*,*,#1140,.T.);
#1567=ORIENTED_EDGE('',*,*,#1141,.T.);
#1568=ORIENTED_EDGE('',*,*,#1138,.T.);
#1569=ORIENTED_EDGE('',*,*,#1121,.F.);
#1570=ORIENTED_EDGE('',*,*,#1142,.F.);
#1571=ORIENTED_EDGE('',*,*,#1143,.F.);
#1572=ORIENTED_EDGE('',*,*,#1140,.F.);
#1573=ORIENTED_EDGE('',*,*,#1097,.T.);
#1574=ORIENTED_EDGE('',*,*,#1144,.T.);
#1575=ORIENTED_EDGE('',*,*,#1115,.T.);
#1576=ORIENTED_EDGE('',*,*,#1144,.F.);
#1577=ORIENTED_EDGE('',*,*,#1087,.T.);
#1578=ORIENTED_EDGE('',*,*,#1145,.T.);
#1579=ORIENTED_EDGE('',*,*,#1116,.T.);
#1580=ORIENTED_EDGE('',*,*,#1145,.F.);
#1581=ORIENTED_EDGE('',*,*,#1102,.T.);
#1582=ORIENTED_EDGE('',*,*,#1146,.T.);
#1583=ORIENTED_EDGE('',*,*,#1117,.T.);
#1584=ORIENTED_EDGE('',*,*,#1146,.F.);
#1585=ORIENTED_EDGE('',*,*,#1092,.T.);
#1586=ORIENTED_EDGE('',*,*,#1147,.T.);
#1587=ORIENTED_EDGE('',*,*,#1118,.T.);
#1588=ORIENTED_EDGE('',*,*,#1147,.F.);
#1589=ORIENTED_EDGE('',*,*,#1141,.F.);
#1590=ORIENTED_EDGE('',*,*,#1143,.T.);
#1591=ORIENTED_EDGE('',*,*,#1148,.F.);
#1592=ORIENTED_EDGE('',*,*,#1149,.F.);
#1593=ORIENTED_EDGE('',*,*,#1150,.F.);
#1594=ORIENTED_EDGE('',*,*,#1151,.F.);
#1595=ORIENTED_EDGE('',*,*,#1136,.F.);
#1596=ORIENTED_EDGE('',*,*,#1139,.F.);
#1597=ORIENTED_EDGE('',*,*,#1152,.T.);
#1598=ORIENTED_EDGE('',*,*,#1153,.F.);
#1599=ORIENTED_EDGE('',*,*,#1154,.T.);
#1600=ORIENTED_EDGE('',*,*,#1155,.F.);
#1601=ORIENTED_EDGE('',*,*,#1156,.T.);
#1602=ORIENTED_EDGE('',*,*,#1157,.F.);
#1603=ORIENTED_EDGE('',*,*,#1158,.T.);
#1604=ORIENTED_EDGE('',*,*,#1159,.F.);
#1605=ORIENTED_EDGE('',*,*,#1134,.F.);
#1606=ORIENTED_EDGE('',*,*,#1160,.T.);
#1607=ORIENTED_EDGE('',*,*,#1148,.T.);
#1608=ORIENTED_EDGE('',*,*,#1142,.T.);
#1609=ORIENTED_EDGE('',*,*,#1133,.F.);
#1610=ORIENTED_EDGE('',*,*,#1161,.F.);
#1611=ORIENTED_EDGE('',*,*,#1149,.T.);
#1612=ORIENTED_EDGE('',*,*,#1160,.F.);
#1613=ORIENTED_EDGE('',*,*,#1130,.F.);
#1614=ORIENTED_EDGE('',*,*,#1162,.T.);
#1615=ORIENTED_EDGE('',*,*,#1150,.T.);
#1616=ORIENTED_EDGE('',*,*,#1161,.T.);
#1617=ORIENTED_EDGE('',*,*,#1163,.T.);
#1618=ORIENTED_EDGE('',*,*,#1164,.T.);
#1619=ORIENTED_EDGE('',*,*,#1153,.T.);
#1620=ORIENTED_EDGE('',*,*,#1165,.T.);
#1621=ORIENTED_EDGE('',*,*,#1164,.F.);
#1622=ORIENTED_EDGE('',*,*,#1166,.F.);
#1623=ORIENTED_EDGE('',*,*,#1167,.F.);
#1624=ORIENTED_EDGE('',*,*,#1154,.F.);
#1625=ORIENTED_EDGE('',*,*,#1163,.F.);
#1626=ORIENTED_EDGE('',*,*,#1168,.T.);
#1627=ORIENTED_EDGE('',*,*,#1169,.F.);
#1628=ORIENTED_EDGE('',*,*,#1170,.T.);
#1629=ORIENTED_EDGE('',*,*,#1171,.F.);
#1630=ORIENTED_EDGE('',*,*,#1172,.T.);
#1631=ORIENTED_EDGE('',*,*,#1173,.F.);
#1632=ORIENTED_EDGE('',*,*,#1166,.T.);
#1633=ORIENTED_EDGE('',*,*,#1105,.T.);
#1634=ORIENTED_EDGE('',*,*,#1114,.T.);
#1635=ORIENTED_EDGE('',*,*,#1111,.T.);
#1636=ORIENTED_EDGE('',*,*,#1108,.T.);
#1637=ORIENTED_EDGE('',*,*,#1173,.T.);
#1638=ORIENTED_EDGE('',*,*,#1174,.T.);
#1639=ORIENTED_EDGE('',*,*,#1155,.T.);
#1640=ORIENTED_EDGE('',*,*,#1167,.T.);
#1641=ORIENTED_EDGE('',*,*,#1174,.F.);
#1642=ORIENTED_EDGE('',*,*,#1172,.F.);
#1643=ORIENTED_EDGE('',*,*,#1175,.F.);
#1644=ORIENTED_EDGE('',*,*,#1156,.F.);
#1645=ORIENTED_EDGE('',*,*,#1169,.T.);
#1646=ORIENTED_EDGE('',*,*,#1176,.T.);
#1647=ORIENTED_EDGE('',*,*,#1159,.T.);
#1648=ORIENTED_EDGE('',*,*,#1177,.T.);
#1649=ORIENTED_EDGE('',*,*,#1165,.F.);
#1650=ORIENTED_EDGE('',*,*,#1152,.F.);
#1651=ORIENTED_EDGE('',*,*,#1176,.F.);
#1652=ORIENTED_EDGE('',*,*,#1168,.F.);
#1653=ORIENTED_EDGE('',*,*,#1171,.T.);
#1654=ORIENTED_EDGE('',*,*,#1178,.T.);
#1655=ORIENTED_EDGE('',*,*,#1157,.T.);
#1656=ORIENTED_EDGE('',*,*,#1175,.T.);
#1657=ORIENTED_EDGE('',*,*,#1177,.F.);
#1658=ORIENTED_EDGE('',*,*,#1158,.F.);
#1659=ORIENTED_EDGE('',*,*,#1178,.F.);
#1660=ORIENTED_EDGE('',*,*,#1170,.F.);
#1661=ORIENTED_EDGE('',*,*,#1129,.F.);
#1662=ORIENTED_EDGE('',*,*,#1137,.F.);
#1663=ORIENTED_EDGE('',*,*,#1151,.T.);
#1664=ORIENTED_EDGE('',*,*,#1162,.F.);
#1665=CONICAL_SURFACE('',#1816,5.5,0.785398163397446);
#1666=CONICAL_SURFACE('',#1856,5.5,0.785398163397448);
#1667=CONICAL_SURFACE('',#1860,5.5,0.785398163397448);
#1668=CONICAL_SURFACE('',#1864,5.5,0.785398163397448);
#1669=CONICAL_SURFACE('',#1868,5.5,0.785398163397448);
#1670=CONICAL_SURFACE('',#1872,5.5,0.785398163397448);
#1671=CONICAL_SURFACE('',#1876,5.5,0.785398163397448);
#1672=CONICAL_SURFACE('',#1880,5.5,0.785398163397446);
#1673=CONICAL_SURFACE('',#1884,5.5,0.785398163397446);
#1674=CONICAL_SURFACE('',#1888,5.5,0.785398163397446);
#1675=CONICAL_SURFACE('',#1892,5.5,0.785398163397446);
#1676=CONICAL_SURFACE('',#1896,5.5,0.785398163397448);
#1677=CONICAL_SURFACE('',#1900,5.5,0.785398163397448);
#1678=CONICAL_SURFACE('',#1904,5.5,0.785398163397448);
#1679=CONICAL_SURFACE('',#1908,5.5,0.785398163397448);
#1680=CONICAL_SURFACE('',#1912,5.5,0.785398163397448);
#1681=CONICAL_SURFACE('',#1916,5.5,0.785398163397448);
#1682=CONICAL_SURFACE('',#1920,5.5,0.785398163397446);
#1683=CONICAL_SURFACE('',#1924,5.5,0.785398163397446);
#1684=CONICAL_SURFACE('',#1928,5.5,0.785398163397448);
#1685=CONICAL_SURFACE('',#1932,5.5,0.785398163397448);
#1686=CONICAL_SURFACE('',#1936,5.5,0.785398163397448);
#1687=CONICAL_SURFACE('',#1940,5.5,0.785398163397448);
#1688=CONICAL_SURFACE('',#1944,5.5,0.785398163397448);
#1689=CONICAL_SURFACE('',#1948,5.5,0.785398163397448);
#1690=CONICAL_SURFACE('',#1952,5.5,0.785398163397446);
#1691=CONICAL_SURFACE('',#1956,5.5,0.785398163397446);
#1692=CONICAL_SURFACE('',#1960,2.75,0.785398163397448);
#1693=CONICAL_SURFACE('',#1966,2.75,0.785398163397448);
#1694=CONICAL_SURFACE('',#1972,2.75,0.785398163397448);
#1695=CONICAL_SURFACE('',#1978,2.75,0.785398163397448);
#1696=CONICAL_SURFACE('',#1994,2.5,0.785398163397447);
#1697=CONICAL_SURFACE('',#1997,2.5,0.785398163397447);
#1698=CONICAL_SURFACE('',#2000,2.5,0.785398163397447);
#1699=CONICAL_SURFACE('',#2003,2.5,0.785398163397447);
#1700=ADVANCED_FACE('',(#150),#1665,.F.);
#1701=ADVANCED_FACE('',(#151,#58,#59,#60,#61,#62,#63,#64,#65,#66,#67,#68,
#69,#70,#71,#72,#73,#74,#75,#76,#77,#78,#79,#80,#81,#82,#83,#84,#85,#86,
#87,#88),#126,.T.);
#1702=ADVANCED_FACE('',(#152),#15,.F.);
#1703=ADVANCED_FACE('',(#153),#1666,.F.);
#1704=ADVANCED_FACE('',(#154),#16,.F.);
#1705=ADVANCED_FACE('',(#155),#1667,.F.);
#1706=ADVANCED_FACE('',(#156),#17,.F.);
#1707=ADVANCED_FACE('',(#157),#1668,.F.);
#1708=ADVANCED_FACE('',(#158),#18,.F.);
#1709=ADVANCED_FACE('',(#159),#1669,.F.);
#1710=ADVANCED_FACE('',(#160),#19,.F.);
#1711=ADVANCED_FACE('',(#161),#1670,.F.);
#1712=ADVANCED_FACE('',(#162),#20,.F.);
#1713=ADVANCED_FACE('',(#163),#1671,.F.);
#1714=ADVANCED_FACE('',(#164),#21,.F.);
#1715=ADVANCED_FACE('',(#165),#1672,.F.);
#1716=ADVANCED_FACE('',(#166),#22,.F.);
#1717=ADVANCED_FACE('',(#167),#1673,.F.);
#1718=ADVANCED_FACE('',(#168),#23,.F.);
#1719=ADVANCED_FACE('',(#169),#1674,.F.);
#1720=ADVANCED_FACE('',(#170),#24,.F.);
#1721=ADVANCED_FACE('',(#171),#1675,.F.);
#1722=ADVANCED_FACE('',(#172),#25,.F.);
#1723=ADVANCED_FACE('',(#173),#1676,.F.);
#1724=ADVANCED_FACE('',(#174),#26,.F.);
#1725=ADVANCED_FACE('',(#175),#1677,.F.);
#1726=ADVANCED_FACE('',(#176),#27,.F.);
#1727=ADVANCED_FACE('',(#177),#1678,.F.);
#1728=ADVANCED_FACE('',(#178),#28,.F.);
#1729=ADVANCED_FACE('',(#179),#1679,.F.);
#1730=ADVANCED_FACE('',(#180),#29,.F.);
#1731=ADVANCED_FACE('',(#181),#1680,.F.);
#1732=ADVANCED_FACE('',(#182),#30,.F.);
#1733=ADVANCED_FACE('',(#183),#1681,.F.);
#1734=ADVANCED_FACE('',(#184),#31,.F.);
#1735=ADVANCED_FACE('',(#185),#1682,.F.);
#1736=ADVANCED_FACE('',(#186),#32,.F.);
#1737=ADVANCED_FACE('',(#187),#1683,.F.);
#1738=ADVANCED_FACE('',(#188),#33,.F.);
#1739=ADVANCED_FACE('',(#189),#1684,.F.);
#1740=ADVANCED_FACE('',(#190),#34,.F.);
#1741=ADVANCED_FACE('',(#191),#1685,.F.);
#1742=ADVANCED_FACE('',(#192),#35,.F.);
#1743=ADVANCED_FACE('',(#193),#1686,.F.);
#1744=ADVANCED_FACE('',(#194),#36,.F.);
#1745=ADVANCED_FACE('',(#195),#1687,.F.);
#1746=ADVANCED_FACE('',(#196),#37,.F.);
#1747=ADVANCED_FACE('',(#197),#1688,.F.);
#1748=ADVANCED_FACE('',(#198),#38,.F.);
#1749=ADVANCED_FACE('',(#199),#1689,.F.);
#1750=ADVANCED_FACE('',(#200),#39,.F.);
#1751=ADVANCED_FACE('',(#201),#1690,.F.);
#1752=ADVANCED_FACE('',(#202),#40,.F.);
#1753=ADVANCED_FACE('',(#203),#1691,.F.);
#1754=ADVANCED_FACE('',(#204),#41,.F.);
#1755=ADVANCED_FACE('',(#205),#1692,.F.);
#1756=ADVANCED_FACE('',(#206),#42,.F.);
#1757=ADVANCED_FACE('',(#207,#89),#127,.T.);
#1758=ADVANCED_FACE('',(#208),#1693,.F.);
#1759=ADVANCED_FACE('',(#209),#43,.F.);
#1760=ADVANCED_FACE('',(#210,#90),#128,.T.);
#1761=ADVANCED_FACE('',(#211),#1694,.F.);
#1762=ADVANCED_FACE('',(#212),#44,.F.);
#1763=ADVANCED_FACE('',(#213,#91),#129,.T.);
#1764=ADVANCED_FACE('',(#214),#1695,.F.);
#1765=ADVANCED_FACE('',(#215),#45,.F.);
#1766=ADVANCED_FACE('',(#216,#92),#130,.T.);
#1767=ADVANCED_FACE('',(#217),#131,.F.);
#1768=ADVANCED_FACE('',(#218),#132,.F.);
#1769=ADVANCED_FACE('',(#219),#133,.F.);
#1770=ADVANCED_FACE('',(#220),#134,.F.);
#1771=ADVANCED_FACE('',(#221,#93,#94,#95,#96,#97,#98,#99,#100,#101,#102,
#103,#104,#105,#106,#107,#108,#109,#110,#111,#112,#113,#114,#115,#116,#117,
#118,#119,#120,#121,#122,#123),#135,.T.);
#1772=ADVANCED_FACE('',(#222),#136,.T.);
#1773=ADVANCED_FACE('',(#223),#1696,.T.);
#1774=ADVANCED_FACE('',(#224),#137,.T.);
#1775=ADVANCED_FACE('',(#225),#1697,.T.);
#1776=ADVANCED_FACE('',(#226),#138,.T.);
#1777=ADVANCED_FACE('',(#227),#1698,.T.);
#1778=ADVANCED_FACE('',(#228),#139,.T.);
#1779=ADVANCED_FACE('',(#229),#1699,.T.);
#1780=ADVANCED_FACE('',(#230),#46,.T.);
#1781=ADVANCED_FACE('',(#231),#140,.T.);
#1782=ADVANCED_FACE('',(#232),#47,.T.);
#1783=ADVANCED_FACE('',(#233),#141,.T.);
#1784=ADVANCED_FACE('',(#234),#48,.F.);
#1785=ADVANCED_FACE('',(#235),#49,.F.);
#1786=ADVANCED_FACE('',(#236),#50,.F.);
#1787=ADVANCED_FACE('',(#237),#51,.F.);
#1788=ADVANCED_FACE('',(#238,#124),#142,.F.);
#1789=ADVANCED_FACE('',(#239),#52,.T.);
#1790=ADVANCED_FACE('',(#240),#143,.T.);
#1791=ADVANCED_FACE('',(#241),#53,.T.);
#1792=ADVANCED_FACE('',(#242),#54,.T.);
#1793=ADVANCED_FACE('',(#243),#144,.T.);
#1794=ADVANCED_FACE('',(#244,#125),#145,.T.);
#1795=ADVANCED_FACE('',(#245),#55,.T.);
#1796=ADVANCED_FACE('',(#246),#146,.T.);
#1797=ADVANCED_FACE('',(#247),#56,.T.);
#1798=ADVANCED_FACE('',(#248),#147,.T.);
#1799=ADVANCED_FACE('',(#249),#57,.T.);
#1800=ADVANCED_FACE('',(#250),#148,.T.);
#1801=ADVANCED_FACE('',(#251),#149,.T.);
#1802=CLOSED_SHELL('',(#1700,#1701,#1702,#1703,#1704,#1705,#1706,#1707,
#1708,#1709,#1710,#1711,#1712,#1713,#1714,#1715,#1716,#1717,#1718,#1719,
#1720,#1721,#1722,#1723,#1724,#1725,#1726,#1727,#1728,#1729,#1730,#1731,
#1732,#1733,#1734,#1735,#1736,#1737,#1738,#1739,#1740,#1741,#1742,#1743,
#1744,#1745,#1746,#1747,#1748,#1749,#1750,#1751,#1752,#1753,#1754,#1755,
#1756,#1757,#1758,#1759,#1760,#1761,#1762,#1763,#1764,#1765,#1766,#1767,
#1768,#1769,#1770,#1771,#1772,#1773,#1774,#1775,#1776,#1777,#1778,#1779,
#1780,#1781,#1782,#1783,#1784,#1785,#1786,#1787,#1788,#1789,#1790,#1791,
#1792,#1793,#1794,#1795,#1796,#1797,#1798,#1799,#1800,#1801));
#1803=DERIVED_UNIT_ELEMENT(#1805,1.);
#1804=DERIVED_UNIT_ELEMENT(#3109,-3.);
#1805=(
MASS_UNIT()
NAMED_UNIT(*)
SI_UNIT(.KILO.,.GRAM.)
);
#1806=DERIVED_UNIT((#1803,#1804));
#1807=MEASURE_REPRESENTATION_ITEM('density measure',
POSITIVE_RATIO_MEASURE(7850.),#1806);
#1808=PROPERTY_DEFINITION_REPRESENTATION(#1813,#1810);
#1809=PROPERTY_DEFINITION_REPRESENTATION(#1814,#1811);
#1810=REPRESENTATION('material name',(#1812),#3106);
#1811=REPRESENTATION('density',(#1807),#3106);
#1812=DESCRIPTIVE_REPRESENTATION_ITEM('Steel','Steel');
#1813=PROPERTY_DEFINITION('material property','material name',#3116);
#1814=PROPERTY_DEFINITION('material property','density of part',#3116);
#1815=AXIS2_PLACEMENT_3D('',#2609,#2039,#2040);
#1816=AXIS2_PLACEMENT_3D('',#2610,#2041,#2042);
#1817=AXIS2_PLACEMENT_3D('',#2612,#2043,#2044);
#1818=AXIS2_PLACEMENT_3D('',#2615,#2046,#2047);
#1819=AXIS2_PLACEMENT_3D('',#2616,#2048,#2049);
#1820=AXIS2_PLACEMENT_3D('',#2621,#2051,#2052);
#1821=AXIS2_PLACEMENT_3D('',#2625,#2054,#2055);
#1822=AXIS2_PLACEMENT_3D('',#2629,#2057,#2058);
#1823=AXIS2_PLACEMENT_3D('',#2632,#2060,#2061);
#1824=AXIS2_PLACEMENT_3D('',#2634,#2062,#2063);
#1825=AXIS2_PLACEMENT_3D('',#2636,#2064,#2065);
#1826=AXIS2_PLACEMENT_3D('',#2638,#2066,#2067);
#1827=AXIS2_PLACEMENT_3D('',#2640,#2068,#2069);
#1828=AXIS2_PLACEMENT_3D('',#2642,#2070,#2071);
#1829=AXIS2_PLACEMENT_3D('',#2644,#2072,#2073);
#1830=AXIS2_PLACEMENT_3D('',#2646,#2074,#2075);
#1831=AXIS2_PLACEMENT_3D('',#2648,#2076,#2077);
#1832=AXIS2_PLACEMENT_3D('',#2650,#2078,#2079);
#1833=AXIS2_PLACEMENT_3D('',#2652,#2080,#2081);
#1834=AXIS2_PLACEMENT_3D('',#2654,#2082,#2083);
#1835=AXIS2_PLACEMENT_3D('',#2656,#2084,#2085);
#1836=AXIS2_PLACEMENT_3D('',#2658,#2086,#2087);
#1837=AXIS2_PLACEMENT_3D('',#2660,#2088,#2089);
#1838=AXIS2_PLACEMENT_3D('',#2662,#2090,#2091);
#1839=AXIS2_PLACEMENT_3D('',#2664,#2092,#2093);
#1840=AXIS2_PLACEMENT_3D('',#2666,#2094,#2095);
#1841=AXIS2_PLACEMENT_3D('',#2668,#2096,#2097);
#1842=AXIS2_PLACEMENT_3D('',#2670,#2098,#2099);
#1843=AXIS2_PLACEMENT_3D('',#2672,#2100,#2101);
#1844=AXIS2_PLACEMENT_3D('',#2674,#2102,#2103);
#1845=AXIS2_PLACEMENT_3D('',#2676,#2104,#2105);
#1846=AXIS2_PLACEMENT_3D('',#2678,#2106,#2107);
#1847=AXIS2_PLACEMENT_3D('',#2680,#2108,#2109);
#1848=AXIS2_PLACEMENT_3D('',#2682,#2110,#2111);
#1849=AXIS2_PLACEMENT_3D('',#2684,#2112,#2113);
#1850=AXIS2_PLACEMENT_3D('',#2686,#2114,#2115);
#1851=AXIS2_PLACEMENT_3D('',#2688,#2116,#2117);
#1852=AXIS2_PLACEMENT_3D('',#2690,#2118,#2119);
#1853=AXIS2_PLACEMENT_3D('',#2692,#2120,#2121);
#1854=AXIS2_PLACEMENT_3D('',#2693,#2122,#2123);
#1855=AXIS2_PLACEMENT_3D('',#2696,#2125,#2126);
#1856=AXIS2_PLACEMENT_3D('',#2697,#2127,#2128);
#1857=AXIS2_PLACEMENT_3D('',#2700,#2130,#2131);
#1858=AXIS2_PLACEMENT_3D('',#2701,#2132,#2133);
#1859=AXIS2_PLACEMENT_3D('',#2704,#2135,#2136);
#1860=AXIS2_PLACEMENT_3D('',#2705,#2137,#2138);
#1861=AXIS2_PLACEMENT_3D('',#2708,#2140,#2141);
#1862=AXIS2_PLACEMENT_3D('',#2709,#2142,#2143);
#1863=AXIS2_PLACEMENT_3D('',#2712,#2145,#2146);
#1864=AXIS2_PLACEMENT_3D('',#2713,#2147,#2148);
#1865=AXIS2_PLACEMENT_3D('',#2716,#2150,#2151);
#1866=AXIS2_PLACEMENT_3D('',#2717,#2152,#2153);
#1867=AXIS2_PLACEMENT_3D('',#2720,#2155,#2156);
#1868=AXIS2_PLACEMENT_3D('',#2721,#2157,#2158);
#1869=AXIS2_PLACEMENT_3D('',#2724,#2160,#2161);
#1870=AXIS2_PLACEMENT_3D('',#2725,#2162,#2163);
#1871=AXIS2_PLACEMENT_3D('',#2728,#2165,#2166);
#1872=AXIS2_PLACEMENT_3D('',#2729,#2167,#2168);
#1873=AXIS2_PLACEMENT_3D('',#2732,#2170,#2171);
#1874=AXIS2_PLACEMENT_3D('',#2733,#2172,#2173);
#1875=AXIS2_PLACEMENT_3D('',#2736,#2175,#2176);
#1876=AXIS2_PLACEMENT_3D('',#2737,#2177,#2178);
#1877=AXIS2_PLACEMENT_3D('',#2740,#2180,#2181);
#1878=AXIS2_PLACEMENT_3D('',#2741,#2182,#2183);
#1879=AXIS2_PLACEMENT_3D('',#2744,#2185,#2186);
#1880=AXIS2_PLACEMENT_3D('',#2745,#2187,#2188);
#1881=AXIS2_PLACEMENT_3D('',#2748,#2190,#2191);
#1882=AXIS2_PLACEMENT_3D('',#2749,#2192,#2193);
#1883=AXIS2_PLACEMENT_3D('',#2752,#2195,#2196);
#1884=AXIS2_PLACEMENT_3D('',#2753,#2197,#2198);
#1885=AXIS2_PLACEMENT_3D('',#2756,#2200,#2201);
#1886=AXIS2_PLACEMENT_3D('',#2757,#2202,#2203);
#1887=AXIS2_PLACEMENT_3D('',#2760,#2205,#2206);
#1888=AXIS2_PLACEMENT_3D('',#2761,#2207,#2208);
#1889=AXIS2_PLACEMENT_3D('',#2764,#2210,#2211);
#1890=AXIS2_PLACEMENT_3D('',#2765,#2212,#2213);
#1891=AXIS2_PLACEMENT_3D('',#2768,#2215,#2216);
#1892=AXIS2_PLACEMENT_3D('',#2769,#2217,#2218);
#1893=AXIS2_PLACEMENT_3D('',#2772,#2220,#2221);
#1894=AXIS2_PLACEMENT_3D('',#2773,#2222,#2223);
#1895=AXIS2_PLACEMENT_3D('',#2776,#2225,#2226);
#1896=AXIS2_PLACEMENT_3D('',#2777,#2227,#2228);
#1897=AXIS2_PLACEMENT_3D('',#2780,#2230,#2231);
#1898=AXIS2_PLACEMENT_3D('',#2781,#2232,#2233);
#1899=AXIS2_PLACEMENT_3D('',#2784,#2235,#2236);
#1900=AXIS2_PLACEMENT_3D('',#2785,#2237,#2238);
#1901=AXIS2_PLACEMENT_3D('',#2788,#2240,#2241);
#1902=AXIS2_PLACEMENT_3D('',#2789,#2242,#2243);
#1903=AXIS2_PLACEMENT_3D('',#2792,#2245,#2246);
#1904=AXIS2_PLACEMENT_3D('',#2793,#2247,#2248);
#1905=AXIS2_PLACEMENT_3D('',#2796,#2250,#2251);
#1906=AXIS2_PLACEMENT_3D('',#2797,#2252,#2253);
#1907=AXIS2_PLACEMENT_3D('',#2800,#2255,#2256);
#1908=AXIS2_PLACEMENT_3D('',#2801,#2257,#2258);
#1909=AXIS2_PLACEMENT_3D('',#2804,#2260,#2261);
#1910=AXIS2_PLACEMENT_3D('',#2805,#2262,#2263);
#1911=AXIS2_PLACEMENT_3D('',#2808,#2265,#2266);
#1912=AXIS2_PLACEMENT_3D('',#2809,#2267,#2268);
#1913=AXIS2_PLACEMENT_3D('',#2812,#2270,#2271);
#1914=AXIS2_PLACEMENT_3D('',#2813,#2272,#2273);
#1915=AXIS2_PLACEMENT_3D('',#2816,#2275,#2276);
#1916=AXIS2_PLACEMENT_3D('',#2817,#2277,#2278);
#1917=AXIS2_PLACEMENT_3D('',#2820,#2280,#2281);
#1918=AXIS2_PLACEMENT_3D('',#2821,#2282,#2283);
#1919=AXIS2_PLACEMENT_3D('',#2824,#2285,#2286);
#1920=AXIS2_PLACEMENT_3D('',#2825,#2287,#2288);
#1921=AXIS2_PLACEMENT_3D('',#2828,#2290,#2291);
#1922=AXIS2_PLACEMENT_3D('',#2829,#2292,#2293);
#1923=AXIS2_PLACEMENT_3D('',#2832,#2295,#2296);
#1924=AXIS2_PLACEMENT_3D('',#2833,#2297,#2298);
#1925=AXIS2_PLACEMENT_3D('',#2836,#2300,#2301);
#1926=AXIS2_PLACEMENT_3D('',#2837,#2302,#2303);
#1927=AXIS2_PLACEMENT_3D('',#2840,#2305,#2306);
#1928=AXIS2_PLACEMENT_3D('',#2841,#2307,#2308);
#1929=AXIS2_PLACEMENT_3D('',#2844,#2310,#2311);
#1930=AXIS2_PLACEMENT_3D('',#2845,#2312,#2313);
#1931=AXIS2_PLACEMENT_3D('',#2848,#2315,#2316);
#1932=AXIS2_PLACEMENT_3D('',#2849,#2317,#2318);
#1933=AXIS2_PLACEMENT_3D('',#2852,#2320,#2321);
#1934=AXIS2_PLACEMENT_3D('',#2853,#2322,#2323);
#1935=AXIS2_PLACEMENT_3D('',#2856,#2325,#2326);
#1936=AXIS2_PLACEMENT_3D('',#2857,#2327,#2328);
#1937=AXIS2_PLACEMENT_3D('',#2860,#2330,#2331);
#1938=AXIS2_PLACEMENT_3D('',#2861,#2332,#2333);
#1939=AXIS2_PLACEMENT_3D('',#2864,#2335,#2336);
#1940=AXIS2_PLACEMENT_3D('',#2865,#2337,#2338);
#1941=AXIS2_PLACEMENT_3D('',#2868,#2340,#2341);
#1942=AXIS2_PLACEMENT_3D('',#2869,#2342,#2343);
#1943=AXIS2_PLACEMENT_3D('',#2872,#2345,#2346);
#1944=AXIS2_PLACEMENT_3D('',#2873,#2347,#2348);
#1945=AXIS2_PLACEMENT_3D('',#2876,#2350,#2351);
#1946=AXIS2_PLACEMENT_3D('',#2877,#2352,#2353);
#1947=AXIS2_PLACEMENT_3D('',#2880,#2355,#2356);
#1948=AXIS2_PLACEMENT_3D('',#2881,#2357,#2358);
#1949=AXIS2_PLACEMENT_3D('',#2884,#2360,#2361);
#1950=AXIS2_PLACEMENT_3D('',#2885,#2362,#2363);
#1951=AXIS2_PLACEMENT_3D('',#2888,#2365,#2366);
#1952=AXIS2_PLACEMENT_3D('',#2889,#2367,#2368);
#1953=AXIS2_PLACEMENT_3D('',#2892,#2370,#2371);
#1954=AXIS2_PLACEMENT_3D('',#2893,#2372,#2373);
#1955=AXIS2_PLACEMENT_3D('',#2896,#2375,#2376);
#1956=AXIS2_PLACEMENT_3D('',#2897,#2377,#2378);
#1957=AXIS2_PLACEMENT_3D('',#2900,#2380,#2381);
#1958=AXIS2_PLACEMENT_3D('',#2901,#2382,#2383);
#1959=AXIS2_PLACEMENT_3D('',#2904,#2385,#2386);
#1960=AXIS2_PLACEMENT_3D('',#2905,#2387,#2388);
#1961=AXIS2_PLACEMENT_3D('',#2907,#2389,#2390);
#1962=AXIS2_PLACEMENT_3D('',#2910,#2392,#2393);
#1963=AXIS2_PLACEMENT_3D('',#2911,#2394,#2395);
#1964=AXIS2_PLACEMENT_3D('',#2913,#2397,#2398);
#1965=AXIS2_PLACEMENT_3D('',#2915,#2399,#2400);
#1966=AXIS2_PLACEMENT_3D('',#2916,#2401,#2402);
#1967=AXIS2_PLACEMENT_3D('',#2918,#2403,#2404);
#1968=AXIS2_PLACEMENT_3D('',#2921,#2406,#2407);
#1969=AXIS2_PLACEMENT_3D('',#2922,#2408,#2409);
#1970=AXIS2_PLACEMENT_3D('',#2924,#2411,#2412);
#1971=AXIS2_PLACEMENT_3D('',#2926,#2413,#2414);
#1972=AXIS2_PLACEMENT_3D('',#2927,#2415,#2416);
#1973=AXIS2_PLACEMENT_3D('',#2929,#2417,#2418);
#1974=AXIS2_PLACEMENT_3D('',#2932,#2420,#2421);
#1975=AXIS2_PLACEMENT_3D('',#2933,#2422,#2423);
#1976=AXIS2_PLACEMENT_3D('',#2935,#2425,#2426);
#1977=AXIS2_PLACEMENT_3D('',#2937,#2427,#2428);
#1978=AXIS2_PLACEMENT_3D('',#2938,#2429,#2430);
#1979=AXIS2_PLACEMENT_3D('',#2940,#2431,#2432);
#1980=AXIS2_PLACEMENT_3D('',#2943,#2434,#2435);
#1981=AXIS2_PLACEMENT_3D('',#2944,#2436,#2437);
#1982=AXIS2_PLACEMENT_3D('',#2946,#2439,#2440);
#1983=AXIS2_PLACEMENT_3D('',#2948,#2441,#2442);
#1984=AXIS2_PLACEMENT_3D('',#2949,#2443,#2444);
#1985=AXIS2_PLACEMENT_3D('',#2958,#2449,#2450);
#1986=AXIS2_PLACEMENT_3D('',#2964,#2454,#2455);
#1987=AXIS2_PLACEMENT_3D('',#2970,#2459,#2460);
#1988=AXIS2_PLACEMENT_3D('',#2973,#2463,#2464);
#1989=AXIS2_PLACEMENT_3D('',#2975,#2465,#2466);
#1990=AXIS2_PLACEMENT_3D('',#2977,#2467,#2468);
#1991=AXIS2_PLACEMENT_3D('',#2979,#2469,#2470);
#1992=AXIS2_PLACEMENT_3D('',#2981,#2471,#2472);
#1993=AXIS2_PLACEMENT_3D('',#2982,#2473,#2474);
#1994=AXIS2_PLACEMENT_3D('',#2988,#2478,#2479);
#1995=AXIS2_PLACEMENT_3D('',#2990,#2480,#2481);
#1996=AXIS2_PLACEMENT_3D('',#2992,#2483,#2484);
#1997=AXIS2_PLACEMENT_3D('',#2996,#2487,#2488);
#1998=AXIS2_PLACEMENT_3D('',#2998,#2489,#2490);
#1999=AXIS2_PLACEMENT_3D('',#3000,#2492,#2493);
#2000=AXIS2_PLACEMENT_3D('',#3004,#2496,#2497);
#2001=AXIS2_PLACEMENT_3D('',#3006,#2498,#2499);
#2002=AXIS2_PLACEMENT_3D('',#3008,#2501,#2502);
#2003=AXIS2_PLACEMENT_3D('',#3012,#2505,#2506);
#2004=AXIS2_PLACEMENT_3D('',#3013,#2507,#2508);
#2005=AXIS2_PLACEMENT_3D('',#3014,#2509,#2510);
#2006=AXIS2_PLACEMENT_3D('',#3018,#2512,#2513);
#2007=AXIS2_PLACEMENT_3D('',#3020,#2515,#2516);
#2008=AXIS2_PLACEMENT_3D('',#3024,#2519,#2520);
#2009=AXIS2_PLACEMENT_3D('',#3027,#2522,#2523);
#2010=AXIS2_PLACEMENT_3D('',#3028,#2524,#2525);
#2011=AXIS2_PLACEMENT_3D('',#3032,#2528,#2529);
#2012=AXIS2_PLACEMENT_3D('',#3034,#2531,#2532);
#2013=AXIS2_PLACEMENT_3D('',#3036,#2534,#2535);
#2014=AXIS2_PLACEMENT_3D('',#3038,#2537,#2538);
#2015=AXIS2_PLACEMENT_3D('',#3040,#2540,#2541);
#2016=AXIS2_PLACEMENT_3D('',#3042,#2542,#2543);
#2017=AXIS2_PLACEMENT_3D('',#3046,#2545,#2546);
#2018=AXIS2_PLACEMENT_3D('',#3052,#2549,#2550);
#2019=AXIS2_PLACEMENT_3D('',#3056,#2552,#2553);
#2020=AXIS2_PLACEMENT_3D('',#3060,#2555,#2556);
#2021=AXIS2_PLACEMENT_3D('',#3063,#2558,#2559);
#2022=AXIS2_PLACEMENT_3D('',#3064,#2560,#2561);
#2023=AXIS2_PLACEMENT_3D('',#3066,#2563,#2564);
#2024=AXIS2_PLACEMENT_3D('',#3068,#2566,#2567);
#2025=AXIS2_PLACEMENT_3D('',#3070,#2569,#2570);
#2026=AXIS2_PLACEMENT_3D('',#3073,#2571,#2572);
#2027=AXIS2_PLACEMENT_3D('',#3076,#2575,#2576);
#2028=AXIS2_PLACEMENT_3D('',#3080,#2579,#2580);
#2029=AXIS2_PLACEMENT_3D('',#3084,#2582,#2583);
#2030=AXIS2_PLACEMENT_3D('',#3088,#2585,#2586);
#2031=AXIS2_PLACEMENT_3D('',#3091,#2588,#2589);
#2032=AXIS2_PLACEMENT_3D('',#3092,#2590,#2591);
#2033=AXIS2_PLACEMENT_3D('',#3094,#2593,#2594);
#2034=AXIS2_PLACEMENT_3D('',#3096,#2596,#2597);
#2035=AXIS2_PLACEMENT_3D('',#3099,#2600,#2601);
#2036=AXIS2_PLACEMENT_3D('',#3100,#2602,#2603);
#2037=AXIS2_PLACEMENT_3D('',#3102,#2605,#2606);
#2038=AXIS2_PLACEMENT_3D('',#3103,#2607,#2608);
#2039=DIRECTION('axis',(0.,0.,1.));
#2040=DIRECTION('refdir',(1.,0.,0.));
#2041=DIRECTION('center_axis',(0.,0.,1.));
#2042=DIRECTION('ref_axis',(-1.,0.,0.));
#2043=DIRECTION('center_axis',(0.,0.,1.));
#2044=DIRECTION('ref_axis',(-1.,0.,0.));
#2045=DIRECTION('',(-0.707106781186546,-8.65956056235491E-17,-0.707106781186549));
#2046=DIRECTION('center_axis',(0.,0.,-1.));
#2047=DIRECTION('ref_axis',(-1.,0.,0.));
#2048=DIRECTION('center_axis',(0.,0.,1.));
#2049=DIRECTION('ref_axis',(1.,0.,0.));
#2050=DIRECTION('',(-1.,-1.16482415698377E-16,0.));
#2051=DIRECTION('center_axis',(0.,0.,-1.));
#2052=DIRECTION('ref_axis',(0.707106781186549,-0.707106781186546,0.));
#2053=DIRECTION('',(1.67580833905684E-16,-1.,0.));
#2054=DIRECTION('center_axis',(0.,0.,-1.));
#2055=DIRECTION('ref_axis',(0.707106781186546,0.707106781186549,0.));
#2056=DIRECTION('',(1.,0.,0.));
#2057=DIRECTION('center_axis',(0.,0.,-1.));
#2058=DIRECTION('ref_axis',(-0.707106781186546,0.707106781186549,0.));
#2059=DIRECTION('',(1.67580833905684E-16,1.,0.));
#2060=DIRECTION('center_axis',(0.,0.,-1.));
#2061=DIRECTION('ref_axis',(-0.707106781186549,-0.707106781186546,0.));
#2062=DIRECTION('center_axis',(0.,0.,1.));
#2063=DIRECTION('ref_axis',(-1.,0.,0.));
#2064=DIRECTION('center_axis',(0.,0.,1.));
#2065=DIRECTION('ref_axis',(-1.,0.,0.));
#2066=DIRECTION('center_axis',(0.,0.,1.));
#2067=DIRECTION('ref_axis',(-1.,0.,0.));
#2068=DIRECTION('center_axis',(0.,0.,1.));
#2069=DIRECTION('ref_axis',(-1.,0.,0.));
#2070=DIRECTION('center_axis',(0.,0.,1.));
#2071=DIRECTION('ref_axis',(-1.,0.,0.));
#2072=DIRECTION('center_axis',(0.,0.,1.));
#2073=DIRECTION('ref_axis',(-1.,0.,0.));
#2074=DIRECTION('center_axis',(0.,0.,1.));
#2075=DIRECTION('ref_axis',(-1.,0.,0.));
#2076=DIRECTION('center_axis',(0.,0.,1.));
#2077=DIRECTION('ref_axis',(-1.,0.,0.));
#2078=DIRECTION('center_axis',(0.,0.,1.));
#2079=DIRECTION('ref_axis',(-1.,0.,0.));
#2080=DIRECTION('center_axis',(0.,0.,1.));
#2081=DIRECTION('ref_axis',(-1.,0.,0.));
#2082=DIRECTION('center_axis',(0.,0.,1.));
#2083=DIRECTION('ref_axis',(-1.,0.,0.));
#2084=DIRECTION('center_axis',(0.,0.,1.));
#2085=DIRECTION('ref_axis',(-1.,0.,0.));
#2086=DIRECTION('center_axis',(0.,0.,1.));
#2087=DIRECTION('ref_axis',(-1.,0.,0.));
#2088=DIRECTION('center_axis',(0.,0.,-1.));
#2089=DIRECTION('ref_axis',(-1.,0.,0.));
#2090=DIRECTION('center_axis',(0.,0.,-1.));
#2091=DIRECTION('ref_axis',(-1.,0.,0.));
#2092=DIRECTION('center_axis',(0.,0.,-1.));
#2093=DIRECTION('ref_axis',(-1.,0.,0.));
#2094=DIRECTION('center_axis',(0.,0.,-1.));
#2095=DIRECTION('ref_axis',(-1.,0.,0.));
#2096=DIRECTION('center_axis',(0.,0.,1.));
#2097=DIRECTION('ref_axis',(-1.,0.,0.));
#2098=DIRECTION('center_axis',(0.,0.,1.));
#2099=DIRECTION('ref_axis',(-1.,0.,0.));
#2100=DIRECTION('center_axis',(0.,0.,1.));
#2101=DIRECTION('ref_axis',(-1.,0.,0.));
#2102=DIRECTION('center_axis',(0.,0.,1.));
#2103=DIRECTION('ref_axis',(-1.,0.,0.));
#2104=DIRECTION('center_axis',(0.,0.,1.));
#2105=DIRECTION('ref_axis',(-1.,0.,0.));
#2106=DIRECTION('center_axis',(0.,0.,1.));
#2107=DIRECTION('ref_axis',(-1.,0.,0.));
#2108=DIRECTION('center_axis',(0.,0.,1.));
#2109=DIRECTION('ref_axis',(-1.,0.,0.));
#2110=DIRECTION('center_axis',(0.,0.,1.));
#2111=DIRECTION('ref_axis',(-1.,0.,0.));
#2112=DIRECTION('center_axis',(0.,0.,1.));
#2113=DIRECTION('ref_axis',(-1.,0.,0.));
#2114=DIRECTION('center_axis',(0.,0.,1.));
#2115=DIRECTION('ref_axis',(-1.,0.,0.));
#2116=DIRECTION('center_axis',(0.,0.,1.));
#2117=DIRECTION('ref_axis',(-1.,0.,0.));
#2118=DIRECTION('center_axis',(0.,0.,1.));
#2119=DIRECTION('ref_axis',(-1.,0.,0.));
#2120=DIRECTION('center_axis',(0.,0.,1.));
#2121=DIRECTION('ref_axis',(-1.,0.,0.));
#2122=DIRECTION('center_axis',(0.,0.,-1.));
#2123=DIRECTION('ref_axis',(-1.,0.,0.));
#2124=DIRECTION('',(0.,0.,-1.));
#2125=DIRECTION('center_axis',(-2.91206039245943E-17,0.,-1.));
#2126=DIRECTION('ref_axis',(-1.,0.,0.));
#2127=DIRECTION('center_axis',(0.,0.,1.));
#2128=DIRECTION('ref_axis',(-1.,0.,0.));
#2129=DIRECTION('',(-0.707106781186548,-8.65956056235493E-17,-0.707106781186548));
#2130=DIRECTION('center_axis',(0.,0.,-1.));
#2131=DIRECTION('ref_axis',(-1.,0.,0.));
#2132=DIRECTION('center_axis',(0.,0.,-1.));
#2133=DIRECTION('ref_axis',(-1.,0.,0.));
#2134=DIRECTION('',(0.,0.,-1.));
#2135=DIRECTION('center_axis',(-2.91206039245943E-17,0.,-1.));
#2136=DIRECTION('ref_axis',(-1.,0.,0.));
#2137=DIRECTION('center_axis',(0.,0.,1.));
#2138=DIRECTION('ref_axis',(-1.,0.,0.));
#2139=DIRECTION('',(-0.707106781186548,-8.65956056235493E-17,-0.707106781186548));
#2140=DIRECTION('center_axis',(0.,0.,-1.));
#2141=DIRECTION('ref_axis',(-1.,0.,0.));
#2142=DIRECTION('center_axis',(0.,0.,-1.));
#2143=DIRECTION('ref_axis',(-1.,0.,0.));
#2144=DIRECTION('',(0.,0.,-1.));
#2145=DIRECTION('center_axis',(-2.91206039245943E-17,0.,-1.));
#2146=DIRECTION('ref_axis',(-1.,0.,0.));
#2147=DIRECTION('center_axis',(0.,0.,1.));
#2148=DIRECTION('ref_axis',(-1.,0.,0.));
#2149=DIRECTION('',(-0.707106781186547,-8.65956056235493E-17,-0.707106781186548));
#2150=DIRECTION('center_axis',(0.,0.,-1.));
#2151=DIRECTION('ref_axis',(-1.,0.,0.));
#2152=DIRECTION('center_axis',(0.,0.,-1.));
#2153=DIRECTION('ref_axis',(-1.,0.,0.));
#2154=DIRECTION('',(0.,0.,-1.));
#2155=DIRECTION('center_axis',(-2.91206039245943E-17,0.,-1.));
#2156=DIRECTION('ref_axis',(-1.,0.,0.));
#2157=DIRECTION('center_axis',(0.,0.,1.));
#2158=DIRECTION('ref_axis',(-1.,0.,0.));
#2159=DIRECTION('',(-0.707106781186547,-8.65956056235493E-17,-0.707106781186548));
#2160=DIRECTION('center_axis',(0.,0.,-1.));
#2161=DIRECTION('ref_axis',(-1.,0.,0.));
#2162=DIRECTION('center_axis',(0.,0.,-1.));
#2163=DIRECTION('ref_axis',(-1.,0.,0.));
#2164=DIRECTION('',(0.,0.,-1.));
#2165=DIRECTION('center_axis',(-2.91206039245943E-17,0.,-1.));
#2166=DIRECTION('ref_axis',(-1.,0.,0.));
#2167=DIRECTION('center_axis',(0.,0.,1.));
#2168=DIRECTION('ref_axis',(-1.,0.,0.));
#2169=DIRECTION('',(-0.707106781186548,-8.65956056235493E-17,-0.707106781186548));
#2170=DIRECTION('center_axis',(0.,0.,-1.));
#2171=DIRECTION('ref_axis',(-1.,0.,0.));
#2172=DIRECTION('center_axis',(0.,0.,-1.));
#2173=DIRECTION('ref_axis',(-1.,0.,0.));
#2174=DIRECTION('',(0.,0.,-1.));
#2175=DIRECTION('center_axis',(-2.91206039245943E-17,0.,-1.));
#2176=DIRECTION('ref_axis',(-1.,0.,0.));
#2177=DIRECTION('center_axis',(0.,0.,1.));
#2178=DIRECTION('ref_axis',(-1.,0.,0.));
#2179=DIRECTION('',(-0.707106781186548,-8.65956056235493E-17,-0.707106781186548));
#2180=DIRECTION('center_axis',(0.,0.,-1.));
#2181=DIRECTION('ref_axis',(-1.,0.,0.));
#2182=DIRECTION('center_axis',(0.,0.,-1.));
#2183=DIRECTION('ref_axis',(-1.,0.,0.));
#2184=DIRECTION('',(0.,0.,-1.));
#2185=DIRECTION('center_axis',(-2.91206039245943E-17,0.,-1.));
#2186=DIRECTION('ref_axis',(-1.,0.,0.));
#2187=DIRECTION('center_axis',(0.,0.,1.));
#2188=DIRECTION('ref_axis',(-1.,0.,0.));
#2189=DIRECTION('',(-0.707106781186546,-8.65956056235491E-17,-0.707106781186549));
#2190=DIRECTION('center_axis',(0.,0.,-1.));
#2191=DIRECTION('ref_axis',(-1.,0.,0.));
#2192=DIRECTION('center_axis',(0.,0.,-1.));
#2193=DIRECTION('ref_axis',(-1.,0.,0.));
#2194=DIRECTION('',(0.,0.,-1.));
#2195=DIRECTION('center_axis',(-2.91206039245943E-17,0.,-1.));
#2196=DIRECTION('ref_axis',(-1.,0.,0.));
#2197=DIRECTION('center_axis',(0.,0.,1.));
#2198=DIRECTION('ref_axis',(-1.,0.,0.));
#2199=DIRECTION('',(-0.707106781186546,-8.65956056235491E-17,-0.707106781186549));
#2200=DIRECTION('center_axis',(0.,0.,-1.));
#2201=DIRECTION('ref_axis',(-1.,0.,0.));
#2202=DIRECTION('center_axis',(0.,0.,-1.));
#2203=DIRECTION('ref_axis',(-1.,0.,0.));
#2204=DIRECTION('',(0.,0.,-1.));
#2205=DIRECTION('center_axis',(-2.91206039245943E-17,0.,-1.));
#2206=DIRECTION('ref_axis',(-1.,0.,0.));
#2207=DIRECTION('center_axis',(0.,0.,1.));
#2208=DIRECTION('ref_axis',(-1.,0.,0.));
#2209=DIRECTION('',(-0.707106781186546,-8.65956056235491E-17,-0.707106781186549));
#2210=DIRECTION('center_axis',(0.,0.,-1.));
#2211=DIRECTION('ref_axis',(-1.,0.,0.));
#2212=DIRECTION('center_axis',(0.,0.,-1.));
#2213=DIRECTION('ref_axis',(-1.,0.,0.));
#2214=DIRECTION('',(0.,0.,-1.));
#2215=DIRECTION('center_axis',(-2.91206039245943E-17,0.,-1.));
#2216=DIRECTION('ref_axis',(-1.,0.,0.));
#2217=DIRECTION('center_axis',(0.,0.,1.));
#2218=DIRECTION('ref_axis',(-1.,0.,0.));
#2219=DIRECTION('',(-0.707106781186546,-8.65956056235491E-17,-0.707106781186549));
#2220=DIRECTION('center_axis',(0.,0.,-1.));
#2221=DIRECTION('ref_axis',(-1.,0.,0.));
#2222=DIRECTION('center_axis',(0.,0.,-1.));
#2223=DIRECTION('ref_axis',(-1.,0.,0.));
#2224=DIRECTION('',(0.,0.,-1.));
#2225=DIRECTION('center_axis',(-2.91206039245943E-17,0.,-1.));
#2226=DIRECTION('ref_axis',(-1.,0.,0.));
#2227=DIRECTION('center_axis',(0.,0.,1.));
#2228=DIRECTION('ref_axis',(-1.,0.,0.));
#2229=DIRECTION('',(-0.707106781186548,-8.65956056235493E-17,-0.707106781186548));
#2230=DIRECTION('center_axis',(0.,0.,-1.));
#2231=DIRECTION('ref_axis',(-1.,0.,0.));
#2232=DIRECTION('center_axis',(0.,0.,-1.));
#2233=DIRECTION('ref_axis',(-1.,0.,0.));
#2234=DIRECTION('',(0.,0.,-1.));
#2235=DIRECTION('center_axis',(-2.91206039245943E-17,0.,-1.));
#2236=DIRECTION('ref_axis',(-1.,0.,0.));
#2237=DIRECTION('center_axis',(0.,0.,1.));
#2238=DIRECTION('ref_axis',(-1.,0.,0.));
#2239=DIRECTION('',(-0.707106781186548,-8.65956056235493E-17,-0.707106781186548));
#2240=DIRECTION('center_axis',(0.,0.,-1.));
#2241=DIRECTION('ref_axis',(-1.,0.,0.));
#2242=DIRECTION('center_axis',(0.,0.,-1.));
#2243=DIRECTION('ref_axis',(-1.,0.,0.));
#2244=DIRECTION('',(0.,0.,-1.));
#2245=DIRECTION('center_axis',(-2.91206039245943E-17,0.,-1.));
#2246=DIRECTION('ref_axis',(-1.,0.,0.));
#2247=DIRECTION('center_axis',(0.,0.,1.));
#2248=DIRECTION('ref_axis',(-1.,0.,0.));
#2249=DIRECTION('',(-0.707106781186547,-8.65956056235493E-17,-0.707106781186548));
#2250=DIRECTION('center_axis',(0.,0.,-1.));
#2251=DIRECTION('ref_axis',(-1.,0.,0.));
#2252=DIRECTION('center_axis',(0.,0.,-1.));
#2253=DIRECTION('ref_axis',(-1.,0.,0.));
#2254=DIRECTION('',(0.,0.,-1.));
#2255=DIRECTION('center_axis',(-2.91206039245943E-17,0.,-1.));
#2256=DIRECTION('ref_axis',(-1.,0.,0.));
#2257=DIRECTION('center_axis',(0.,0.,1.));
#2258=DIRECTION('ref_axis',(-1.,0.,0.));
#2259=DIRECTION('',(-0.707106781186547,-8.65956056235493E-17,-0.707106781186548));
#2260=DIRECTION('center_axis',(0.,0.,-1.));
#2261=DIRECTION('ref_axis',(-1.,0.,0.));
#2262=DIRECTION('center_axis',(0.,0.,-1.));
#2263=DIRECTION('ref_axis',(-1.,0.,0.));
#2264=DIRECTION('',(0.,0.,-1.));
#2265=DIRECTION('center_axis',(-2.91206039245943E-17,0.,-1.));
#2266=DIRECTION('ref_axis',(-1.,0.,0.));
#2267=DIRECTION('center_axis',(0.,0.,1.));
#2268=DIRECTION('ref_axis',(-1.,0.,0.));
#2269=DIRECTION('',(-0.707106781186548,-8.65956056235493E-17,-0.707106781186548));
#2270=DIRECTION('center_axis',(0.,0.,-1.));
#2271=DIRECTION('ref_axis',(-1.,0.,0.));
#2272=DIRECTION('center_axis',(0.,0.,-1.));
#2273=DIRECTION('ref_axis',(-1.,0.,0.));
#2274=DIRECTION('',(0.,0.,-1.));
#2275=DIRECTION('center_axis',(-2.91206039245943E-17,0.,-1.));
#2276=DIRECTION('ref_axis',(-1.,0.,0.));
#2277=DIRECTION('center_axis',(0.,0.,1.));
#2278=DIRECTION('ref_axis',(-1.,0.,0.));
#2279=DIRECTION('',(-0.707106781186548,-8.65956056235493E-17,-0.707106781186548));
#2280=DIRECTION('center_axis',(0.,0.,-1.));
#2281=DIRECTION('ref_axis',(-1.,0.,0.));
#2282=DIRECTION('center_axis',(0.,0.,-1.));
#2283=DIRECTION('ref_axis',(-1.,0.,0.));
#2284=DIRECTION('',(0.,0.,-1.));
#2285=DIRECTION('center_axis',(-2.91206039245943E-17,0.,-1.));
#2286=DIRECTION('ref_axis',(-1.,0.,0.));
#2287=DIRECTION('center_axis',(0.,0.,1.));
#2288=DIRECTION('ref_axis',(-1.,0.,0.));
#2289=DIRECTION('',(-0.707106781186546,-8.65956056235491E-17,-0.707106781186549));
#2290=DIRECTION('center_axis',(0.,0.,-1.));
#2291=DIRECTION('ref_axis',(-1.,0.,0.));
#2292=DIRECTION('center_axis',(0.,0.,-1.));
#2293=DIRECTION('ref_axis',(-1.,0.,0.));
#2294=DIRECTION('',(0.,0.,-1.));
#2295=DIRECTION('center_axis',(-2.91206039245943E-17,0.,-1.));
#2296=DIRECTION('ref_axis',(-1.,0.,0.));
#2297=DIRECTION('center_axis',(0.,0.,1.));
#2298=DIRECTION('ref_axis',(-1.,0.,0.));
#2299=DIRECTION('',(-0.707106781186546,-8.65956056235491E-17,-0.707106781186549));
#2300=DIRECTION('center_axis',(0.,0.,-1.));
#2301=DIRECTION('ref_axis',(-1.,0.,0.));
#2302=DIRECTION('center_axis',(0.,0.,-1.));
#2303=DIRECTION('ref_axis',(-1.,0.,0.));
#2304=DIRECTION('',(0.,0.,-1.));
#2305=DIRECTION('center_axis',(-2.91206039245943E-17,0.,-1.));
#2306=DIRECTION('ref_axis',(-1.,0.,0.));
#2307=DIRECTION('center_axis',(0.,0.,1.));
#2308=DIRECTION('ref_axis',(-1.,0.,0.));
#2309=DIRECTION('',(-0.707106781186548,-8.65956056235493E-17,-0.707106781186548));
#2310=DIRECTION('center_axis',(0.,0.,-1.));
#2311=DIRECTION('ref_axis',(-1.,0.,0.));
#2312=DIRECTION('center_axis',(0.,0.,-1.));
#2313=DIRECTION('ref_axis',(-1.,0.,0.));
#2314=DIRECTION('',(0.,0.,-1.));
#2315=DIRECTION('center_axis',(-2.91206039245943E-17,0.,-1.));
#2316=DIRECTION('ref_axis',(-1.,0.,0.));
#2317=DIRECTION('center_axis',(0.,0.,1.));
#2318=DIRECTION('ref_axis',(-1.,0.,0.));
#2319=DIRECTION('',(-0.707106781186548,-8.65956056235493E-17,-0.707106781186548));
#2320=DIRECTION('center_axis',(0.,0.,-1.));
#2321=DIRECTION('ref_axis',(-1.,0.,0.));
#2322=DIRECTION('center_axis',(0.,0.,-1.));
#2323=DIRECTION('ref_axis',(-1.,0.,0.));
#2324=DIRECTION('',(0.,0.,-1.));
#2325=DIRECTION('center_axis',(-2.91206039245943E-17,0.,-1.));
#2326=DIRECTION('ref_axis',(-1.,0.,0.));
#2327=DIRECTION('center_axis',(0.,0.,1.));
#2328=DIRECTION('ref_axis',(-1.,0.,0.));
#2329=DIRECTION('',(-0.707106781186547,-8.65956056235493E-17,-0.707106781186548));
#2330=DIRECTION('center_axis',(0.,0.,-1.));
#2331=DIRECTION('ref_axis',(-1.,0.,0.));
#2332=DIRECTION('center_axis',(0.,0.,-1.));
#2333=DIRECTION('ref_axis',(-1.,0.,0.));
#2334=DIRECTION('',(0.,0.,-1.));
#2335=DIRECTION('center_axis',(-2.91206039245943E-17,0.,-1.));
#2336=DIRECTION('ref_axis',(-1.,0.,0.));
#2337=DIRECTION('center_axis',(0.,0.,1.));
#2338=DIRECTION('ref_axis',(-1.,0.,0.));
#2339=DIRECTION('',(-0.707106781186547,-8.65956056235493E-17,-0.707106781186548));
#2340=DIRECTION('center_axis',(0.,0.,-1.));
#2341=DIRECTION('ref_axis',(-1.,0.,0.));
#2342=DIRECTION('center_axis',(0.,0.,-1.));
#2343=DIRECTION('ref_axis',(-1.,0.,0.));
#2344=DIRECTION('',(0.,0.,-1.));
#2345=DIRECTION('center_axis',(-2.91206039245943E-17,0.,-1.));
#2346=DIRECTION('ref_axis',(-1.,0.,0.));
#2347=DIRECTION('center_axis',(0.,0.,1.));
#2348=DIRECTION('ref_axis',(-1.,0.,0.));
#2349=DIRECTION('',(-0.707106781186548,-8.65956056235493E-17,-0.707106781186548));
#2350=DIRECTION('center_axis',(0.,0.,-1.));
#2351=DIRECTION('ref_axis',(-1.,0.,0.));
#2352=DIRECTION('center_axis',(0.,0.,-1.));
#2353=DIRECTION('ref_axis',(-1.,0.,0.));
#2354=DIRECTION('',(0.,0.,-1.));
#2355=DIRECTION('center_axis',(-2.91206039245943E-17,0.,-1.));
#2356=DIRECTION('ref_axis',(-1.,0.,0.));
#2357=DIRECTION('center_axis',(0.,0.,1.));
#2358=DIRECTION('ref_axis',(-1.,0.,0.));
#2359=DIRECTION('',(-0.707106781186548,-8.65956056235493E-17,-0.707106781186548));
#2360=DIRECTION('center_axis',(0.,0.,-1.));
#2361=DIRECTION('ref_axis',(-1.,0.,0.));
#2362=DIRECTION('center_axis',(0.,0.,-1.));
#2363=DIRECTION('ref_axis',(-1.,0.,0.));
#2364=DIRECTION('',(0.,0.,-1.));
#2365=DIRECTION('center_axis',(-2.91206039245943E-17,0.,-1.));
#2366=DIRECTION('ref_axis',(-1.,0.,0.));
#2367=DIRECTION('center_axis',(0.,0.,1.));
#2368=DIRECTION('ref_axis',(-1.,0.,0.));
#2369=DIRECTION('',(-0.707106781186546,-8.65956056235491E-17,-0.707106781186549));
#2370=DIRECTION('center_axis',(0.,0.,-1.));
#2371=DIRECTION('ref_axis',(-1.,0.,0.));
#2372=DIRECTION('center_axis',(0.,0.,-1.));
#2373=DIRECTION('ref_axis',(-1.,0.,0.));
#2374=DIRECTION('',(0.,0.,-1.));
#2375=DIRECTION('center_axis',(-2.91206039245943E-17,0.,-1.));
#2376=DIRECTION('ref_axis',(-1.,0.,0.));
#2377=DIRECTION('center_axis',(0.,0.,1.));
#2378=DIRECTION('ref_axis',(-1.,0.,0.));
#2379=DIRECTION('',(-0.707106781186546,-8.65956056235491E-17,-0.707106781186549));
#2380=DIRECTION('center_axis',(0.,0.,-1.));
#2381=DIRECTION('ref_axis',(-1.,0.,0.));
#2382=DIRECTION('center_axis',(0.,0.,-1.));
#2383=DIRECTION('ref_axis',(-1.,0.,0.));
#2384=DIRECTION('',(0.,0.,-1.));
#2385=DIRECTION('center_axis',(-2.91206039245943E-17,0.,-1.));
#2386=DIRECTION('ref_axis',(-1.,0.,0.));
#2387=DIRECTION('center_axis',(0.,0.,1.));
#2388=DIRECTION('ref_axis',(-1.,0.,0.));
#2389=DIRECTION('center_axis',(0.,0.,1.));
#2390=DIRECTION('ref_axis',(-1.,0.,0.));
#2391=DIRECTION('',(-0.707106781186547,-8.65956056235493E-17,-0.707106781186547));
#2392=DIRECTION('center_axis',(0.,0.,-1.));
#2393=DIRECTION('ref_axis',(-1.,0.,0.));
#2394=DIRECTION('center_axis',(0.,0.,-1.));
#2395=DIRECTION('ref_axis',(-1.,0.,0.));
#2396=DIRECTION('',(0.,0.,-1.));
#2397=DIRECTION('center_axis',(0.,0.,1.));
#2398=DIRECTION('ref_axis',(-1.,0.,0.));
#2399=DIRECTION('center_axis',(0.,0.,1.));
#2400=DIRECTION('ref_axis',(-1.,0.,0.));
#2401=DIRECTION('center_axis',(0.,0.,1.));
#2402=DIRECTION('ref_axis',(-1.,0.,0.));
#2403=DIRECTION('center_axis',(0.,0.,1.));
#2404=DIRECTION('ref_axis',(-1.,0.,0.));
#2405=DIRECTION('',(-0.707106781186547,-8.65956056235493E-17,-0.707106781186547));
#2406=DIRECTION('center_axis',(0.,0.,-1.));
#2407=DIRECTION('ref_axis',(-1.,0.,0.));
#2408=DIRECTION('center_axis',(0.,0.,-1.));
#2409=DIRECTION('ref_axis',(-1.,0.,0.));
#2410=DIRECTION('',(0.,0.,-1.));
#2411=DIRECTION('center_axis',(0.,0.,1.));
#2412=DIRECTION('ref_axis',(-1.,0.,0.));
#2413=DIRECTION('center_axis',(0.,0.,1.));
#2414=DIRECTION('ref_axis',(-1.,0.,0.));
#2415=DIRECTION('center_axis',(0.,0.,1.));
#2416=DIRECTION('ref_axis',(-1.,0.,0.));
#2417=DIRECTION('center_axis',(0.,0.,1.));
#2418=DIRECTION('ref_axis',(-1.,0.,0.));
#2419=DIRECTION('',(-0.707106781186547,-8.65956056235493E-17,-0.707106781186547));
#2420=DIRECTION('center_axis',(0.,0.,-1.));
#2421=DIRECTION('ref_axis',(-1.,0.,0.));
#2422=DIRECTION('center_axis',(0.,0.,-1.));
#2423=DIRECTION('ref_axis',(-1.,0.,0.));
#2424=DIRECTION('',(0.,0.,-1.));
#2425=DIRECTION('center_axis',(0.,0.,1.));
#2426=DIRECTION('ref_axis',(-1.,0.,0.));
#2427=DIRECTION('center_axis',(0.,0.,1.));
#2428=DIRECTION('ref_axis',(-1.,0.,0.));
#2429=DIRECTION('center_axis',(0.,0.,1.));
#2430=DIRECTION('ref_axis',(-1.,0.,0.));
#2431=DIRECTION('center_axis',(0.,0.,1.));
#2432=DIRECTION('ref_axis',(-1.,0.,0.));
#2433=DIRECTION('',(-0.707106781186547,-8.65956056235493E-17,-0.707106781186547));
#2434=DIRECTION('center_axis',(0.,0.,-1.));
#2435=DIRECTION('ref_axis',(-1.,0.,0.));
#2436=DIRECTION('center_axis',(0.,0.,-1.));
#2437=DIRECTION('ref_axis',(-1.,0.,0.));
#2438=DIRECTION('',(0.,0.,-1.));
#2439=DIRECTION('center_axis',(0.,0.,1.));
#2440=DIRECTION('ref_axis',(-1.,0.,0.));
#2441=DIRECTION('center_axis',(0.,0.,1.));
#2442=DIRECTION('ref_axis',(-1.,0.,0.));
#2443=DIRECTION('center_axis',(1.,0.,0.));
#2444=DIRECTION('ref_axis',(0.,1.,0.));
#2445=DIRECTION('',(0.,1.,0.));
#2446=DIRECTION('',(0.,0.,1.));
#2447=DIRECTION('',(0.,1.,0.));
#2448=DIRECTION('',(0.,0.,1.));
#2449=DIRECTION('center_axis',(3.09901751465501E-17,-1.,0.));
#2450=DIRECTION('ref_axis',(1.,3.09901751465501E-17,0.));
#2451=DIRECTION('',(1.,3.09901751465501E-17,-2.91206039245943E-17));
#2452=DIRECTION('',(1.,3.09901751465501E-17,0.));
#2453=DIRECTION('',(0.,0.,1.));
#2454=DIRECTION('center_axis',(-1.,8.11121844475E-16,0.));
#2455=DIRECTION('ref_axis',(-8.11121844475E-16,-1.,0.));
#2456=DIRECTION('',(-8.11121844475E-16,-1.,2.36203579675428E-32));
#2457=DIRECTION('',(-8.11121844475E-16,-1.,0.));
#2458=DIRECTION('',(0.,0.,1.));
#2459=DIRECTION('center_axis',(-6.19803502931002E-17,1.,0.));
#2460=DIRECTION('ref_axis',(-1.,-6.19803502931002E-17,0.));
#2461=DIRECTION('',(-1.,-6.19803502931002E-17,2.91206039245943E-17));
#2462=DIRECTION('',(-1.,-6.19803502931002E-17,0.));
#2463=DIRECTION('center_axis',(-2.91206039245943E-17,0.,-1.));
#2464=DIRECTION('ref_axis',(-1.,0.,2.91206039245943E-17));
#2465=DIRECTION('center_axis',(-2.91206039245943E-17,0.,-1.));
#2466=DIRECTION('ref_axis',(-1.,0.,0.));
#2467=DIRECTION('center_axis',(-2.91206039245943E-17,0.,-1.));
#2468=DIRECTION('ref_axis',(-1.,0.,0.));
#2469=DIRECTION('center_axis',(-2.91206039245943E-17,0.,-1.));
#2470=DIRECTION('ref_axis',(-1.,0.,0.));
#2471=DIRECTION('center_axis',(-2.91206039245943E-17,0.,-1.));
#2472=DIRECTION('ref_axis',(-1.,0.,0.));
#2473=DIRECTION('center_axis',(8.23655060293124E-17,-0.707106781186544,
0.707106781186551));
#2474=DIRECTION('ref_axis',(1.,0.,-1.16482415698376E-16));
#2475=DIRECTION('',(0.,0.707106781186551,0.707106781186544));
#2476=DIRECTION('',(0.,-0.707106781186551,-0.707106781186544));
#2477=DIRECTION('',(1.,1.16482415698377E-16,0.));
#2478=DIRECTION('center_axis',(0.,0.,-1.));
#2479=DIRECTION('ref_axis',(0.707106781186549,-0.707106781186546,0.));
#2480=DIRECTION('center_axis',(0.,0.,1.));
#2481=DIRECTION('ref_axis',(0.707106781186549,-0.707106781186546,0.));
#2482=DIRECTION('',(-0.707106781186546,0.,0.707106781186549));
#2483=DIRECTION('center_axis',(0.707106781186551,1.18497544051606E-16,0.707106781186544));
#2484=DIRECTION('ref_axis',(0.707106781186544,0.,-0.707106781186551));
#2485=DIRECTION('',(-0.707106781186544,0.,0.707106781186551));
#2486=DIRECTION('',(-1.67580833905684E-16,1.,0.));
#2487=DIRECTION('center_axis',(0.,0.,-1.));
#2488=DIRECTION('ref_axis',(0.707106781186546,0.707106781186549,0.));
#2489=DIRECTION('center_axis',(0.,0.,1.));
#2490=DIRECTION('ref_axis',(0.707106781186546,0.707106781186549,0.));
#2491=DIRECTION('',(0.,-0.707106781186546,0.707106781186549));
#2492=DIRECTION('center_axis',(0.,0.707106781186549,0.707106781186546));
#2493=DIRECTION('ref_axis',(1.,0.,0.));
#2494=DIRECTION('',(0.,-0.707106781186546,0.707106781186549));
#2495=DIRECTION('',(-1.,0.,0.));
#2496=DIRECTION('center_axis',(0.,0.,-1.));
#2497=DIRECTION('ref_axis',(-0.707106781186546,0.707106781186549,0.));
#2498=DIRECTION('center_axis',(0.,0.,1.));
#2499=DIRECTION('ref_axis',(-0.707106781186546,0.707106781186549,0.));
#2500=DIRECTION('',(0.707106781186543,0.,0.707106781186552));
#2501=DIRECTION('center_axis',(-0.707106781186551,1.18497544051606E-16,
0.707106781186544));
#2502=DIRECTION('ref_axis',(0.707106781186544,0.,0.707106781186551));
#2503=DIRECTION('',(0.707106781186544,0.,0.707106781186551));
#2504=DIRECTION('',(-1.67580833905684E-16,-1.,0.));
#2505=DIRECTION('center_axis',(0.,0.,-1.));
#2506=DIRECTION('ref_axis',(-0.707106781186549,-0.707106781186546,0.));
#2507=DIRECTION('center_axis',(0.,0.,1.));
#2508=DIRECTION('ref_axis',(-0.707106781186549,-0.707106781186546,0.));
#2509=DIRECTION('center_axis',(0.,0.,1.));
#2510=DIRECTION('ref_axis',(0.707106781186547,0.707106781186548,0.));
#2511=DIRECTION('',(0.,0.,-1.));
#2512=DIRECTION('center_axis',(2.91206039245943E-17,0.,1.));
#2513=DIRECTION('ref_axis',(0.707106781186547,0.707106781186548,0.));
#2514=DIRECTION('',(0.,0.,1.));
#2515=DIRECTION('center_axis',(1.,1.67580833905684E-16,0.));
#2516=DIRECTION('ref_axis',(-1.67580833905684E-16,1.,0.));
#2517=DIRECTION('',(0.,0.,1.));
#2518=DIRECTION('',(-1.67580833905684E-16,1.,0.));
#2519=DIRECTION('center_axis',(0.,0.,1.));
#2520=DIRECTION('ref_axis',(0.707106781186549,-0.707106781186546,0.));
#2521=DIRECTION('',(0.,0.,-1.));
#2522=DIRECTION('center_axis',(2.91206039245943E-17,0.,1.));
#2523=DIRECTION('ref_axis',(0.707106781186549,-0.707106781186546,0.));
#2524=DIRECTION('center_axis',(1.16482415698377E-16,-1.,0.));
#2525=DIRECTION('ref_axis',(1.,1.16482415698377E-16,-2.91206039245943E-17));
#2526=DIRECTION('',(0.,0.,1.));
#2527=DIRECTION('',(-1.,-1.16482415698377E-16,2.91206039245943E-17));
#2528=DIRECTION('center_axis',(0.,0.,-1.));
#2529=DIRECTION('ref_axis',(-1.,0.,0.));
#2530=DIRECTION('',(0.,0.,-1.));
#2531=DIRECTION('center_axis',(0.,0.,-1.));
#2532=DIRECTION('ref_axis',(-1.,0.,0.));
#2533=DIRECTION('',(0.,0.,-1.));
#2534=DIRECTION('center_axis',(0.,0.,-1.));
#2535=DIRECTION('ref_axis',(-1.,0.,0.));
#2536=DIRECTION('',(0.,0.,-1.));
#2537=DIRECTION('center_axis',(0.,0.,-1.));
#2538=DIRECTION('ref_axis',(-1.,0.,0.));
#2539=DIRECTION('',(0.,0.,-1.));
#2540=DIRECTION('center_axis',(2.91206039245943E-17,0.,1.));
#2541=DIRECTION('ref_axis',(1.,0.,-2.91206039245943E-17));
#2542=DIRECTION('center_axis',(2.91206039245943E-17,0.,1.));
#2543=DIRECTION('ref_axis',(-0.707106781186549,-0.707106781186546,0.));
#2544=DIRECTION('',(-1.67580833905684E-16,-1.,0.));
#2545=DIRECTION('center_axis',(2.91206039245943E-17,0.,1.));
#2546=DIRECTION('ref_axis',(-0.707106781186547,0.707106781186548,0.));
#2547=DIRECTION('',(-1.,0.,0.));
#2548=DIRECTION('',(1.,0.,-2.91206039245943E-17));
#2549=DIRECTION('center_axis',(2.91206039245943E-17,0.,1.));
#2550=DIRECTION('ref_axis',(0.707106781186548,-0.707106781186548,0.));
#2551=DIRECTION('',(-1.12343148550966E-34,1.,3.27150033259454E-51));
#2552=DIRECTION('center_axis',(2.91206039245943E-17,0.,1.));
#2553=DIRECTION('ref_axis',(0.707106781186548,0.707106781186548,0.));
#2554=DIRECTION('',(-1.,0.,2.91206039245943E-17));
#2555=DIRECTION('center_axis',(2.91206039245943E-17,0.,1.));
#2556=DIRECTION('ref_axis',(-0.707106781186548,0.707106781186548,0.));
#2557=DIRECTION('',(-3.79563427222276E-16,-1.,1.10531162284015E-32));
#2558=DIRECTION('center_axis',(2.91206039245943E-17,0.,1.));
#2559=DIRECTION('ref_axis',(-0.707106781186548,-0.707106781186548,0.));
#2560=DIRECTION('center_axis',(0.,0.,1.));
#2561=DIRECTION('ref_axis',(-0.707106781186549,-0.707106781186546,0.));
#2562=DIRECTION('',(0.,0.,-1.));
#2563=DIRECTION('center_axis',(-1.,1.67580833905684E-16,0.));
#2564=DIRECTION('ref_axis',(-1.67580833905684E-16,-1.,0.));
#2565=DIRECTION('',(0.,0.,1.));
#2566=DIRECTION('center_axis',(0.,0.,1.));
#2567=DIRECTION('ref_axis',(-0.707106781186547,0.707106781186548,0.));
#2568=DIRECTION('',(0.,0.,-1.));
#2569=DIRECTION('center_axis',(0.,0.,-1.));
#2570=DIRECTION('ref_axis',(0.707106781186548,-0.707106781186548,0.));
#2571=DIRECTION('center_axis',(0.,0.,1.));
#2572=DIRECTION('ref_axis',(0.707106781186548,-0.707106781186548,0.));
#2573=DIRECTION('',(0.,0.,1.));
#2574=DIRECTION('',(0.,0.,-1.));
#2575=DIRECTION('center_axis',(1.,1.12343148550966E-34,0.));
#2576=DIRECTION('ref_axis',(1.12343148550966E-34,-1.,3.85785778488216E-18));
#2577=DIRECTION('',(1.12343148550966E-34,-1.,3.85785778488216E-18));
#2578=DIRECTION('',(0.,0.,-1.));
#2579=DIRECTION('center_axis',(0.,0.,-1.));
#2580=DIRECTION('ref_axis',(-1.,0.,0.));
#2581=DIRECTION('',(-1.,0.,-6.17046289584701E-19));
#2582=DIRECTION('center_axis',(0.,0.,1.));
#2583=DIRECTION('ref_axis',(-0.707106781186548,-0.707106781186548,0.));
#2584=DIRECTION('',(3.79563427222276E-16,1.,-9.29619279131279E-17));
#2585=DIRECTION('center_axis',(0.,0.,1.));
#2586=DIRECTION('ref_axis',(-0.707106781186548,0.707106781186548,0.));
#2587=DIRECTION('',(1.,0.,2.91206039245943E-17));
#2588=DIRECTION('center_axis',(0.,0.,1.));
#2589=DIRECTION('ref_axis',(0.707106781186548,0.707106781186548,0.));
#2590=DIRECTION('center_axis',(0.,0.,-1.));
#2591=DIRECTION('ref_axis',(0.707106781186548,0.707106781186548,0.));
#2592=DIRECTION('',(0.,0.,1.));
#2593=DIRECTION('center_axis',(0.,1.,0.));
#2594=DIRECTION('ref_axis',(1.,0.,2.91206039245943E-17));
#2595=DIRECTION('',(0.,0.,-1.));
#2596=DIRECTION('center_axis',(0.,0.,-1.));
#2597=DIRECTION('ref_axis',(-0.707106781186548,-0.707106781186548,0.));
#2598=DIRECTION('',(0.,0.,1.));
#2599=DIRECTION('',(0.,0.,-1.));
#2600=DIRECTION('center_axis',(0.,-1.,0.));
#2601=DIRECTION('ref_axis',(-1.,0.,-6.17046289584701E-19));
#2602=DIRECTION('center_axis',(0.,0.,-1.));
#2603=DIRECTION('ref_axis',(-0.707106781186548,0.707106781186548,0.));
#2604=DIRECTION('',(0.,0.,1.));
#2605=DIRECTION('center_axis',(-1.,3.79563427222276E-16,0.));
#2606=DIRECTION('ref_axis',(3.79563427222276E-16,1.,-9.29619279131279E-17));
#2607=DIRECTION('center_axis',(0.,1.,0.));
#2608=DIRECTION('ref_axis',(-1.,0.,0.));
#2609=CARTESIAN_POINT('',(0.,0.,0.));
#2610=CARTESIAN_POINT('Origin',(60.,-15.,32.5));
#2611=CARTESIAN_POINT('',(66.,-15.,33.));
#2612=CARTESIAN_POINT('Origin',(60.,-15.,33.));
#2613=CARTESIAN_POINT('',(65.,-15.,32.));
#2614=CARTESIAN_POINT('',(65.5,-15.,32.5));
#2615=CARTESIAN_POINT('Origin',(60.,-15.,32.));
#2616=CARTESIAN_POINT('Origin',(8.88178419700125E-15,0.,33.));
#2617=CARTESIAN_POINT('',(73.25,-25.5,33.));
#2618=CARTESIAN_POINT('',(-73.25,-25.5,33.));
#2619=CARTESIAN_POINT('',(-38.125,-25.5,33.));
#2620=CARTESIAN_POINT('',(75.25,-23.5,33.));
#2621=CARTESIAN_POINT('Origin',(73.25,-23.5,33.));
#2622=CARTESIAN_POINT('',(75.25,23.5,33.));
#2623=CARTESIAN_POINT('',(75.25,-13.25,33.));
#2624=CARTESIAN_POINT('',(73.25,25.5,33.));
#2625=CARTESIAN_POINT('Origin',(73.25,23.5,33.));
#2626=CARTESIAN_POINT('',(-73.25,25.5,33.));
#2627=CARTESIAN_POINT('',(38.125,25.5,33.));
#2628=CARTESIAN_POINT('',(-75.25,23.5,33.));
#2629=CARTESIAN_POINT('Origin',(-73.25,23.5,33.));
#2630=CARTESIAN_POINT('',(-75.25,-23.5,33.));
#2631=CARTESIAN_POINT('',(-75.25,13.25,33.));
#2632=CARTESIAN_POINT('Origin',(-73.25,-23.5,33.));
#2633=CARTESIAN_POINT('',(51.,-15.,33.));
#2634=CARTESIAN_POINT('Origin',(45.,-15.,33.));
#2635=CARTESIAN_POINT('',(21.,-15.,33.));
#2636=CARTESIAN_POINT('Origin',(15.,-15.,33.));
#2637=CARTESIAN_POINT('',(-9.00000000000004,-15.,33.));
#2638=CARTESIAN_POINT('Origin',(-15.,-15.,33.));
#2639=CARTESIAN_POINT('',(-39.,-15.,33.));
#2640=CARTESIAN_POINT('Origin',(-45.,-15.,33.));
#2641=CARTESIAN_POINT('',(-54.,-1.92492263637644E-14,33.));
#2642=CARTESIAN_POINT('Origin',(-60.,-1.99840144432528E-14,33.));
#2643=CARTESIAN_POINT('',(-24.,-1.92492263637644E-14,33.));
#2644=CARTESIAN_POINT('Origin',(-30.,-1.99840144432528E-14,33.));
#2645=CARTESIAN_POINT('',(5.99999999999996,-1.92492263637644E-14,33.));
#2646=CARTESIAN_POINT('Origin',(-3.5527136788005E-14,-1.99840144432528E-14,
33.));
#2647=CARTESIAN_POINT('',(36.,-1.92492263637644E-14,33.));
#2648=CARTESIAN_POINT('Origin',(30.,-1.99840144432528E-14,33.));
#2649=CARTESIAN_POINT('',(66.,-1.92492263637644E-14,33.));
#2650=CARTESIAN_POINT('Origin',(60.,-1.99840144432528E-14,33.));
#2651=CARTESIAN_POINT('',(51.,15.,33.));
#2652=CARTESIAN_POINT('Origin',(45.,15.,33.));
#2653=CARTESIAN_POINT('',(21.,15.,33.));
#2654=CARTESIAN_POINT('Origin',(15.,15.,33.));
#2655=CARTESIAN_POINT('',(-9.00000000000004,15.,33.));
#2656=CARTESIAN_POINT('Origin',(-15.,15.,33.));
#2657=CARTESIAN_POINT('',(-39.,15.,33.));
#2658=CARTESIAN_POINT('Origin',(-45.,15.,33.));
#2659=CARTESIAN_POINT('',(-66.65,-19.9,33.));
#2660=CARTESIAN_POINT('Origin',(-69.65,-19.9,33.));
#2661=CARTESIAN_POINT('',(72.65,-19.9,33.));
#2662=CARTESIAN_POINT('Origin',(69.65,-19.9,33.));
#2663=CARTESIAN_POINT('',(-66.65,19.9,33.));
#2664=CARTESIAN_POINT('Origin',(-69.65,19.9,33.));
#2665=CARTESIAN_POINT('',(72.65,19.9,33.));
#2666=CARTESIAN_POINT('Origin',(69.65,19.9,33.));
#2667=CARTESIAN_POINT('',(-54.,15.,33.));
#2668=CARTESIAN_POINT('Origin',(-60.,15.,33.));
#2669=CARTESIAN_POINT('',(-24.,15.,33.));
#2670=CARTESIAN_POINT('Origin',(-30.,15.,33.));
#2671=CARTESIAN_POINT('',(5.99999999999996,15.,33.));
#2672=CARTESIAN_POINT('Origin',(-3.5527136788005E-14,15.,33.));
#2673=CARTESIAN_POINT('',(36.,15.,33.));
#2674=CARTESIAN_POINT('Origin',(30.,15.,33.));
#2675=CARTESIAN_POINT('',(66.,15.,33.));
#2676=CARTESIAN_POINT('Origin',(60.,15.,33.));
#2677=CARTESIAN_POINT('',(51.,-1.92492263637644E-14,33.));
#2678=CARTESIAN_POINT('Origin',(45.,-1.99840144432528E-14,33.));
#2679=CARTESIAN_POINT('',(21.,-1.92492263637644E-14,33.));
#2680=CARTESIAN_POINT('Origin',(15.,-1.99840144432528E-14,33.));
#2681=CARTESIAN_POINT('',(-9.00000000000004,-1.92492263637644E-14,33.));
#2682=CARTESIAN_POINT('Origin',(-15.,-1.99840144432528E-14,33.));
#2683=CARTESIAN_POINT('',(-39.,-1.92492263637644E-14,33.));
#2684=CARTESIAN_POINT('Origin',(-45.,-1.99840144432528E-14,33.));
#2685=CARTESIAN_POINT('',(-54.,-15.,33.));
#2686=CARTESIAN_POINT('Origin',(-60.,-15.,33.));
#2687=CARTESIAN_POINT('',(-24.,-15.,33.));
#2688=CARTESIAN_POINT('Origin',(-30.,-15.,33.));
#2689=CARTESIAN_POINT('',(5.99999999999996,-15.,33.));
#2690=CARTESIAN_POINT('Origin',(-3.5527136788005E-14,-15.,33.));
#2691=CARTESIAN_POINT('',(36.,-15.,33.));
#2692=CARTESIAN_POINT('Origin',(30.,-15.,33.));
#2693=CARTESIAN_POINT('Origin',(60.,-15.,33.));
#2694=CARTESIAN_POINT('',(65.,-15.,30.));
#2695=CARTESIAN_POINT('',(65.,-15.,33.));
#2696=CARTESIAN_POINT('Origin',(60.,-15.,30.));
#2697=CARTESIAN_POINT('Origin',(45.,-15.,32.5));
#2698=CARTESIAN_POINT('',(50.,-15.,32.));
#2699=CARTESIAN_POINT('',(50.5,-15.,32.5));
#2700=CARTESIAN_POINT('Origin',(45.,-15.,32.));
#2701=CARTESIAN_POINT('Origin',(45.,-15.,33.));
#2702=CARTESIAN_POINT('',(50.,-15.,30.));
#2703=CARTESIAN_POINT('',(50.,-15.,33.));
#2704=CARTESIAN_POINT('Origin',(45.,-15.,30.));
#2705=CARTESIAN_POINT('Origin',(30.,-15.,32.5));
#2706=CARTESIAN_POINT('',(35.,-15.,32.));
#2707=CARTESIAN_POINT('',(35.5,-15.,32.5));
#2708=CARTESIAN_POINT('Origin',(30.,-15.,32.));
#2709=CARTESIAN_POINT('Origin',(30.,-15.,33.));
#2710=CARTESIAN_POINT('',(35.,-15.,30.));
#2711=CARTESIAN_POINT('',(35.,-15.,33.));
#2712=CARTESIAN_POINT('Origin',(30.,-15.,30.));
#2713=CARTESIAN_POINT('Origin',(15.,-15.,32.5));
#2714=CARTESIAN_POINT('',(20.,-15.,32.));
#2715=CARTESIAN_POINT('',(20.5,-15.,32.5));
#2716=CARTESIAN_POINT('Origin',(15.,-15.,32.));
#2717=CARTESIAN_POINT('Origin',(15.,-15.,33.));
#2718=CARTESIAN_POINT('',(20.,-15.,30.));
#2719=CARTESIAN_POINT('',(20.,-15.,33.));
#2720=CARTESIAN_POINT('Origin',(15.,-15.,30.));
#2721=CARTESIAN_POINT('Origin',(-3.5527136788005E-14,-15.,32.5));
#2722=CARTESIAN_POINT('',(4.99999999999996,-15.,32.));
#2723=CARTESIAN_POINT('',(5.49999999999996,-15.,32.5));
#2724=CARTESIAN_POINT('Origin',(-3.5527136788005E-14,-15.,32.));
#2725=CARTESIAN_POINT('Origin',(-3.5527136788005E-14,-15.,33.));
#2726=CARTESIAN_POINT('',(4.99999999999996,-15.,30.));
#2727=CARTESIAN_POINT('',(4.99999999999996,-15.,33.));
#2728=CARTESIAN_POINT('Origin',(-3.5527136788005E-14,-15.,30.));
#2729=CARTESIAN_POINT('Origin',(-15.,-15.,32.5));
#2730=CARTESIAN_POINT('',(-10.,-15.,32.));
#2731=CARTESIAN_POINT('',(-9.50000000000004,-15.,32.5));
#2732=CARTESIAN_POINT('Origin',(-15.,-15.,32.));
#2733=CARTESIAN_POINT('Origin',(-15.,-15.,33.));
#2734=CARTESIAN_POINT('',(-10.,-15.,30.));
#2735=CARTESIAN_POINT('',(-10.,-15.,33.));
#2736=CARTESIAN_POINT('Origin',(-15.,-15.,30.));
#2737=CARTESIAN_POINT('Origin',(-30.,-15.,32.5));
#2738=CARTESIAN_POINT('',(-25.,-15.,32.));
#2739=CARTESIAN_POINT('',(-24.5,-15.,32.5));
#2740=CARTESIAN_POINT('Origin',(-30.,-15.,32.));
#2741=CARTESIAN_POINT('Origin',(-30.,-15.,33.));
#2742=CARTESIAN_POINT('',(-25.,-15.,30.));
#2743=CARTESIAN_POINT('',(-25.,-15.,33.));
#2744=CARTESIAN_POINT('Origin',(-30.,-15.,30.));
#2745=CARTESIAN_POINT('Origin',(-45.,-15.,32.5));
#2746=CARTESIAN_POINT('',(-40.,-15.,32.));
#2747=CARTESIAN_POINT('',(-39.5,-15.,32.5));
#2748=CARTESIAN_POINT('Origin',(-45.,-15.,32.));
#2749=CARTESIAN_POINT('Origin',(-45.,-15.,33.));
#2750=CARTESIAN_POINT('',(-40.,-15.,30.));
#2751=CARTESIAN_POINT('',(-40.,-15.,33.));
#2752=CARTESIAN_POINT('Origin',(-45.,-15.,30.));
#2753=CARTESIAN_POINT('Origin',(-60.,-15.,32.5));
#2754=CARTESIAN_POINT('',(-55.,-15.,32.));
#2755=CARTESIAN_POINT('',(-54.5,-15.,32.5));
#2756=CARTESIAN_POINT('Origin',(-60.,-15.,32.));
#2757=CARTESIAN_POINT('Origin',(-60.,-15.,33.));
#2758=CARTESIAN_POINT('',(-55.,-15.,30.));
#2759=CARTESIAN_POINT('',(-55.,-15.,33.));
#2760=CARTESIAN_POINT('Origin',(-60.,-15.,30.));
#2761=CARTESIAN_POINT('Origin',(-60.,-1.99840144432528E-14,32.5));
#2762=CARTESIAN_POINT('',(-55.,-2.05963378428265E-14,32.));
#2763=CARTESIAN_POINT('',(-54.5,-1.93104587037218E-14,32.5));
#2764=CARTESIAN_POINT('Origin',(-60.,-1.99840144432528E-14,32.));
#2765=CARTESIAN_POINT('Origin',(-60.,-1.99840144432528E-14,33.));
#2766=CARTESIAN_POINT('',(-55.,-2.05963378428265E-14,30.));
#2767=CARTESIAN_POINT('',(-55.,-2.05963378428265E-14,33.));
#2768=CARTESIAN_POINT('Origin',(-60.,-1.99840144432528E-14,30.));
#2769=CARTESIAN_POINT('Origin',(-45.,-1.99840144432528E-14,32.5));
#2770=CARTESIAN_POINT('',(-40.,-2.05963378428265E-14,32.));
#2771=CARTESIAN_POINT('',(-39.5,-1.93104587037218E-14,32.5));
#2772=CARTESIAN_POINT('Origin',(-45.,-1.99840144432528E-14,32.));
#2773=CARTESIAN_POINT('Origin',(-45.,-1.99840144432528E-14,33.));
#2774=CARTESIAN_POINT('',(-40.,-2.05963378428265E-14,30.));
#2775=CARTESIAN_POINT('',(-40.,-2.05963378428265E-14,33.));
#2776=CARTESIAN_POINT('Origin',(-45.,-1.99840144432528E-14,30.));
#2777=CARTESIAN_POINT('Origin',(-30.,-1.99840144432528E-14,32.5));
#2778=CARTESIAN_POINT('',(-25.,-2.05963378428265E-14,32.));
#2779=CARTESIAN_POINT('',(-24.5,-1.93104587037218E-14,32.5));
#2780=CARTESIAN_POINT('Origin',(-30.,-1.99840144432528E-14,32.));
#2781=CARTESIAN_POINT('Origin',(-30.,-1.99840144432528E-14,33.));
#2782=CARTESIAN_POINT('',(-25.,-2.05963378428265E-14,30.));
#2783=CARTESIAN_POINT('',(-25.,-2.05963378428265E-14,33.));
#2784=CARTESIAN_POINT('Origin',(-30.,-1.99840144432528E-14,30.));
#2785=CARTESIAN_POINT('Origin',(-15.,-1.99840144432528E-14,32.5));
#2786=CARTESIAN_POINT('',(-10.,-2.05963378428265E-14,32.));
#2787=CARTESIAN_POINT('',(-9.50000000000004,-1.93104587037218E-14,32.5));
#2788=CARTESIAN_POINT('Origin',(-15.,-1.99840144432528E-14,32.));
#2789=CARTESIAN_POINT('Origin',(-15.,-1.99840144432528E-14,33.));
#2790=CARTESIAN_POINT('',(-10.,-2.05963378428265E-14,30.));
#2791=CARTESIAN_POINT('',(-10.,-2.05963378428265E-14,33.));
#2792=CARTESIAN_POINT('Origin',(-15.,-1.99840144432528E-14,30.));
#2793=CARTESIAN_POINT('Origin',(-3.5527136788005E-14,-1.99840144432528E-14,
32.5));
#2794=CARTESIAN_POINT('',(4.99999999999996,-2.05963378428265E-14,32.));
#2795=CARTESIAN_POINT('',(5.49999999999996,-1.93104587037218E-14,32.5));
#2796=CARTESIAN_POINT('Origin',(-3.5527136788005E-14,-1.99840144432528E-14,
32.));
#2797=CARTESIAN_POINT('Origin',(-3.5527136788005E-14,-1.99840144432528E-14,
33.));
#2798=CARTESIAN_POINT('',(4.99999999999996,-2.05963378428265E-14,30.));
#2799=CARTESIAN_POINT('',(4.99999999999996,-2.05963378428265E-14,33.));
#2800=CARTESIAN_POINT('Origin',(-3.5527136788005E-14,-1.99840144432528E-14,
30.));
#2801=CARTESIAN_POINT('Origin',(15.,-1.99840144432528E-14,32.5));
#2802=CARTESIAN_POINT('',(20.,-2.05963378428265E-14,32.));
#2803=CARTESIAN_POINT('',(20.5,-1.93104587037218E-14,32.5));
#2804=CARTESIAN_POINT('Origin',(15.,-1.99840144432528E-14,32.));
#2805=CARTESIAN_POINT('Origin',(15.,-1.99840144432528E-14,33.));
#2806=CARTESIAN_POINT('',(20.,-2.05963378428265E-14,30.));
#2807=CARTESIAN_POINT('',(20.,-2.05963378428265E-14,33.));
#2808=CARTESIAN_POINT('Origin',(15.,-1.99840144432528E-14,30.));
#2809=CARTESIAN_POINT('Origin',(30.,-1.99840144432528E-14,32.5));
#2810=CARTESIAN_POINT('',(35.,-2.05963378428265E-14,32.));
#2811=CARTESIAN_POINT('',(35.5,-1.93104587037218E-14,32.5));
#2812=CARTESIAN_POINT('Origin',(30.,-1.99840144432528E-14,32.));
#2813=CARTESIAN_POINT('Origin',(30.,-1.99840144432528E-14,33.));
#2814=CARTESIAN_POINT('',(35.,-2.05963378428265E-14,30.));
#2815=CARTESIAN_POINT('',(35.,-2.05963378428265E-14,33.));
#2816=CARTESIAN_POINT('Origin',(30.,-1.99840144432528E-14,30.));
#2817=CARTESIAN_POINT('Origin',(45.,-1.99840144432528E-14,32.5));
#2818=CARTESIAN_POINT('',(50.,-2.05963378428265E-14,32.));
#2819=CARTESIAN_POINT('',(50.5,-1.93104587037218E-14,32.5));
#2820=CARTESIAN_POINT('Origin',(45.,-1.99840144432528E-14,32.));
#2821=CARTESIAN_POINT('Origin',(45.,-1.99840144432528E-14,33.));
#2822=CARTESIAN_POINT('',(50.,-2.05963378428265E-14,30.));
#2823=CARTESIAN_POINT('',(50.,-2.05963378428265E-14,33.));
#2824=CARTESIAN_POINT('Origin',(45.,-1.99840144432528E-14,30.));
#2825=CARTESIAN_POINT('Origin',(60.,-1.99840144432528E-14,32.5));
#2826=CARTESIAN_POINT('',(65.,-2.05963378428265E-14,32.));
#2827=CARTESIAN_POINT('',(65.5,-1.93104587037218E-14,32.5));
#2828=CARTESIAN_POINT('Origin',(60.,-1.99840144432528E-14,32.));
#2829=CARTESIAN_POINT('Origin',(60.,-1.99840144432528E-14,33.));
#2830=CARTESIAN_POINT('',(65.,-2.05963378428265E-14,30.));
#2831=CARTESIAN_POINT('',(65.,-2.05963378428265E-14,33.));
#2832=CARTESIAN_POINT('Origin',(60.,-1.99840144432528E-14,30.));
#2833=CARTESIAN_POINT('Origin',(60.,15.,32.5));
#2834=CARTESIAN_POINT('',(65.,15.,32.));
#2835=CARTESIAN_POINT('',(65.5,15.,32.5));
#2836=CARTESIAN_POINT('Origin',(60.,15.,32.));
#2837=CARTESIAN_POINT('Origin',(60.,15.,33.));
#2838=CARTESIAN_POINT('',(65.,15.,30.));
#2839=CARTESIAN_POINT('',(65.,15.,33.));
#2840=CARTESIAN_POINT('Origin',(60.,15.,30.));
#2841=CARTESIAN_POINT('Origin',(45.,15.,32.5));
#2842=CARTESIAN_POINT('',(50.,15.,32.));
#2843=CARTESIAN_POINT('',(50.5,15.,32.5));
#2844=CARTESIAN_POINT('Origin',(45.,15.,32.));
#2845=CARTESIAN_POINT('Origin',(45.,15.,33.));
#2846=CARTESIAN_POINT('',(50.,15.,30.));
#2847=CARTESIAN_POINT('',(50.,15.,33.));
#2848=CARTESIAN_POINT('Origin',(45.,15.,30.));
#2849=CARTESIAN_POINT('Origin',(30.,15.,32.5));
#2850=CARTESIAN_POINT('',(35.,15.,32.));
#2851=CARTESIAN_POINT('',(35.5,15.,32.5));
#2852=CARTESIAN_POINT('Origin',(30.,15.,32.));
#2853=CARTESIAN_POINT('Origin',(30.,15.,33.));
#2854=CARTESIAN_POINT('',(35.,15.,30.));
#2855=CARTESIAN_POINT('',(35.,15.,33.));
#2856=CARTESIAN_POINT('Origin',(30.,15.,30.));
#2857=CARTESIAN_POINT('Origin',(15.,15.,32.5));
#2858=CARTESIAN_POINT('',(20.,15.,32.));
#2859=CARTESIAN_POINT('',(20.5,15.,32.5));
#2860=CARTESIAN_POINT('Origin',(15.,15.,32.));
#2861=CARTESIAN_POINT('Origin',(15.,15.,33.));
#2862=CARTESIAN_POINT('',(20.,15.,30.));
#2863=CARTESIAN_POINT('',(20.,15.,33.));
#2864=CARTESIAN_POINT('Origin',(15.,15.,30.));
#2865=CARTESIAN_POINT('Origin',(-3.5527136788005E-14,15.,32.5));
#2866=CARTESIAN_POINT('',(4.99999999999996,15.,32.));
#2867=CARTESIAN_POINT('',(5.49999999999996,15.,32.5));
#2868=CARTESIAN_POINT('Origin',(-3.5527136788005E-14,15.,32.));
#2869=CARTESIAN_POINT('Origin',(-3.5527136788005E-14,15.,33.));
#2870=CARTESIAN_POINT('',(4.99999999999996,15.,30.));
#2871=CARTESIAN_POINT('',(4.99999999999996,15.,33.));
#2872=CARTESIAN_POINT('Origin',(-3.5527136788005E-14,15.,30.));
#2873=CARTESIAN_POINT('Origin',(-15.,15.,32.5));
#2874=CARTESIAN_POINT('',(-10.,15.,32.));
#2875=CARTESIAN_POINT('',(-9.50000000000004,15.,32.5));
#2876=CARTESIAN_POINT('Origin',(-15.,15.,32.));
#2877=CARTESIAN_POINT('Origin',(-15.,15.,33.));
#2878=CARTESIAN_POINT('',(-10.,15.,30.));
#2879=CARTESIAN_POINT('',(-10.,15.,33.));
#2880=CARTESIAN_POINT('Origin',(-15.,15.,30.));
#2881=CARTESIAN_POINT('Origin',(-30.,15.,32.5));
#2882=CARTESIAN_POINT('',(-25.,15.,32.));
#2883=CARTESIAN_POINT('',(-24.5,15.,32.5));
#2884=CARTESIAN_POINT('Origin',(-30.,15.,32.));
#2885=CARTESIAN_POINT('Origin',(-30.,15.,33.));
#2886=CARTESIAN_POINT('',(-25.,15.,30.));
#2887=CARTESIAN_POINT('',(-25.,15.,33.));
#2888=CARTESIAN_POINT('Origin',(-30.,15.,30.));
#2889=CARTESIAN_POINT('Origin',(-45.,15.,32.5));
#2890=CARTESIAN_POINT('',(-40.,15.,32.));
#2891=CARTESIAN_POINT('',(-39.5,15.,32.5));
#2892=CARTESIAN_POINT('Origin',(-45.,15.,32.));
#2893=CARTESIAN_POINT('Origin',(-45.,15.,33.));
#2894=CARTESIAN_POINT('',(-40.,15.,30.));
#2895=CARTESIAN_POINT('',(-40.,15.,33.));
#2896=CARTESIAN_POINT('Origin',(-45.,15.,30.));
#2897=CARTESIAN_POINT('Origin',(-60.,15.,32.5));
#2898=CARTESIAN_POINT('',(-55.,15.,32.));
#2899=CARTESIAN_POINT('',(-54.5,15.,32.5));
#2900=CARTESIAN_POINT('Origin',(-60.,15.,32.));
#2901=CARTESIAN_POINT('Origin',(-60.,15.,33.));
#2902=CARTESIAN_POINT('',(-55.,15.,30.));
#2903=CARTESIAN_POINT('',(-55.,15.,33.));
#2904=CARTESIAN_POINT('Origin',(-60.,15.,30.));
#2905=CARTESIAN_POINT('Origin',(-69.65,19.9,31.25));
#2906=CARTESIAN_POINT('',(-66.65,19.9,31.5));
#2907=CARTESIAN_POINT('Origin',(-69.65,19.9,31.5));
#2908=CARTESIAN_POINT('',(-67.15,19.9,31.));
#2909=CARTESIAN_POINT('',(-66.9,19.9,31.25));
#2910=CARTESIAN_POINT('Origin',(-69.65,19.9,31.));
#2911=CARTESIAN_POINT('Origin',(-69.65,19.9,33.));
#2912=CARTESIAN_POINT('',(-66.65,19.9,33.));
#2913=CARTESIAN_POINT('Origin',(-69.65,19.9,31.));
#2914=CARTESIAN_POINT('',(-67.9,19.9,31.));
#2915=CARTESIAN_POINT('Origin',(-69.65,19.9,31.));
#2916=CARTESIAN_POINT('Origin',(-69.65,-19.9,31.25));
#2917=CARTESIAN_POINT('',(-66.65,-19.9,31.5));
#2918=CARTESIAN_POINT('Origin',(-69.65,-19.9,31.5));
#2919=CARTESIAN_POINT('',(-67.15,-19.9,31.));
#2920=CARTESIAN_POINT('',(-66.9,-19.9,31.25));
#2921=CARTESIAN_POINT('Origin',(-69.65,-19.9,31.));
#2922=CARTESIAN_POINT('Origin',(-69.65,-19.9,33.));
#2923=CARTESIAN_POINT('',(-66.65,-19.9,33.));
#2924=CARTESIAN_POINT('Origin',(-69.65,-19.9,31.));
#2925=CARTESIAN_POINT('',(-67.9,-19.9,31.));
#2926=CARTESIAN_POINT('Origin',(-69.65,-19.9,31.));
#2927=CARTESIAN_POINT('Origin',(69.65,19.9,31.25));
#2928=CARTESIAN_POINT('',(72.65,19.9,31.5));
#2929=CARTESIAN_POINT('Origin',(69.65,19.9,31.5));
#2930=CARTESIAN_POINT('',(72.15,19.9,31.));
#2931=CARTESIAN_POINT('',(72.4,19.9,31.25));
#2932=CARTESIAN_POINT('Origin',(69.65,19.9,31.));
#2933=CARTESIAN_POINT('Origin',(69.65,19.9,33.));
#2934=CARTESIAN_POINT('',(72.65,19.9,33.));
#2935=CARTESIAN_POINT('Origin',(69.65,19.9,31.));
#2936=CARTESIAN_POINT('',(71.4,19.9,31.));
#2937=CARTESIAN_POINT('Origin',(69.65,19.9,31.));
#2938=CARTESIAN_POINT('Origin',(69.65,-19.9,31.25));
#2939=CARTESIAN_POINT('',(72.65,-19.9,31.5));
#2940=CARTESIAN_POINT('Origin',(69.65,-19.9,31.5));
#2941=CARTESIAN_POINT('',(72.15,-19.9,31.));
#2942=CARTESIAN_POINT('',(72.4,-19.9,31.25));
#2943=CARTESIAN_POINT('Origin',(69.65,-19.9,31.));
#2944=CARTESIAN_POINT('Origin',(69.65,-19.9,33.));
#2945=CARTESIAN_POINT('',(72.65,-19.9,33.));
#2946=CARTESIAN_POINT('Origin',(69.65,-19.9,31.));
#2947=CARTESIAN_POINT('',(71.4,-19.9,31.));
#2948=CARTESIAN_POINT('Origin',(69.65,-19.9,31.));
#2949=CARTESIAN_POINT('Origin',(71.65,-21.9,28.));
#2950=CARTESIAN_POINT('',(71.65,-21.9,30.));
#2951=CARTESIAN_POINT('',(71.65,21.9,30.));
#2952=CARTESIAN_POINT('',(71.65,-10.95,30.));
#2953=CARTESIAN_POINT('',(71.65,21.9,28.));
#2954=CARTESIAN_POINT('',(71.65,21.9,28.));
#2955=CARTESIAN_POINT('',(71.65,-21.9,28.));
#2956=CARTESIAN_POINT('',(71.65,-10.95,28.));
#2957=CARTESIAN_POINT('',(71.65,-21.9,28.));
#2958=CARTESIAN_POINT('Origin',(-71.65,-21.9,28.));
#2959=CARTESIAN_POINT('',(-71.65,-21.9,30.));
#2960=CARTESIAN_POINT('',(-35.825,-21.9,30.));
#2961=CARTESIAN_POINT('',(-71.65,-21.9,28.));
#2962=CARTESIAN_POINT('',(-35.825,-21.9,28.));
#2963=CARTESIAN_POINT('',(-71.65,-21.9,28.));
#2964=CARTESIAN_POINT('Origin',(-71.65,21.9,28.));
#2965=CARTESIAN_POINT('',(-71.65,21.9,30.));
#2966=CARTESIAN_POINT('',(-71.65,10.95,30.));
#2967=CARTESIAN_POINT('',(-71.65,21.9,28.));
#2968=CARTESIAN_POINT('',(-71.65,10.95,28.));
#2969=CARTESIAN_POINT('',(-71.65,21.9,28.));
#2970=CARTESIAN_POINT('Origin',(71.65,21.9,28.));
#2971=CARTESIAN_POINT('',(35.825,21.9,30.));
#2972=CARTESIAN_POINT('',(35.825,21.9,28.));
#2973=CARTESIAN_POINT('Origin',(-8.88178419700125E-15,4.44089209850063E-15,
30.));
#2974=CARTESIAN_POINT('',(71.4,19.9,30.));
#2975=CARTESIAN_POINT('Origin',(69.65,19.9,30.));
#2976=CARTESIAN_POINT('',(-67.9,19.9,30.));
#2977=CARTESIAN_POINT('Origin',(-69.65,19.9,30.));
#2978=CARTESIAN_POINT('',(71.4,-19.9,30.));
#2979=CARTESIAN_POINT('Origin',(69.65,-19.9,30.));
#2980=CARTESIAN_POINT('',(-67.9,-19.9,30.));
#2981=CARTESIAN_POINT('Origin',(-69.65,-19.9,30.));
#2982=CARTESIAN_POINT('Origin',(-38.125,-26.,32.5));
#2983=CARTESIAN_POINT('',(73.25,-26.5,32.));
#2984=CARTESIAN_POINT('',(73.25,-26.5,32.));
#2985=CARTESIAN_POINT('',(-73.25,-26.5,32.));
#2986=CARTESIAN_POINT('',(-73.25,-25.5,33.));
#2987=CARTESIAN_POINT('',(-38.125,-26.5,32.));
#2988=CARTESIAN_POINT('Origin',(73.25,-23.5,32.5));
#2989=CARTESIAN_POINT('',(76.25,-23.5,32.));
#2990=CARTESIAN_POINT('Origin',(73.25,-23.5,32.));
#2991=CARTESIAN_POINT('',(76.25,-23.5,32.));
#2992=CARTESIAN_POINT('Origin',(75.75,-13.25,32.5));
#2993=CARTESIAN_POINT('',(76.25,23.5,32.));
#2994=CARTESIAN_POINT('',(76.25,23.5,32.));
#2995=CARTESIAN_POINT('',(76.25,-13.25,32.));
#2996=CARTESIAN_POINT('Origin',(73.25,23.5,32.5));
#2997=CARTESIAN_POINT('',(73.25,26.5,32.));
#2998=CARTESIAN_POINT('Origin',(73.25,23.5,32.));
#2999=CARTESIAN_POINT('',(73.25,26.5,32.));
#3000=CARTESIAN_POINT('Origin',(38.125,26.,32.5));
#3001=CARTESIAN_POINT('',(-73.25,26.5,32.));
#3002=CARTESIAN_POINT('',(-73.25,26.5,32.));
#3003=CARTESIAN_POINT('',(38.125,26.5,32.));
#3004=CARTESIAN_POINT('Origin',(-73.25,23.5,32.5));
#3005=CARTESIAN_POINT('',(-76.25,23.5,32.));
#3006=CARTESIAN_POINT('Origin',(-73.25,23.5,32.));
#3007=CARTESIAN_POINT('',(-76.25,23.5,32.));
#3008=CARTESIAN_POINT('Origin',(-75.75,13.25,32.5));
#3009=CARTESIAN_POINT('',(-76.25,-23.5,32.));
#3010=CARTESIAN_POINT('',(-76.25,-23.5,32.));
#3011=CARTESIAN_POINT('',(-76.25,13.25,32.));
#3012=CARTESIAN_POINT('Origin',(-73.25,-23.5,32.5));
#3013=CARTESIAN_POINT('Origin',(-73.25,-23.5,32.));
#3014=CARTESIAN_POINT('Origin',(73.25,23.5,30.));
#3015=CARTESIAN_POINT('',(76.25,23.5,30.));
#3016=CARTESIAN_POINT('',(76.25,23.5,30.));
#3017=CARTESIAN_POINT('',(73.25,26.5,30.));
#3018=CARTESIAN_POINT('Origin',(73.25,23.5,30.));
#3019=CARTESIAN_POINT('',(73.25,26.5,30.));
#3020=CARTESIAN_POINT('Origin',(76.25,-26.5,30.));
#3021=CARTESIAN_POINT('',(76.25,-23.5,30.));
#3022=CARTESIAN_POINT('',(76.25,-23.5,30.));
#3023=CARTESIAN_POINT('',(76.25,-26.5,30.));
#3024=CARTESIAN_POINT('Origin',(73.25,-23.5,30.));
#3025=CARTESIAN_POINT('',(73.25,-26.5,30.));
#3026=CARTESIAN_POINT('',(73.25,-26.5,30.));
#3027=CARTESIAN_POINT('Origin',(73.25,-23.5,30.));
#3028=CARTESIAN_POINT('Origin',(-76.25,-26.5,30.));
#3029=CARTESIAN_POINT('',(-73.25,-26.5,30.));
#3030=CARTESIAN_POINT('',(-73.25,-26.5,30.));
#3031=CARTESIAN_POINT('',(76.25,-26.5,30.));
#3032=CARTESIAN_POINT('Origin',(69.65,19.9,33.));
#3033=CARTESIAN_POINT('',(71.4,19.9,33.));
#3034=CARTESIAN_POINT('Origin',(-69.65,19.9,33.));
#3035=CARTESIAN_POINT('',(-67.9,19.9,33.));
#3036=CARTESIAN_POINT('Origin',(69.65,-19.9,33.));
#3037=CARTESIAN_POINT('',(71.4,-19.9,33.));
#3038=CARTESIAN_POINT('Origin',(-69.65,-19.9,33.));
#3039=CARTESIAN_POINT('',(-67.9,-19.9,33.));
#3040=CARTESIAN_POINT('Origin',(8.88178419700125E-15,0.,30.));
#3041=CARTESIAN_POINT('',(-76.25,-23.5,30.));
#3042=CARTESIAN_POINT('Origin',(-73.25,-23.5,30.));
#3043=CARTESIAN_POINT('',(-76.25,23.5,30.));
#3044=CARTESIAN_POINT('',(-76.25,26.5,30.));
#3045=CARTESIAN_POINT('',(-73.25,26.5,30.));
#3046=CARTESIAN_POINT('Origin',(-73.25,23.5,30.));
#3047=CARTESIAN_POINT('',(76.25,26.5,30.));
#3048=CARTESIAN_POINT('',(-72.15,-23.4,30.));
#3049=CARTESIAN_POINT('',(72.15,-23.4,30.));
#3050=CARTESIAN_POINT('',(36.575,-23.4,30.));
#3051=CARTESIAN_POINT('',(73.15,-22.4,30.));
#3052=CARTESIAN_POINT('Origin',(72.15,-22.4,30.));
#3053=CARTESIAN_POINT('',(73.15,22.4,30.));
#3054=CARTESIAN_POINT('',(73.15,11.7,30.));
#3055=CARTESIAN_POINT('',(72.15,23.4,30.));
#3056=CARTESIAN_POINT('Origin',(72.15,22.4,30.));
#3057=CARTESIAN_POINT('',(-72.15,23.4,30.));
#3058=CARTESIAN_POINT('',(-36.575,23.4,30.));
#3059=CARTESIAN_POINT('',(-73.15,22.4,30.));
#3060=CARTESIAN_POINT('Origin',(-72.15,22.4,30.));
#3061=CARTESIAN_POINT('',(-73.15,-22.4,30.));
#3062=CARTESIAN_POINT('',(-73.15,-11.7,30.));
#3063=CARTESIAN_POINT('Origin',(-72.15,-22.4,30.));
#3064=CARTESIAN_POINT('Origin',(-73.25,-23.5,30.));
#3065=CARTESIAN_POINT('',(-76.25,-23.5,30.));
#3066=CARTESIAN_POINT('Origin',(-76.25,26.5,30.));
#3067=CARTESIAN_POINT('',(-76.25,23.5,30.));
#3068=CARTESIAN_POINT('Origin',(-73.25,23.5,30.));
#3069=CARTESIAN_POINT('',(-73.25,26.5,30.));
#3070=CARTESIAN_POINT('Origin',(72.15,-22.4,30.));
#3071=CARTESIAN_POINT('',(72.15,-23.4,28.));
#3072=CARTESIAN_POINT('',(73.15,-22.4,28.));
#3073=CARTESIAN_POINT('Origin',(72.15,-22.4,28.));
#3074=CARTESIAN_POINT('',(73.15,-22.4,30.));
#3075=CARTESIAN_POINT('',(72.15,-23.4,30.));
#3076=CARTESIAN_POINT('Origin',(73.15,23.4,30.));
#3077=CARTESIAN_POINT('',(73.15,22.4,28.));
#3078=CARTESIAN_POINT('',(73.15,23.4,28.));
#3079=CARTESIAN_POINT('',(73.15,22.4,30.));
#3080=CARTESIAN_POINT('Origin',(0.,4.44089209850063E-15,28.));
#3081=CARTESIAN_POINT('',(-72.15,-23.4,28.));
#3082=CARTESIAN_POINT('',(73.15,-23.4,28.));
#3083=CARTESIAN_POINT('',(-73.15,-22.4,28.));
#3084=CARTESIAN_POINT('Origin',(-72.15,-22.4,28.));
#3085=CARTESIAN_POINT('',(-73.15,22.4,28.));
#3086=CARTESIAN_POINT('',(-73.15,-23.4,28.));
#3087=CARTESIAN_POINT('',(-72.15,23.4,28.));
#3088=CARTESIAN_POINT('Origin',(-72.15,22.4,28.));
#3089=CARTESIAN_POINT('',(72.15,23.4,28.));
#3090=CARTESIAN_POINT('',(-73.15,23.4,28.));
#3091=CARTESIAN_POINT('Origin',(72.15,22.4,28.));
#3092=CARTESIAN_POINT('Origin',(72.15,22.4,30.));
#3093=CARTESIAN_POINT('',(72.15,23.4,30.));
#3094=CARTESIAN_POINT('Origin',(-73.15,23.4,30.));
#3095=CARTESIAN_POINT('',(-72.15,23.4,30.));
#3096=CARTESIAN_POINT('Origin',(-72.15,-22.4,30.));
#3097=CARTESIAN_POINT('',(-72.15,-23.4,30.));
#3098=CARTESIAN_POINT('',(-73.15,-22.4,30.));
#3099=CARTESIAN_POINT('Origin',(73.15,-23.4,30.));
#3100=CARTESIAN_POINT('Origin',(-72.15,22.4,30.));
#3101=CARTESIAN_POINT('',(-73.15,22.4,30.));
#3102=CARTESIAN_POINT('Origin',(-73.15,-23.4,30.));
#3103=CARTESIAN_POINT('Origin',(76.25,26.5,30.));
#3104=UNCERTAINTY_MEASURE_WITH_UNIT(LENGTH_MEASURE(0.01),#3108,
'DISTANCE_ACCURACY_VALUE',
'Maximum model space distance between geometric entities at asserted c
onnectivities');
#3105=UNCERTAINTY_MEASURE_WITH_UNIT(LENGTH_MEASURE(0.01),#3108,
'DISTANCE_ACCURACY_VALUE',
'Maximum model space distance between geometric entities at asserted c
onnectivities');
#3106=(
GEOMETRIC_REPRESENTATION_CONTEXT(3)
GLOBAL_UNCERTAINTY_ASSIGNED_CONTEXT((#3104))
GLOBAL_UNIT_ASSIGNED_CONTEXT((#3108,#3110,#3111))
REPRESENTATION_CONTEXT('','3D')
);
#3107=(
GEOMETRIC_REPRESENTATION_CONTEXT(3)
GLOBAL_UNCERTAINTY_ASSIGNED_CONTEXT((#3105))
GLOBAL_UNIT_ASSIGNED_CONTEXT((#3108,#3110,#3111))
REPRESENTATION_CONTEXT('','3D')
);
#3108=(
LENGTH_UNIT()
NAMED_UNIT(*)
SI_UNIT(.MILLI.,.METRE.)
);
#3109=(
LENGTH_UNIT()
NAMED_UNIT(*)
SI_UNIT($,.METRE.)
);
#3110=(
NAMED_UNIT(*)
PLANE_ANGLE_UNIT()
SI_UNIT($,.RADIAN.)
);
#3111=(
NAMED_UNIT(*)
SI_UNIT($,.STERADIAN.)
SOLID_ANGLE_UNIT()
);
#3112=SHAPE_DEFINITION_REPRESENTATION(#3113,#3114);
#3113=PRODUCT_DEFINITION_SHAPE('',$,#3116);
#3114=SHAPE_REPRESENTATION('',(#1815),#3106);
#3115=PRODUCT_DEFINITION_CONTEXT('part definition',#3120,'design');
#3116=PRODUCT_DEFINITION('lid','lid',#3117,#3115);
#3117=PRODUCT_DEFINITION_FORMATION('',$,#3122);
#3118=PRODUCT_RELATED_PRODUCT_CATEGORY('lid','lid',(#3122));
#3119=APPLICATION_PROTOCOL_DEFINITION('international standard',
'automotive_design',2009,#3120);
#3120=APPLICATION_CONTEXT(
'Core Data for Automotive Mechanical Design Process');
#3121=PRODUCT_CONTEXT('part definition',#3120,'mechanical');
#3122=PRODUCT('lid','lid',$,(#3121));
#3123=PRESENTATION_STYLE_ASSIGNMENT((#3124));
#3124=SURFACE_STYLE_USAGE(.BOTH.,#3125);
#3125=SURFACE_SIDE_STYLE('',(#3126));
#3126=SURFACE_STYLE_FILL_AREA(#3127);
#3127=FILL_AREA_STYLE('Steel - Satin',(#3128));
#3128=FILL_AREA_STYLE_COLOUR('Steel - Satin',#3129);
#3129=COLOUR_RGB('Steel - Satin',0.627450980392157,0.627450980392157,0.627450980392157);
ENDSEC;
END-ISO-10303-21;
