ISO-10303-21;
HEADER;
/* Generated by software containing ST-Developer
 * from STEP Tools, Inc. (www.steptools.com) 
 */

FILE_DESCRIPTION(
/* description */ (''),
/* implementation_level */ '2;1');

FILE_NAME(
/* name */ 'konnected base.step',
/* time_stamp */ '2026-08-09T22:03:42-07:00',
/* author */ (''),
/* organization */ (''),
/* preprocessor_version */ 'ST-DEVELOPER v20.1',
/* originating_system */ 'Autodesk Translation Framework v14.24.0.0',
/* authorisation */ '');

FILE_SCHEMA (('AUTOMOTIVE_DESIGN { 1 0 10303 214 3 1 1 }'));
ENDSEC;

DATA;
#10=MECHANICAL_DESIGN_GEOMETRIC_PRESENTATION_REPRESENTATION('',(#13,#14,
#15,#16,#17),#4710);
#11=SHAPE_REPRESENTATION_RELATIONSHIP('SRR','None',#4717,#12);
#12=ADVANCED_BREP_SHAPE_REPRESENTATION('',(#18,#19,#20,#21,#22),#4709);
#13=STYLED_ITEM('',(#4726),#18);
#14=STYLED_ITEM('',(#4726),#19);
#15=STYLED_ITEM('',(#4726),#20);
#16=STYLED_ITEM('',(#4726),#21);
#17=STYLED_ITEM('',(#4726),#22);
#18=MANIFOLD_SOLID_BREP('Body1',#2866);
#19=MANIFOLD_SOLID_BREP('Body10',#2867);
#20=MANIFOLD_SOLID_BREP('Body11',#2868);
#21=MANIFOLD_SOLID_BREP('Body12',#2869);
#22=MANIFOLD_SOLID_BREP('Body13',#2870);
#23=CONICAL_SURFACE('',#2942,3.125,0.785398163397448);
#24=CONICAL_SURFACE('',#2947,3.125,0.785398163397448);
#25=FACE_BOUND('',#345,.T.);
#26=FACE_BOUND('',#354,.T.);
#27=FACE_BOUND('',#375,.T.);
#28=FACE_BOUND('',#420,.T.);
#29=FACE_BOUND('',#421,.T.);
#30=FACE_BOUND('',#422,.T.);
#31=FACE_BOUND('',#423,.T.);
#32=FACE_BOUND('',#424,.T.);
#33=FACE_BOUND('',#425,.T.);
#34=FACE_BOUND('',#427,.T.);
#35=FACE_BOUND('',#428,.T.);
#36=FACE_BOUND('',#429,.T.);
#37=FACE_BOUND('',#430,.T.);
#38=FACE_BOUND('',#431,.T.);
#39=FACE_BOUND('',#432,.T.);
#40=FACE_BOUND('',#440,.T.);
#41=FACE_BOUND('',#446,.T.);
#42=FACE_BOUND('',#448,.T.);
#43=FACE_BOUND('',#456,.T.);
#44=FACE_BOUND('',#462,.T.);
#45=FACE_BOUND('',#464,.T.);
#46=FACE_BOUND('',#472,.T.);
#47=FACE_BOUND('',#478,.T.);
#48=FACE_BOUND('',#480,.T.);
#49=FACE_BOUND('',#488,.T.);
#50=FACE_BOUND('',#494,.T.);
#51=FACE_BOUND('',#496,.T.);
#52=CIRCLE('',#2909,3.);
#53=CIRCLE('',#2910,3.);
#54=CIRCLE('',#2913,3.);
#55=CIRCLE('',#2914,3.);
#56=CIRCLE('',#2915,3.);
#57=CIRCLE('',#2916,4.);
#58=CIRCLE('',#2918,3.);
#59=CIRCLE('',#2921,3.);
#60=CIRCLE('',#2924,3.);
#61=CIRCLE('',#2926,3.);
#62=CIRCLE('',#2927,3.);
#63=CIRCLE('',#2930,3.);
#64=CIRCLE('',#2931,3.);
#65=CIRCLE('',#2932,3.);
#66=CIRCLE('',#2933,4.);
#67=CIRCLE('',#2935,3.);
#68=CIRCLE('',#2938,3.);
#69=CIRCLE('',#2940,3.);
#70=CIRCLE('',#2943,2.25000000000001);
#71=CIRCLE('',#2944,4.);
#72=CIRCLE('',#2946,2.25000000000001);
#73=CIRCLE('',#2948,2.25);
#74=CIRCLE('',#2949,4.);
#75=CIRCLE('',#2951,2.25);
#76=CIRCLE('',#2970,1.);
#77=CIRCLE('',#2971,3.);
#78=CIRCLE('',#2972,3.);
#79=CIRCLE('',#2973,1.);
#80=CIRCLE('',#2975,2.);
#81=CIRCLE('',#2976,2.);
#82=CIRCLE('',#2979,2.);
#83=CIRCLE('',#2980,2.);
#84=CIRCLE('',#2983,2.);
#85=CIRCLE('',#2984,2.);
#86=CIRCLE('',#2987,2.);
#87=CIRCLE('',#2988,2.);
#88=CIRCLE('',#2991,4.);
#89=CIRCLE('',#2992,4.);
#90=CIRCLE('',#2994,1.);
#91=CIRCLE('',#2995,3.);
#92=CIRCLE('',#2997,4.);
#93=CIRCLE('',#2999,4.);
#94=CIRCLE('',#3000,4.);
#95=CIRCLE('',#3003,4.);
#96=CIRCLE('',#3005,4.);
#97=CIRCLE('',#3007,4.);
#98=CIRCLE('',#3009,1.);
#99=CIRCLE('',#3010,3.);
#100=CIRCLE('',#3012,4.);
#101=CIRCLE('',#3013,4.);
#102=CIRCLE('',#3016,4.);
#103=CIRCLE('',#3018,4.);
#104=CIRCLE('',#3020,1.);
#105=CIRCLE('',#3022,1.);
#106=CIRCLE('',#3024,1.);
#107=CIRCLE('',#3026,1.);
#108=CIRCLE('',#3028,3.);
#109=CIRCLE('',#3030,3.);
#110=CIRCLE('',#3033,3.);
#111=CIRCLE('',#3035,3.);
#112=CIRCLE('',#3051,1.75000000000001);
#113=CIRCLE('',#3053,1.75000000000001);
#114=CIRCLE('',#3057,3.6);
#115=CIRCLE('',#3058,3.6);
#116=CIRCLE('',#3068,1.75000000000001);
#117=CIRCLE('',#3070,1.75000000000001);
#118=CIRCLE('',#3074,3.6);
#119=CIRCLE('',#3075,3.6);
#120=CIRCLE('',#3085,1.75000000000001);
#121=CIRCLE('',#3087,1.75000000000001);
#122=CIRCLE('',#3091,3.6);
#123=CIRCLE('',#3092,3.6);
#124=CIRCLE('',#3102,1.75000000000001);
#125=CIRCLE('',#3104,1.75000000000001);
#126=CIRCLE('',#3108,3.6);
#127=CIRCLE('',#3109,3.6);
#128=CYLINDRICAL_SURFACE('',#2908,3.);
#129=CYLINDRICAL_SURFACE('',#2917,3.);
#130=CYLINDRICAL_SURFACE('',#2920,3.);
#131=CYLINDRICAL_SURFACE('',#2923,3.);
#132=CYLINDRICAL_SURFACE('',#2925,3.);
#133=CYLINDRICAL_SURFACE('',#2934,3.);
#134=CYLINDRICAL_SURFACE('',#2937,3.);
#135=CYLINDRICAL_SURFACE('',#2939,3.);
#136=CYLINDRICAL_SURFACE('',#2945,2.25000000000001);
#137=CYLINDRICAL_SURFACE('',#2950,2.25);
#138=CYLINDRICAL_SURFACE('',#2952,4.);
#139=CYLINDRICAL_SURFACE('',#2953,4.);
#140=CYLINDRICAL_SURFACE('',#2974,2.);
#141=CYLINDRICAL_SURFACE('',#2978,2.);
#142=CYLINDRICAL_SURFACE('',#2982,2.);
#143=CYLINDRICAL_SURFACE('',#2986,2.);
#144=CYLINDRICAL_SURFACE('',#2990,4.);
#145=CYLINDRICAL_SURFACE('',#2998,4.);
#146=CYLINDRICAL_SURFACE('',#3004,4.);
#147=CYLINDRICAL_SURFACE('',#3006,4.);
#148=CYLINDRICAL_SURFACE('',#3011,4.);
#149=CYLINDRICAL_SURFACE('',#3017,4.);
#150=CYLINDRICAL_SURFACE('',#3019,1.);
#151=CYLINDRICAL_SURFACE('',#3021,1.);
#152=CYLINDRICAL_SURFACE('',#3023,1.);
#153=CYLINDRICAL_SURFACE('',#3025,1.);
#154=CYLINDRICAL_SURFACE('',#3027,3.);
#155=CYLINDRICAL_SURFACE('',#3029,3.);
#156=CYLINDRICAL_SURFACE('',#3032,3.);
#157=CYLINDRICAL_SURFACE('',#3034,3.);
#158=CYLINDRICAL_SURFACE('',#3052,1.75000000000001);
#159=CYLINDRICAL_SURFACE('',#3056,3.6);
#160=CYLINDRICAL_SURFACE('',#3069,1.75000000000001);
#161=CYLINDRICAL_SURFACE('',#3073,3.6);
#162=CYLINDRICAL_SURFACE('',#3086,1.75000000000001);
#163=CYLINDRICAL_SURFACE('',#3090,3.6);
#164=CYLINDRICAL_SURFACE('',#3103,1.75000000000001);
#165=CYLINDRICAL_SURFACE('',#3107,3.6);
#166=FACE_OUTER_BOUND('',#318,.T.);
#167=FACE_OUTER_BOUND('',#319,.T.);
#168=FACE_OUTER_BOUND('',#320,.T.);
#169=FACE_OUTER_BOUND('',#321,.T.);
#170=FACE_OUTER_BOUND('',#322,.T.);
#171=FACE_OUTER_BOUND('',#323,.T.);
#172=FACE_OUTER_BOUND('',#324,.T.);
#173=FACE_OUTER_BOUND('',#325,.T.);
#174=FACE_OUTER_BOUND('',#326,.T.);
#175=FACE_OUTER_BOUND('',#327,.T.);
#176=FACE_OUTER_BOUND('',#328,.T.);
#177=FACE_OUTER_BOUND('',#329,.T.);
#178=FACE_OUTER_BOUND('',#330,.T.);
#179=FACE_OUTER_BOUND('',#331,.T.);
#180=FACE_OUTER_BOUND('',#332,.T.);
#181=FACE_OUTER_BOUND('',#333,.T.);
#182=FACE_OUTER_BOUND('',#334,.T.);
#183=FACE_OUTER_BOUND('',#335,.T.);
#184=FACE_OUTER_BOUND('',#336,.T.);
#185=FACE_OUTER_BOUND('',#337,.T.);
#186=FACE_OUTER_BOUND('',#338,.T.);
#187=FACE_OUTER_BOUND('',#339,.T.);
#188=FACE_OUTER_BOUND('',#340,.T.);
#189=FACE_OUTER_BOUND('',#341,.T.);
#190=FACE_OUTER_BOUND('',#342,.T.);
#191=FACE_OUTER_BOUND('',#343,.T.);
#192=FACE_OUTER_BOUND('',#344,.T.);
#193=FACE_OUTER_BOUND('',#346,.T.);
#194=FACE_OUTER_BOUND('',#347,.T.);
#195=FACE_OUTER_BOUND('',#348,.T.);
#196=FACE_OUTER_BOUND('',#349,.T.);
#197=FACE_OUTER_BOUND('',#350,.T.);
#198=FACE_OUTER_BOUND('',#351,.T.);
#199=FACE_OUTER_BOUND('',#352,.T.);
#200=FACE_OUTER_BOUND('',#353,.T.);
#201=FACE_OUTER_BOUND('',#355,.T.);
#202=FACE_OUTER_BOUND('',#356,.T.);
#203=FACE_OUTER_BOUND('',#357,.T.);
#204=FACE_OUTER_BOUND('',#358,.T.);
#205=FACE_OUTER_BOUND('',#359,.T.);
#206=FACE_OUTER_BOUND('',#360,.T.);
#207=FACE_OUTER_BOUND('',#361,.T.);
#208=FACE_OUTER_BOUND('',#362,.T.);
#209=FACE_OUTER_BOUND('',#363,.T.);
#210=FACE_OUTER_BOUND('',#364,.T.);
#211=FACE_OUTER_BOUND('',#365,.T.);
#212=FACE_OUTER_BOUND('',#366,.T.);
#213=FACE_OUTER_BOUND('',#367,.T.);
#214=FACE_OUTER_BOUND('',#368,.T.);
#215=FACE_OUTER_BOUND('',#369,.T.);
#216=FACE_OUTER_BOUND('',#370,.T.);
#217=FACE_OUTER_BOUND('',#371,.T.);
#218=FACE_OUTER_BOUND('',#372,.T.);
#219=FACE_OUTER_BOUND('',#373,.T.);
#220=FACE_OUTER_BOUND('',#374,.T.);
#221=FACE_OUTER_BOUND('',#376,.T.);
#222=FACE_OUTER_BOUND('',#377,.T.);
#223=FACE_OUTER_BOUND('',#378,.T.);
#224=FACE_OUTER_BOUND('',#379,.T.);
#225=FACE_OUTER_BOUND('',#380,.T.);
#226=FACE_OUTER_BOUND('',#381,.T.);
#227=FACE_OUTER_BOUND('',#382,.T.);
#228=FACE_OUTER_BOUND('',#383,.T.);
#229=FACE_OUTER_BOUND('',#384,.T.);
#230=FACE_OUTER_BOUND('',#385,.T.);
#231=FACE_OUTER_BOUND('',#386,.T.);
#232=FACE_OUTER_BOUND('',#387,.T.);
#233=FACE_OUTER_BOUND('',#388,.T.);
#234=FACE_OUTER_BOUND('',#389,.T.);
#235=FACE_OUTER_BOUND('',#390,.T.);
#236=FACE_OUTER_BOUND('',#391,.T.);
#237=FACE_OUTER_BOUND('',#392,.T.);
#238=FACE_OUTER_BOUND('',#393,.T.);
#239=FACE_OUTER_BOUND('',#394,.T.);
#240=FACE_OUTER_BOUND('',#395,.T.);
#241=FACE_OUTER_BOUND('',#396,.T.);
#242=FACE_OUTER_BOUND('',#397,.T.);
#243=FACE_OUTER_BOUND('',#398,.T.);
#244=FACE_OUTER_BOUND('',#399,.T.);
#245=FACE_OUTER_BOUND('',#400,.T.);
#246=FACE_OUTER_BOUND('',#401,.T.);
#247=FACE_OUTER_BOUND('',#402,.T.);
#248=FACE_OUTER_BOUND('',#403,.T.);
#249=FACE_OUTER_BOUND('',#404,.T.);
#250=FACE_OUTER_BOUND('',#405,.T.);
#251=FACE_OUTER_BOUND('',#406,.T.);
#252=FACE_OUTER_BOUND('',#407,.T.);
#253=FACE_OUTER_BOUND('',#408,.T.);
#254=FACE_OUTER_BOUND('',#409,.T.);
#255=FACE_OUTER_BOUND('',#410,.T.);
#256=FACE_OUTER_BOUND('',#411,.T.);
#257=FACE_OUTER_BOUND('',#412,.T.);
#258=FACE_OUTER_BOUND('',#413,.T.);
#259=FACE_OUTER_BOUND('',#414,.T.);
#260=FACE_OUTER_BOUND('',#415,.T.);
#261=FACE_OUTER_BOUND('',#416,.T.);
#262=FACE_OUTER_BOUND('',#417,.T.);
#263=FACE_OUTER_BOUND('',#418,.T.);
#264=FACE_OUTER_BOUND('',#419,.T.);
#265=FACE_OUTER_BOUND('',#426,.T.);
#266=FACE_OUTER_BOUND('',#433,.T.);
#267=FACE_OUTER_BOUND('',#434,.T.);
#268=FACE_OUTER_BOUND('',#435,.T.);
#269=FACE_OUTER_BOUND('',#436,.T.);
#270=FACE_OUTER_BOUND('',#437,.T.);
#271=FACE_OUTER_BOUND('',#438,.T.);
#272=FACE_OUTER_BOUND('',#439,.T.);
#273=FACE_OUTER_BOUND('',#441,.T.);
#274=FACE_OUTER_BOUND('',#442,.T.);
#275=FACE_OUTER_BOUND('',#443,.T.);
#276=FACE_OUTER_BOUND('',#444,.T.);
#277=FACE_OUTER_BOUND('',#445,.T.);
#278=FACE_OUTER_BOUND('',#447,.T.);
#279=FACE_OUTER_BOUND('',#449,.T.);
#280=FACE_OUTER_BOUND('',#450,.T.);
#281=FACE_OUTER_BOUND('',#451,.T.);
#282=FACE_OUTER_BOUND('',#452,.T.);
#283=FACE_OUTER_BOUND('',#453,.T.);
#284=FACE_OUTER_BOUND('',#454,.T.);
#285=FACE_OUTER_BOUND('',#455,.T.);
#286=FACE_OUTER_BOUND('',#457,.T.);
#287=FACE_OUTER_BOUND('',#458,.T.);
#288=FACE_OUTER_BOUND('',#459,.T.);
#289=FACE_OUTER_BOUND('',#460,.T.);
#290=FACE_OUTER_BOUND('',#461,.T.);
#291=FACE_OUTER_BOUND('',#463,.T.);
#292=FACE_OUTER_BOUND('',#465,.T.);
#293=FACE_OUTER_BOUND('',#466,.T.);
#294=FACE_OUTER_BOUND('',#467,.T.);
#295=FACE_OUTER_BOUND('',#468,.T.);
#296=FACE_OUTER_BOUND('',#469,.T.);
#297=FACE_OUTER_BOUND('',#470,.T.);
#298=FACE_OUTER_BOUND('',#471,.T.);
#299=FACE_OUTER_BOUND('',#473,.T.);
#300=FACE_OUTER_BOUND('',#474,.T.);
#301=FACE_OUTER_BOUND('',#475,.T.);
#302=FACE_OUTER_BOUND('',#476,.T.);
#303=FACE_OUTER_BOUND('',#477,.T.);
#304=FACE_OUTER_BOUND('',#479,.T.);
#305=FACE_OUTER_BOUND('',#481,.T.);
#306=FACE_OUTER_BOUND('',#482,.T.);
#307=FACE_OUTER_BOUND('',#483,.T.);
#308=FACE_OUTER_BOUND('',#484,.T.);
#309=FACE_OUTER_BOUND('',#485,.T.);
#310=FACE_OUTER_BOUND('',#486,.T.);
#311=FACE_OUTER_BOUND('',#487,.T.);
#312=FACE_OUTER_BOUND('',#489,.T.);
#313=FACE_OUTER_BOUND('',#490,.T.);
#314=FACE_OUTER_BOUND('',#491,.T.);
#315=FACE_OUTER_BOUND('',#492,.T.);
#316=FACE_OUTER_BOUND('',#493,.T.);
#317=FACE_OUTER_BOUND('',#495,.T.);
#318=EDGE_LOOP('',(#1804,#1805,#1806,#1807));
#319=EDGE_LOOP('',(#1808,#1809,#1810,#1811));
#320=EDGE_LOOP('',(#1812,#1813,#1814,#1815));
#321=EDGE_LOOP('',(#1816,#1817,#1818,#1819));
#322=EDGE_LOOP('',(#1820,#1821,#1822,#1823));
#323=EDGE_LOOP('',(#1824,#1825,#1826,#1827));
#324=EDGE_LOOP('',(#1828,#1829,#1830,#1831));
#325=EDGE_LOOP('',(#1832,#1833,#1834,#1835));
#326=EDGE_LOOP('',(#1836,#1837,#1838,#1839));
#327=EDGE_LOOP('',(#1840,#1841,#1842,#1843));
#328=EDGE_LOOP('',(#1844,#1845,#1846,#1847));
#329=EDGE_LOOP('',(#1848,#1849,#1850,#1851));
#330=EDGE_LOOP('',(#1852,#1853,#1854,#1855));
#331=EDGE_LOOP('',(#1856,#1857,#1858,#1859));
#332=EDGE_LOOP('',(#1860,#1861,#1862,#1863));
#333=EDGE_LOOP('',(#1864,#1865,#1866,#1867));
#334=EDGE_LOOP('',(#1868,#1869,#1870,#1871));
#335=EDGE_LOOP('',(#1872,#1873,#1874,#1875));
#336=EDGE_LOOP('',(#1876,#1877,#1878,#1879));
#337=EDGE_LOOP('',(#1880,#1881,#1882,#1883));
#338=EDGE_LOOP('',(#1884,#1885,#1886,#1887));
#339=EDGE_LOOP('',(#1888,#1889,#1890,#1891));
#340=EDGE_LOOP('',(#1892,#1893,#1894,#1895));
#341=EDGE_LOOP('',(#1896,#1897,#1898,#1899));
#342=EDGE_LOOP('',(#1900,#1901,#1902,#1903));
#343=EDGE_LOOP('',(#1904,#1905,#1906,#1907));
#344=EDGE_LOOP('',(#1908,#1909,#1910,#1911,#1912,#1913,#1914,#1915));
#345=EDGE_LOOP('',(#1916));
#346=EDGE_LOOP('',(#1917,#1918,#1919,#1920));
#347=EDGE_LOOP('',(#1921,#1922,#1923,#1924));
#348=EDGE_LOOP('',(#1925,#1926,#1927,#1928));
#349=EDGE_LOOP('',(#1929,#1930,#1931,#1932));
#350=EDGE_LOOP('',(#1933,#1934,#1935,#1936));
#351=EDGE_LOOP('',(#1937,#1938,#1939,#1940));
#352=EDGE_LOOP('',(#1941,#1942,#1943,#1944));
#353=EDGE_LOOP('',(#1945,#1946,#1947,#1948,#1949,#1950,#1951,#1952));
#354=EDGE_LOOP('',(#1953));
#355=EDGE_LOOP('',(#1954,#1955,#1956,#1957));
#356=EDGE_LOOP('',(#1958,#1959,#1960,#1961));
#357=EDGE_LOOP('',(#1962,#1963,#1964,#1965));
#358=EDGE_LOOP('',(#1966,#1967,#1968,#1969));
#359=EDGE_LOOP('',(#1970,#1971,#1972,#1973));
#360=EDGE_LOOP('',(#1974,#1975,#1976,#1977));
#361=EDGE_LOOP('',(#1978,#1979,#1980,#1981));
#362=EDGE_LOOP('',(#1982,#1983,#1984,#1985));
#363=EDGE_LOOP('',(#1986,#1987,#1988,#1989));
#364=EDGE_LOOP('',(#1990,#1991,#1992,#1993));
#365=EDGE_LOOP('',(#1994,#1995,#1996,#1997));
#366=EDGE_LOOP('',(#1998,#1999,#2000,#2001));
#367=EDGE_LOOP('',(#2002,#2003,#2004,#2005));
#368=EDGE_LOOP('',(#2006,#2007,#2008,#2009));
#369=EDGE_LOOP('',(#2010,#2011,#2012,#2013));
#370=EDGE_LOOP('',(#2014,#2015,#2016,#2017));
#371=EDGE_LOOP('',(#2018,#2019,#2020,#2021));
#372=EDGE_LOOP('',(#2022,#2023,#2024,#2025));
#373=EDGE_LOOP('',(#2026,#2027,#2028,#2029));
#374=EDGE_LOOP('',(#2030,#2031,#2032,#2033));
#375=EDGE_LOOP('',(#2034,#2035,#2036,#2037));
#376=EDGE_LOOP('',(#2038,#2039,#2040,#2041,#2042));
#377=EDGE_LOOP('',(#2043,#2044,#2045,#2046));
#378=EDGE_LOOP('',(#2047,#2048,#2049,#2050,#2051));
#379=EDGE_LOOP('',(#2052,#2053,#2054,#2055));
#380=EDGE_LOOP('',(#2056,#2057,#2058,#2059));
#381=EDGE_LOOP('',(#2060,#2061,#2062,#2063,#2064,#2065,#2066,#2067));
#382=EDGE_LOOP('',(#2068,#2069,#2070,#2071,#2072,#2073,#2074,#2075,#2076,
#2077,#2078,#2079,#2080,#2081,#2082,#2083));
#383=EDGE_LOOP('',(#2084,#2085,#2086,#2087));
#384=EDGE_LOOP('',(#2088,#2089,#2090,#2091));
#385=EDGE_LOOP('',(#2092,#2093,#2094,#2095));
#386=EDGE_LOOP('',(#2096,#2097,#2098,#2099));
#387=EDGE_LOOP('',(#2100,#2101,#2102,#2103));
#388=EDGE_LOOP('',(#2104,#2105,#2106,#2107));
#389=EDGE_LOOP('',(#2108,#2109,#2110,#2111));
#390=EDGE_LOOP('',(#2112,#2113,#2114,#2115));
#391=EDGE_LOOP('',(#2116,#2117,#2118,#2119));
#392=EDGE_LOOP('',(#2120,#2121,#2122,#2123,#2124,#2125,#2126,#2127));
#393=EDGE_LOOP('',(#2128,#2129,#2130,#2131,#2132,#2133,#2134,#2135,#2136,
#2137,#2138,#2139));
#394=EDGE_LOOP('',(#2140,#2141,#2142,#2143));
#395=EDGE_LOOP('',(#2144,#2145,#2146,#2147));
#396=EDGE_LOOP('',(#2148,#2149,#2150,#2151,#2152,#2153,#2154,#2155,#2156,
#2157));
#397=EDGE_LOOP('',(#2158,#2159,#2160,#2161));
#398=EDGE_LOOP('',(#2162,#2163,#2164,#2165));
#399=EDGE_LOOP('',(#2166,#2167,#2168,#2169,#2170,#2171,#2172,#2173));
#400=EDGE_LOOP('',(#2174,#2175,#2176,#2177));
#401=EDGE_LOOP('',(#2178,#2179,#2180,#2181));
#402=EDGE_LOOP('',(#2182,#2183,#2184,#2185,#2186,#2187,#2188,#2189,#2190,
#2191,#2192,#2193));
#403=EDGE_LOOP('',(#2194,#2195,#2196,#2197));
#404=EDGE_LOOP('',(#2198,#2199,#2200,#2201));
#405=EDGE_LOOP('',(#2202,#2203,#2204,#2205));
#406=EDGE_LOOP('',(#2206,#2207,#2208,#2209));
#407=EDGE_LOOP('',(#2210,#2211,#2212,#2213));
#408=EDGE_LOOP('',(#2214,#2215,#2216,#2217));
#409=EDGE_LOOP('',(#2218,#2219,#2220,#2221));
#410=EDGE_LOOP('',(#2222,#2223,#2224,#2225,#2226,#2227,#2228,#2229,#2230,
#2231,#2232,#2233));
#411=EDGE_LOOP('',(#2234,#2235,#2236,#2237));
#412=EDGE_LOOP('',(#2238,#2239,#2240,#2241));
#413=EDGE_LOOP('',(#2242,#2243,#2244,#2245,#2246,#2247,#2248,#2249,#2250,
#2251));
#414=EDGE_LOOP('',(#2252,#2253,#2254,#2255));
#415=EDGE_LOOP('',(#2256,#2257,#2258,#2259));
#416=EDGE_LOOP('',(#2260,#2261,#2262,#2263));
#417=EDGE_LOOP('',(#2264,#2265,#2266,#2267));
#418=EDGE_LOOP('',(#2268,#2269,#2270,#2271,#2272,#2273,#2274,#2275,#2276,
#2277,#2278,#2279));
#419=EDGE_LOOP('',(#2280,#2281,#2282,#2283,#2284,#2285,#2286,#2287));
#420=EDGE_LOOP('',(#2288,#2289,#2290,#2291,#2292,#2293));
#421=EDGE_LOOP('',(#2294,#2295,#2296,#2297,#2298,#2299));
#422=EDGE_LOOP('',(#2300,#2301,#2302,#2303,#2304,#2305));
#423=EDGE_LOOP('',(#2306,#2307,#2308,#2309,#2310,#2311));
#424=EDGE_LOOP('',(#2312,#2313,#2314,#2315,#2316,#2317,#2318,#2319));
#425=EDGE_LOOP('',(#2320,#2321,#2322,#2323,#2324,#2325,#2326,#2327));
#426=EDGE_LOOP('',(#2328,#2329,#2330,#2331,#2332,#2333,#2334,#2335));
#427=EDGE_LOOP('',(#2336,#2337,#2338,#2339,#2340,#2341));
#428=EDGE_LOOP('',(#2342,#2343,#2344,#2345,#2346,#2347));
#429=EDGE_LOOP('',(#2348,#2349,#2350,#2351,#2352,#2353));
#430=EDGE_LOOP('',(#2354,#2355,#2356,#2357,#2358,#2359));
#431=EDGE_LOOP('',(#2360));
#432=EDGE_LOOP('',(#2361));
#433=EDGE_LOOP('',(#2362,#2363,#2364,#2365));
#434=EDGE_LOOP('',(#2366,#2367,#2368,#2369));
#435=EDGE_LOOP('',(#2370,#2371,#2372,#2373));
#436=EDGE_LOOP('',(#2374,#2375,#2376,#2377));
#437=EDGE_LOOP('',(#2378,#2379,#2380,#2381));
#438=EDGE_LOOP('',(#2382,#2383,#2384,#2385));
#439=EDGE_LOOP('',(#2386,#2387,#2388,#2389,#2390,#2391));
#440=EDGE_LOOP('',(#2392));
#441=EDGE_LOOP('',(#2393,#2394,#2395,#2396));
#442=EDGE_LOOP('',(#2397,#2398,#2399,#2400));
#443=EDGE_LOOP('',(#2401,#2402,#2403,#2404));
#444=EDGE_LOOP('',(#2405,#2406,#2407,#2408));
#445=EDGE_LOOP('',(#2409,#2410,#2411));
#446=EDGE_LOOP('',(#2412));
#447=EDGE_LOOP('',(#2413,#2414,#2415));
#448=EDGE_LOOP('',(#2416,#2417,#2418,#2419,#2420,#2421));
#449=EDGE_LOOP('',(#2422,#2423,#2424,#2425));
#450=EDGE_LOOP('',(#2426,#2427,#2428,#2429));
#451=EDGE_LOOP('',(#2430,#2431,#2432,#2433));
#452=EDGE_LOOP('',(#2434,#2435,#2436,#2437));
#453=EDGE_LOOP('',(#2438,#2439,#2440,#2441));
#454=EDGE_LOOP('',(#2442,#2443,#2444,#2445));
#455=EDGE_LOOP('',(#2446,#2447,#2448,#2449,#2450,#2451));
#456=EDGE_LOOP('',(#2452));
#457=EDGE_LOOP('',(#2453,#2454,#2455,#2456));
#458=EDGE_LOOP('',(#2457,#2458,#2459,#2460));
#459=EDGE_LOOP('',(#2461,#2462,#2463,#2464));
#460=EDGE_LOOP('',(#2465,#2466,#2467,#2468));
#461=EDGE_LOOP('',(#2469,#2470,#2471));
#462=EDGE_LOOP('',(#2472));
#463=EDGE_LOOP('',(#2473,#2474,#2475));
#464=EDGE_LOOP('',(#2476,#2477,#2478,#2479,#2480,#2481));
#465=EDGE_LOOP('',(#2482,#2483,#2484,#2485));
#466=EDGE_LOOP('',(#2486,#2487,#2488,#2489));
#467=EDGE_LOOP('',(#2490,#2491,#2492,#2493));
#468=EDGE_LOOP('',(#2494,#2495,#2496,#2497));
#469=EDGE_LOOP('',(#2498,#2499,#2500,#2501));
#470=EDGE_LOOP('',(#2502,#2503,#2504,#2505));
#471=EDGE_LOOP('',(#2506,#2507,#2508,#2509,#2510,#2511));
#472=EDGE_LOOP('',(#2512));
#473=EDGE_LOOP('',(#2513,#2514,#2515,#2516));
#474=EDGE_LOOP('',(#2517,#2518,#2519,#2520));
#475=EDGE_LOOP('',(#2521,#2522,#2523,#2524));
#476=EDGE_LOOP('',(#2525,#2526,#2527,#2528));
#477=EDGE_LOOP('',(#2529,#2530,#2531));
#478=EDGE_LOOP('',(#2532));
#479=EDGE_LOOP('',(#2533,#2534,#2535));
#480=EDGE_LOOP('',(#2536,#2537,#2538,#2539,#2540,#2541));
#481=EDGE_LOOP('',(#2542,#2543,#2544,#2545));
#482=EDGE_LOOP('',(#2546,#2547,#2548,#2549));
#483=EDGE_LOOP('',(#2550,#2551,#2552,#2553));
#484=EDGE_LOOP('',(#2554,#2555,#2556,#2557));
#485=EDGE_LOOP('',(#2558,#2559,#2560,#2561));
#486=EDGE_LOOP('',(#2562,#2563,#2564,#2565));
#487=EDGE_LOOP('',(#2566,#2567,#2568,#2569,#2570,#2571));
#488=EDGE_LOOP('',(#2572));
#489=EDGE_LOOP('',(#2573,#2574,#2575,#2576));
#490=EDGE_LOOP('',(#2577,#2578,#2579,#2580));
#491=EDGE_LOOP('',(#2581,#2582,#2583,#2584));
#492=EDGE_LOOP('',(#2585,#2586,#2587,#2588));
#493=EDGE_LOOP('',(#2589,#2590,#2591));
#494=EDGE_LOOP('',(#2592));
#495=EDGE_LOOP('',(#2593,#2594,#2595));
#496=EDGE_LOOP('',(#2596,#2597,#2598,#2599,#2600,#2601));
#497=LINE('',#3897,#820);
#498=LINE('',#3899,#821);
#499=LINE('',#3901,#822);
#500=LINE('',#3902,#823);
#501=LINE('',#3905,#824);
#502=LINE('',#3907,#825);
#503=LINE('',#3908,#826);
#504=LINE('',#3911,#827);
#505=LINE('',#3913,#828);
#506=LINE('',#3914,#829);
#507=LINE('',#3917,#830);
#508=LINE('',#3919,#831);
#509=LINE('',#3920,#832);
#510=LINE('',#3923,#833);
#511=LINE('',#3925,#834);
#512=LINE('',#3926,#835);
#513=LINE('',#3928,#836);
#514=LINE('',#3929,#837);
#515=LINE('',#3933,#838);
#516=LINE('',#3935,#839);
#517=LINE('',#3937,#840);
#518=LINE('',#3938,#841);
#519=LINE('',#3941,#842);
#520=LINE('',#3943,#843);
#521=LINE('',#3944,#844);
#522=LINE('',#3947,#845);
#523=LINE('',#3949,#846);
#524=LINE('',#3950,#847);
#525=LINE('',#3953,#848);
#526=LINE('',#3955,#849);
#527=LINE('',#3956,#850);
#528=LINE('',#3959,#851);
#529=LINE('',#3961,#852);
#530=LINE('',#3962,#853);
#531=LINE('',#3964,#854);
#532=LINE('',#3965,#855);
#533=LINE('',#3969,#856);
#534=LINE('',#3971,#857);
#535=LINE('',#3973,#858);
#536=LINE('',#3974,#859);
#537=LINE('',#3977,#860);
#538=LINE('',#3979,#861);
#539=LINE('',#3980,#862);
#540=LINE('',#3983,#863);
#541=LINE('',#3985,#864);
#542=LINE('',#3986,#865);
#543=LINE('',#3989,#866);
#544=LINE('',#3991,#867);
#545=LINE('',#3992,#868);
#546=LINE('',#3995,#869);
#547=LINE('',#3997,#870);
#548=LINE('',#3998,#871);
#549=LINE('',#4000,#872);
#550=LINE('',#4001,#873);
#551=LINE('',#4005,#874);
#552=LINE('',#4007,#875);
#553=LINE('',#4009,#876);
#554=LINE('',#4010,#877);
#555=LINE('',#4013,#878);
#556=LINE('',#4015,#879);
#557=LINE('',#4016,#880);
#558=LINE('',#4019,#881);
#559=LINE('',#4021,#882);
#560=LINE('',#4022,#883);
#561=LINE('',#4025,#884);
#562=LINE('',#4027,#885);
#563=LINE('',#4028,#886);
#564=LINE('',#4031,#887);
#565=LINE('',#4033,#888);
#566=LINE('',#4034,#889);
#567=LINE('',#4036,#890);
#568=LINE('',#4037,#891);
#569=LINE('',#4043,#892);
#570=LINE('',#4046,#893);
#571=LINE('',#4049,#894);
#572=LINE('',#4051,#895);
#573=LINE('',#4052,#896);
#574=LINE('',#4055,#897);
#575=LINE('',#4059,#898);
#576=LINE('',#4063,#899);
#577=LINE('',#4069,#900);
#578=LINE('',#4073,#901);
#579=LINE('',#4074,#902);
#580=LINE('',#4077,#903);
#581=LINE('',#4080,#904);
#582=LINE('',#4082,#905);
#583=LINE('',#4085,#906);
#584=LINE('',#4092,#907);
#585=LINE('',#4095,#908);
#586=LINE('',#4098,#909);
#587=LINE('',#4100,#910);
#588=LINE('',#4101,#911);
#589=LINE('',#4104,#912);
#590=LINE('',#4108,#913);
#591=LINE('',#4112,#914);
#592=LINE('',#4118,#915);
#593=LINE('',#4121,#916);
#594=LINE('',#4124,#917);
#595=LINE('',#4125,#918);
#596=LINE('',#4128,#919);
#597=LINE('',#4133,#920);
#598=LINE('',#4135,#921);
#599=LINE('',#4140,#922);
#600=LINE('',#4144,#923);
#601=LINE('',#4150,#924);
#602=LINE('',#4154,#925);
#603=LINE('',#4157,#926);
#604=LINE('',#4159,#927);
#605=LINE('',#4161,#928);
#606=LINE('',#4163,#929);
#607=LINE('',#4167,#930);
#608=LINE('',#4169,#931);
#609=LINE('',#4171,#932);
#610=LINE('',#4172,#933);
#611=LINE('',#4175,#934);
#612=LINE('',#4177,#935);
#613=LINE('',#4178,#936);
#614=LINE('',#4181,#937);
#615=LINE('',#4183,#938);
#616=LINE('',#4184,#939);
#617=LINE('',#4186,#940);
#618=LINE('',#4187,#941);
#619=LINE('',#4190,#942);
#620=LINE('',#4192,#943);
#621=LINE('',#4193,#944);
#622=LINE('',#4196,#945);
#623=LINE('',#4197,#946);
#624=LINE('',#4201,#947);
#625=LINE('',#4203,#948);
#626=LINE('',#4205,#949);
#627=LINE('',#4206,#950);
#628=LINE('',#4209,#951);
#629=LINE('',#4211,#952);
#630=LINE('',#4213,#953);
#631=LINE('',#4214,#954);
#632=LINE('',#4217,#955);
#633=LINE('',#4218,#956);
#634=LINE('',#4221,#957);
#635=LINE('',#4223,#958);
#636=LINE('',#4225,#959);
#637=LINE('',#4226,#960);
#638=LINE('',#4228,#961);
#639=LINE('',#4230,#962);
#640=LINE('',#4231,#963);
#641=LINE('',#4234,#964);
#642=LINE('',#4236,#965);
#643=LINE('',#4238,#966);
#644=LINE('',#4240,#967);
#645=LINE('',#4241,#968);
#646=LINE('',#4246,#969);
#647=LINE('',#4248,#970);
#648=LINE('',#4250,#971);
#649=LINE('',#4255,#972);
#650=LINE('',#4257,#973);
#651=LINE('',#4259,#974);
#652=LINE('',#4266,#975);
#653=LINE('',#4269,#976);
#654=LINE('',#4272,#977);
#655=LINE('',#4274,#978);
#656=LINE('',#4275,#979);
#657=LINE('',#4280,#980);
#658=LINE('',#4284,#981);
#659=LINE('',#4286,#982);
#660=LINE('',#4287,#983);
#661=LINE('',#4293,#984);
#662=LINE('',#4296,#985);
#663=LINE('',#4299,#986);
#664=LINE('',#4301,#987);
#665=LINE('',#4302,#988);
#666=LINE('',#4307,#989);
#667=LINE('',#4311,#990);
#668=LINE('',#4313,#991);
#669=LINE('',#4314,#992);
#670=LINE('',#4319,#993);
#671=LINE('',#4323,#994);
#672=LINE('',#4327,#995);
#673=LINE('',#4329,#996);
#674=LINE('',#4331,#997);
#675=LINE('',#4334,#998);
#676=LINE('',#4337,#999);
#677=LINE('',#4340,#1000);
#678=LINE('',#4342,#1001);
#679=LINE('',#4343,#1002);
#680=LINE('',#4349,#1003);
#681=LINE('',#4352,#1004);
#682=LINE('',#4354,#1005);
#683=LINE('',#4355,#1006);
#684=LINE('',#4358,#1007);
#685=LINE('',#4360,#1008);
#686=LINE('',#4362,#1009);
#687=LINE('',#4364,#1010);
#688=LINE('',#4368,#1011);
#689=LINE('',#4369,#1012);
#690=LINE('',#4373,#1013);
#691=LINE('',#4376,#1014);
#692=LINE('',#4379,#1015);
#693=LINE('',#4384,#1016);
#694=LINE('',#4386,#1017);
#695=LINE('',#4388,#1018);
#696=LINE('',#4391,#1019);
#697=LINE('',#4397,#1020);
#698=LINE('',#4399,#1021);
#699=LINE('',#4400,#1022);
#700=LINE('',#4403,#1023);
#701=LINE('',#4405,#1024);
#702=LINE('',#4406,#1025);
#703=LINE('',#4420,#1026);
#704=LINE('',#4424,#1027);
#705=LINE('',#4427,#1028);
#706=LINE('',#4429,#1029);
#707=LINE('',#4430,#1030);
#708=LINE('',#4434,#1031);
#709=LINE('',#4437,#1032);
#710=LINE('',#4440,#1033);
#711=LINE('',#4443,#1034);
#712=LINE('',#4444,#1035);
#713=LINE('',#4445,#1036);
#714=LINE('',#4447,#1037);
#715=LINE('',#4452,#1038);
#716=LINE('',#4458,#1039);
#717=LINE('',#4460,#1040);
#718=LINE('',#4462,#1041);
#719=LINE('',#4463,#1042);
#720=LINE('',#4466,#1043);
#721=LINE('',#4468,#1044);
#722=LINE('',#4469,#1045);
#723=LINE('',#4472,#1046);
#724=LINE('',#4474,#1047);
#725=LINE('',#4475,#1048);
#726=LINE('',#4478,#1049);
#727=LINE('',#4480,#1050);
#728=LINE('',#4481,#1051);
#729=LINE('',#4484,#1052);
#730=LINE('',#4486,#1053);
#731=LINE('',#4487,#1054);
#732=LINE('',#4489,#1055);
#733=LINE('',#4490,#1056);
#734=LINE('',#4497,#1057);
#735=LINE('',#4501,#1058);
#736=LINE('',#4503,#1059);
#737=LINE('',#4505,#1060);
#738=LINE('',#4506,#1061);
#739=LINE('',#4509,#1062);
#740=LINE('',#4511,#1063);
#741=LINE('',#4512,#1064);
#742=LINE('',#4521,#1065);
#743=LINE('',#4523,#1066);
#744=LINE('',#4525,#1067);
#745=LINE('',#4526,#1068);
#746=LINE('',#4529,#1069);
#747=LINE('',#4531,#1070);
#748=LINE('',#4532,#1071);
#749=LINE('',#4535,#1072);
#750=LINE('',#4537,#1073);
#751=LINE('',#4538,#1074);
#752=LINE('',#4541,#1075);
#753=LINE('',#4543,#1076);
#754=LINE('',#4544,#1077);
#755=LINE('',#4547,#1078);
#756=LINE('',#4549,#1079);
#757=LINE('',#4550,#1080);
#758=LINE('',#4552,#1081);
#759=LINE('',#4553,#1082);
#760=LINE('',#4560,#1083);
#761=LINE('',#4564,#1084);
#762=LINE('',#4566,#1085);
#763=LINE('',#4568,#1086);
#764=LINE('',#4569,#1087);
#765=LINE('',#4572,#1088);
#766=LINE('',#4574,#1089);
#767=LINE('',#4575,#1090);
#768=LINE('',#4584,#1091);
#769=LINE('',#4586,#1092);
#770=LINE('',#4588,#1093);
#771=LINE('',#4589,#1094);
#772=LINE('',#4592,#1095);
#773=LINE('',#4594,#1096);
#774=LINE('',#4595,#1097);
#775=LINE('',#4598,#1098);
#776=LINE('',#4600,#1099);
#777=LINE('',#4601,#1100);
#778=LINE('',#4604,#1101);
#779=LINE('',#4606,#1102);
#780=LINE('',#4607,#1103);
#781=LINE('',#4610,#1104);
#782=LINE('',#4612,#1105);
#783=LINE('',#4613,#1106);
#784=LINE('',#4615,#1107);
#785=LINE('',#4616,#1108);
#786=LINE('',#4623,#1109);
#787=LINE('',#4627,#1110);
#788=LINE('',#4629,#1111);
#789=LINE('',#4631,#1112);
#790=LINE('',#4632,#1113);
#791=LINE('',#4635,#1114);
#792=LINE('',#4637,#1115);
#793=LINE('',#4638,#1116);
#794=LINE('',#4647,#1117);
#795=LINE('',#4649,#1118);
#796=LINE('',#4651,#1119);
#797=LINE('',#4652,#1120);
#798=LINE('',#4655,#1121);
#799=LINE('',#4657,#1122);
#800=LINE('',#4658,#1123);
#801=LINE('',#4661,#1124);
#802=LINE('',#4663,#1125);
#803=LINE('',#4664,#1126);
#804=LINE('',#4667,#1127);
#805=LINE('',#4669,#1128);
#806=LINE('',#4670,#1129);
#807=LINE('',#4673,#1130);
#808=LINE('',#4675,#1131);
#809=LINE('',#4676,#1132);
#810=LINE('',#4678,#1133);
#811=LINE('',#4679,#1134);
#812=LINE('',#4686,#1135);
#813=LINE('',#4690,#1136);
#814=LINE('',#4692,#1137);
#815=LINE('',#4694,#1138);
#816=LINE('',#4695,#1139);
#817=LINE('',#4698,#1140);
#818=LINE('',#4700,#1141);
#819=LINE('',#4701,#1142);
#820=VECTOR('',#3116,10.);
#821=VECTOR('',#3117,10.);
#822=VECTOR('',#3118,10.);
#823=VECTOR('',#3119,10.);
#824=VECTOR('',#3122,10.);
#825=VECTOR('',#3123,10.);
#826=VECTOR('',#3124,10.);
#827=VECTOR('',#3127,10.);
#828=VECTOR('',#3128,10.);
#829=VECTOR('',#3129,10.);
#830=VECTOR('',#3132,10.);
#831=VECTOR('',#3133,10.);
#832=VECTOR('',#3134,10.);
#833=VECTOR('',#3137,10.);
#834=VECTOR('',#3138,10.);
#835=VECTOR('',#3139,10.);
#836=VECTOR('',#3142,10.);
#837=VECTOR('',#3143,10.);
#838=VECTOR('',#3146,10.);
#839=VECTOR('',#3147,10.);
#840=VECTOR('',#3148,10.);
#841=VECTOR('',#3149,10.);
#842=VECTOR('',#3152,10.);
#843=VECTOR('',#3153,10.);
#844=VECTOR('',#3154,10.);
#845=VECTOR('',#3157,10.);
#846=VECTOR('',#3158,10.);
#847=VECTOR('',#3159,10.);
#848=VECTOR('',#3162,10.);
#849=VECTOR('',#3163,10.);
#850=VECTOR('',#3164,10.);
#851=VECTOR('',#3167,10.);
#852=VECTOR('',#3168,10.);
#853=VECTOR('',#3169,10.);
#854=VECTOR('',#3172,10.);
#855=VECTOR('',#3173,10.);
#856=VECTOR('',#3176,10.);
#857=VECTOR('',#3177,10.);
#858=VECTOR('',#3178,10.);
#859=VECTOR('',#3179,10.);
#860=VECTOR('',#3182,10.);
#861=VECTOR('',#3183,10.);
#862=VECTOR('',#3184,10.);
#863=VECTOR('',#3187,10.);
#864=VECTOR('',#3188,10.);
#865=VECTOR('',#3189,10.);
#866=VECTOR('',#3192,10.);
#867=VECTOR('',#3193,10.);
#868=VECTOR('',#3194,10.);
#869=VECTOR('',#3197,10.);
#870=VECTOR('',#3198,10.);
#871=VECTOR('',#3199,10.);
#872=VECTOR('',#3202,10.);
#873=VECTOR('',#3203,10.);
#874=VECTOR('',#3206,10.);
#875=VECTOR('',#3207,10.);
#876=VECTOR('',#3208,10.);
#877=VECTOR('',#3209,10.);
#878=VECTOR('',#3212,10.);
#879=VECTOR('',#3213,10.);
#880=VECTOR('',#3214,10.);
#881=VECTOR('',#3217,10.);
#882=VECTOR('',#3218,10.);
#883=VECTOR('',#3219,10.);
#884=VECTOR('',#3222,10.);
#885=VECTOR('',#3223,10.);
#886=VECTOR('',#3224,10.);
#887=VECTOR('',#3227,10.);
#888=VECTOR('',#3228,10.);
#889=VECTOR('',#3229,10.);
#890=VECTOR('',#3232,10.);
#891=VECTOR('',#3233,10.);
#892=VECTOR('',#3238,10.);
#893=VECTOR('',#3241,10.);
#894=VECTOR('',#3244,10.);
#895=VECTOR('',#3245,10.);
#896=VECTOR('',#3246,10.);
#897=VECTOR('',#3249,10.);
#898=VECTOR('',#3252,10.);
#899=VECTOR('',#3255,10.);
#900=VECTOR('',#3262,10.);
#901=VECTOR('',#3267,10.);
#902=VECTOR('',#3268,10.);
#903=VECTOR('',#3271,10.);
#904=VECTOR('',#3274,10.);
#905=VECTOR('',#3277,10.);
#906=VECTOR('',#3280,10.);
#907=VECTOR('',#3287,10.);
#908=VECTOR('',#3290,10.);
#909=VECTOR('',#3293,10.);
#910=VECTOR('',#3294,10.);
#911=VECTOR('',#3295,10.);
#912=VECTOR('',#3298,10.);
#913=VECTOR('',#3301,10.);
#914=VECTOR('',#3304,10.);
#915=VECTOR('',#3311,10.);
#916=VECTOR('',#3314,10.);
#917=VECTOR('',#3317,10.);
#918=VECTOR('',#3318,10.);
#919=VECTOR('',#3321,10.);
#920=VECTOR('',#3328,10.);
#921=VECTOR('',#3331,10.);
#922=VECTOR('',#3336,3.125);
#923=VECTOR('',#3341,2.25000000000001);
#924=VECTOR('',#3348,3.125);
#925=VECTOR('',#3353,2.25);
#926=VECTOR('',#3358,4.);
#927=VECTOR('',#3361,4.);
#928=VECTOR('',#3364,10.);
#929=VECTOR('',#3367,10.);
#930=VECTOR('',#3370,10.);
#931=VECTOR('',#3371,10.);
#932=VECTOR('',#3372,10.);
#933=VECTOR('',#3373,10.);
#934=VECTOR('',#3376,10.);
#935=VECTOR('',#3377,10.);
#936=VECTOR('',#3378,10.);
#937=VECTOR('',#3381,10.);
#938=VECTOR('',#3382,10.);
#939=VECTOR('',#3383,10.);
#940=VECTOR('',#3386,10.);
#941=VECTOR('',#3387,10.);
#942=VECTOR('',#3390,10.);
#943=VECTOR('',#3391,10.);
#944=VECTOR('',#3392,10.);
#945=VECTOR('',#3395,10.);
#946=VECTOR('',#3396,10.);
#947=VECTOR('',#3399,10.);
#948=VECTOR('',#3400,10.);
#949=VECTOR('',#3401,10.);
#950=VECTOR('',#3402,10.);
#951=VECTOR('',#3405,10.);
#952=VECTOR('',#3406,10.);
#953=VECTOR('',#3407,10.);
#954=VECTOR('',#3408,10.);
#955=VECTOR('',#3411,10.);
#956=VECTOR('',#3412,10.);
#957=VECTOR('',#3415,10.);
#958=VECTOR('',#3416,10.);
#959=VECTOR('',#3417,10.);
#960=VECTOR('',#3418,10.);
#961=VECTOR('',#3421,10.);
#962=VECTOR('',#3424,10.);
#963=VECTOR('',#3425,10.);
#964=VECTOR('',#3428,10.);
#965=VECTOR('',#3429,10.);
#966=VECTOR('',#3430,10.);
#967=VECTOR('',#3431,10.);
#968=VECTOR('',#3432,10.);
#969=VECTOR('',#3437,10.);
#970=VECTOR('',#3438,10.);
#971=VECTOR('',#3439,10.);
#972=VECTOR('',#3444,10.);
#973=VECTOR('',#3445,10.);
#974=VECTOR('',#3446,10.);
#975=VECTOR('',#3453,10.);
#976=VECTOR('',#3456,10.);
#977=VECTOR('',#3459,10.);
#978=VECTOR('',#3460,10.);
#979=VECTOR('',#3461,10.);
#980=VECTOR('',#3466,10.);
#981=VECTOR('',#3471,10.);
#982=VECTOR('',#3472,10.);
#983=VECTOR('',#3473,10.);
#984=VECTOR('',#3478,10.);
#985=VECTOR('',#3481,10.);
#986=VECTOR('',#3484,10.);
#987=VECTOR('',#3485,10.);
#988=VECTOR('',#3486,10.);
#989=VECTOR('',#3491,10.);
#990=VECTOR('',#3496,10.);
#991=VECTOR('',#3497,10.);
#992=VECTOR('',#3498,10.);
#993=VECTOR('',#3503,10.);
#994=VECTOR('',#3508,10.);
#995=VECTOR('',#3511,10.);
#996=VECTOR('',#3512,10.);
#997=VECTOR('',#3513,10.);
#998=VECTOR('',#3516,10.);
#999=VECTOR('',#3519,10.);
#1000=VECTOR('',#3522,10.);
#1001=VECTOR('',#3523,10.);
#1002=VECTOR('',#3524,10.);
#1003=VECTOR('',#3531,10.);
#1004=VECTOR('',#3534,10.);
#1005=VECTOR('',#3535,10.);
#1006=VECTOR('',#3536,10.);
#1007=VECTOR('',#3539,10.);
#1008=VECTOR('',#3540,10.);
#1009=VECTOR('',#3541,10.);
#1010=VECTOR('',#3542,10.);
#1011=VECTOR('',#3545,10.);
#1012=VECTOR('',#3546,10.);
#1013=VECTOR('',#3551,10.);
#1014=VECTOR('',#3554,10.);
#1015=VECTOR('',#3557,10.);
#1016=VECTOR('',#3562,10.);
#1017=VECTOR('',#3563,10.);
#1018=VECTOR('',#3564,10.);
#1019=VECTOR('',#3567,10.);
#1020=VECTOR('',#3574,10.);
#1021=VECTOR('',#3577,10.);
#1022=VECTOR('',#3578,10.);
#1023=VECTOR('',#3581,10.);
#1024=VECTOR('',#3582,10.);
#1025=VECTOR('',#3583,10.);
#1026=VECTOR('',#3608,10.);
#1027=VECTOR('',#3613,10.);
#1028=VECTOR('',#3616,10.);
#1029=VECTOR('',#3619,10.);
#1030=VECTOR('',#3620,10.);
#1031=VECTOR('',#3625,10.);
#1032=VECTOR('',#3628,10.);
#1033=VECTOR('',#3631,10.);
#1034=VECTOR('',#3634,10.);
#1035=VECTOR('',#3635,10.);
#1036=VECTOR('',#3636,10.);
#1037=VECTOR('',#3639,10.);
#1038=VECTOR('',#3648,10.);
#1039=VECTOR('',#3655,10.);
#1040=VECTOR('',#3656,10.);
#1041=VECTOR('',#3657,10.);
#1042=VECTOR('',#3658,10.);
#1043=VECTOR('',#3661,10.);
#1044=VECTOR('',#3662,10.);
#1045=VECTOR('',#3663,10.);
#1046=VECTOR('',#3666,10.);
#1047=VECTOR('',#3667,10.);
#1048=VECTOR('',#3668,10.);
#1049=VECTOR('',#3671,10.);
#1050=VECTOR('',#3672,10.);
#1051=VECTOR('',#3673,10.);
#1052=VECTOR('',#3676,10.);
#1053=VECTOR('',#3677,10.);
#1054=VECTOR('',#3678,10.);
#1055=VECTOR('',#3681,10.);
#1056=VECTOR('',#3682,10.);
#1057=VECTOR('',#3691,1.75000000000001);
#1058=VECTOR('',#3694,10.);
#1059=VECTOR('',#3695,10.);
#1060=VECTOR('',#3696,10.);
#1061=VECTOR('',#3697,10.);
#1062=VECTOR('',#3700,10.);
#1063=VECTOR('',#3701,10.);
#1064=VECTOR('',#3702,10.);
#1065=VECTOR('',#3715,10.);
#1066=VECTOR('',#3716,10.);
#1067=VECTOR('',#3717,10.);
#1068=VECTOR('',#3718,10.);
#1069=VECTOR('',#3721,10.);
#1070=VECTOR('',#3722,10.);
#1071=VECTOR('',#3723,10.);
#1072=VECTOR('',#3726,10.);
#1073=VECTOR('',#3727,10.);
#1074=VECTOR('',#3728,10.);
#1075=VECTOR('',#3731,10.);
#1076=VECTOR('',#3732,10.);
#1077=VECTOR('',#3733,10.);
#1078=VECTOR('',#3736,10.);
#1079=VECTOR('',#3737,10.);
#1080=VECTOR('',#3738,10.);
#1081=VECTOR('',#3741,10.);
#1082=VECTOR('',#3742,10.);
#1083=VECTOR('',#3751,1.75000000000001);
#1084=VECTOR('',#3754,10.);
#1085=VECTOR('',#3755,10.);
#1086=VECTOR('',#3756,10.);
#1087=VECTOR('',#3757,10.);
#1088=VECTOR('',#3760,10.);
#1089=VECTOR('',#3761,10.);
#1090=VECTOR('',#3762,10.);
#1091=VECTOR('',#3775,10.);
#1092=VECTOR('',#3776,10.);
#1093=VECTOR('',#3777,10.);
#1094=VECTOR('',#3778,10.);
#1095=VECTOR('',#3781,10.);
#1096=VECTOR('',#3782,10.);
#1097=VECTOR('',#3783,10.);
#1098=VECTOR('',#3786,10.);
#1099=VECTOR('',#3787,10.);
#1100=VECTOR('',#3788,10.);
#1101=VECTOR('',#3791,10.);
#1102=VECTOR('',#3792,10.);
#1103=VECTOR('',#3793,10.);
#1104=VECTOR('',#3796,10.);
#1105=VECTOR('',#3797,10.);
#1106=VECTOR('',#3798,10.);
#1107=VECTOR('',#3801,10.);
#1108=VECTOR('',#3802,10.);
#1109=VECTOR('',#3811,1.75000000000001);
#1110=VECTOR('',#3814,10.);
#1111=VECTOR('',#3815,10.);
#1112=VECTOR('',#3816,10.);
#1113=VECTOR('',#3817,10.);
#1114=VECTOR('',#3820,10.);
#1115=VECTOR('',#3821,10.);
#1116=VECTOR('',#3822,10.);
#1117=VECTOR('',#3835,10.);
#1118=VECTOR('',#3836,10.);
#1119=VECTOR('',#3837,10.);
#1120=VECTOR('',#3838,10.);
#1121=VECTOR('',#3841,10.);
#1122=VECTOR('',#3842,10.);
#1123=VECTOR('',#3843,10.);
#1124=VECTOR('',#3846,10.);
#1125=VECTOR('',#3847,10.);
#1126=VECTOR('',#3848,10.);
#1127=VECTOR('',#3851,10.);
#1128=VECTOR('',#3852,10.);
#1129=VECTOR('',#3853,10.);
#1130=VECTOR('',#3856,10.);
#1131=VECTOR('',#3857,10.);
#1132=VECTOR('',#3858,10.);
#1133=VECTOR('',#3861,10.);
#1134=VECTOR('',#3862,10.);
#1135=VECTOR('',#3871,1.75000000000001);
#1136=VECTOR('',#3874,10.);
#1137=VECTOR('',#3875,10.);
#1138=VECTOR('',#3876,10.);
#1139=VECTOR('',#3877,10.);
#1140=VECTOR('',#3880,10.);
#1141=VECTOR('',#3881,10.);
#1142=VECTOR('',#3882,10.);
#1143=VERTEX_POINT('',#3895);
#1144=VERTEX_POINT('',#3896);
#1145=VERTEX_POINT('',#3898);
#1146=VERTEX_POINT('',#3900);
#1147=VERTEX_POINT('',#3904);
#1148=VERTEX_POINT('',#3906);
#1149=VERTEX_POINT('',#3910);
#1150=VERTEX_POINT('',#3912);
#1151=VERTEX_POINT('',#3916);
#1152=VERTEX_POINT('',#3918);
#1153=VERTEX_POINT('',#3922);
#1154=VERTEX_POINT('',#3924);
#1155=VERTEX_POINT('',#3931);
#1156=VERTEX_POINT('',#3932);
#1157=VERTEX_POINT('',#3934);
#1158=VERTEX_POINT('',#3936);
#1159=VERTEX_POINT('',#3940);
#1160=VERTEX_POINT('',#3942);
#1161=VERTEX_POINT('',#3946);
#1162=VERTEX_POINT('',#3948);
#1163=VERTEX_POINT('',#3952);
#1164=VERTEX_POINT('',#3954);
#1165=VERTEX_POINT('',#3958);
#1166=VERTEX_POINT('',#3960);
#1167=VERTEX_POINT('',#3967);
#1168=VERTEX_POINT('',#3968);
#1169=VERTEX_POINT('',#3970);
#1170=VERTEX_POINT('',#3972);
#1171=VERTEX_POINT('',#3976);
#1172=VERTEX_POINT('',#3978);
#1173=VERTEX_POINT('',#3982);
#1174=VERTEX_POINT('',#3984);
#1175=VERTEX_POINT('',#3988);
#1176=VERTEX_POINT('',#3990);
#1177=VERTEX_POINT('',#3994);
#1178=VERTEX_POINT('',#3996);
#1179=VERTEX_POINT('',#4003);
#1180=VERTEX_POINT('',#4004);
#1181=VERTEX_POINT('',#4006);
#1182=VERTEX_POINT('',#4008);
#1183=VERTEX_POINT('',#4012);
#1184=VERTEX_POINT('',#4014);
#1185=VERTEX_POINT('',#4018);
#1186=VERTEX_POINT('',#4020);
#1187=VERTEX_POINT('',#4024);
#1188=VERTEX_POINT('',#4026);
#1189=VERTEX_POINT('',#4030);
#1190=VERTEX_POINT('',#4032);
#1191=VERTEX_POINT('',#4039);
#1192=VERTEX_POINT('',#4040);
#1193=VERTEX_POINT('',#4042);
#1194=VERTEX_POINT('',#4044);
#1195=VERTEX_POINT('',#4048);
#1196=VERTEX_POINT('',#4050);
#1197=VERTEX_POINT('',#4054);
#1198=VERTEX_POINT('',#4056);
#1199=VERTEX_POINT('',#4058);
#1200=VERTEX_POINT('',#4060);
#1201=VERTEX_POINT('',#4062);
#1202=VERTEX_POINT('',#4065);
#1203=VERTEX_POINT('',#4068);
#1204=VERTEX_POINT('',#4072);
#1205=VERTEX_POINT('',#4076);
#1206=VERTEX_POINT('',#4078);
#1207=VERTEX_POINT('',#4084);
#1208=VERTEX_POINT('',#4088);
#1209=VERTEX_POINT('',#4089);
#1210=VERTEX_POINT('',#4091);
#1211=VERTEX_POINT('',#4093);
#1212=VERTEX_POINT('',#4097);
#1213=VERTEX_POINT('',#4099);
#1214=VERTEX_POINT('',#4103);
#1215=VERTEX_POINT('',#4105);
#1216=VERTEX_POINT('',#4107);
#1217=VERTEX_POINT('',#4109);
#1218=VERTEX_POINT('',#4111);
#1219=VERTEX_POINT('',#4114);
#1220=VERTEX_POINT('',#4117);
#1221=VERTEX_POINT('',#4119);
#1222=VERTEX_POINT('',#4123);
#1223=VERTEX_POINT('',#4127);
#1224=VERTEX_POINT('',#4131);
#1225=VERTEX_POINT('',#4137);
#1226=VERTEX_POINT('',#4139);
#1227=VERTEX_POINT('',#4143);
#1228=VERTEX_POINT('',#4147);
#1229=VERTEX_POINT('',#4149);
#1230=VERTEX_POINT('',#4153);
#1231=VERTEX_POINT('',#4165);
#1232=VERTEX_POINT('',#4166);
#1233=VERTEX_POINT('',#4168);
#1234=VERTEX_POINT('',#4170);
#1235=VERTEX_POINT('',#4174);
#1236=VERTEX_POINT('',#4176);
#1237=VERTEX_POINT('',#4180);
#1238=VERTEX_POINT('',#4182);
#1239=VERTEX_POINT('',#4189);
#1240=VERTEX_POINT('',#4191);
#1241=VERTEX_POINT('',#4195);
#1242=VERTEX_POINT('',#4199);
#1243=VERTEX_POINT('',#4200);
#1244=VERTEX_POINT('',#4202);
#1245=VERTEX_POINT('',#4204);
#1246=VERTEX_POINT('',#4208);
#1247=VERTEX_POINT('',#4210);
#1248=VERTEX_POINT('',#4212);
#1249=VERTEX_POINT('',#4216);
#1250=VERTEX_POINT('',#4220);
#1251=VERTEX_POINT('',#4222);
#1252=VERTEX_POINT('',#4224);
#1253=VERTEX_POINT('',#4233);
#1254=VERTEX_POINT('',#4235);
#1255=VERTEX_POINT('',#4237);
#1256=VERTEX_POINT('',#4239);
#1257=VERTEX_POINT('',#4243);
#1258=VERTEX_POINT('',#4245);
#1259=VERTEX_POINT('',#4247);
#1260=VERTEX_POINT('',#4249);
#1261=VERTEX_POINT('',#4252);
#1262=VERTEX_POINT('',#4254);
#1263=VERTEX_POINT('',#4256);
#1264=VERTEX_POINT('',#4258);
#1265=VERTEX_POINT('',#4262);
#1266=VERTEX_POINT('',#4263);
#1267=VERTEX_POINT('',#4265);
#1268=VERTEX_POINT('',#4267);
#1269=VERTEX_POINT('',#4271);
#1270=VERTEX_POINT('',#4273);
#1271=VERTEX_POINT('',#4277);
#1272=VERTEX_POINT('',#4279);
#1273=VERTEX_POINT('',#4283);
#1274=VERTEX_POINT('',#4285);
#1275=VERTEX_POINT('',#4289);
#1276=VERTEX_POINT('',#4290);
#1277=VERTEX_POINT('',#4292);
#1278=VERTEX_POINT('',#4294);
#1279=VERTEX_POINT('',#4298);
#1280=VERTEX_POINT('',#4300);
#1281=VERTEX_POINT('',#4304);
#1282=VERTEX_POINT('',#4306);
#1283=VERTEX_POINT('',#4310);
#1284=VERTEX_POINT('',#4312);
#1285=VERTEX_POINT('',#4316);
#1286=VERTEX_POINT('',#4318);
#1287=VERTEX_POINT('',#4322);
#1288=VERTEX_POINT('',#4324);
#1289=VERTEX_POINT('',#4326);
#1290=VERTEX_POINT('',#4328);
#1291=VERTEX_POINT('',#4330);
#1292=VERTEX_POINT('',#4332);
#1293=VERTEX_POINT('',#4336);
#1294=VERTEX_POINT('',#4339);
#1295=VERTEX_POINT('',#4341);
#1296=VERTEX_POINT('',#4345);
#1297=VERTEX_POINT('',#4347);
#1298=VERTEX_POINT('',#4351);
#1299=VERTEX_POINT('',#4353);
#1300=VERTEX_POINT('',#4357);
#1301=VERTEX_POINT('',#4359);
#1302=VERTEX_POINT('',#4361);
#1303=VERTEX_POINT('',#4363);
#1304=VERTEX_POINT('',#4365);
#1305=VERTEX_POINT('',#4367);
#1306=VERTEX_POINT('',#4371);
#1307=VERTEX_POINT('',#4375);
#1308=VERTEX_POINT('',#4377);
#1309=VERTEX_POINT('',#4381);
#1310=VERTEX_POINT('',#4383);
#1311=VERTEX_POINT('',#4385);
#1312=VERTEX_POINT('',#4387);
#1313=VERTEX_POINT('',#4389);
#1314=VERTEX_POINT('',#4393);
#1315=VERTEX_POINT('',#4395);
#1316=VERTEX_POINT('',#4402);
#1317=VERTEX_POINT('',#4404);
#1318=VERTEX_POINT('',#4419);
#1319=VERTEX_POINT('',#4423);
#1320=VERTEX_POINT('',#4425);
#1321=VERTEX_POINT('',#4432);
#1322=VERTEX_POINT('',#4436);
#1323=VERTEX_POINT('',#4438);
#1324=VERTEX_POINT('',#4442);
#1325=VERTEX_POINT('',#4456);
#1326=VERTEX_POINT('',#4457);
#1327=VERTEX_POINT('',#4459);
#1328=VERTEX_POINT('',#4461);
#1329=VERTEX_POINT('',#4465);
#1330=VERTEX_POINT('',#4467);
#1331=VERTEX_POINT('',#4471);
#1332=VERTEX_POINT('',#4473);
#1333=VERTEX_POINT('',#4477);
#1334=VERTEX_POINT('',#4479);
#1335=VERTEX_POINT('',#4483);
#1336=VERTEX_POINT('',#4485);
#1337=VERTEX_POINT('',#4492);
#1338=VERTEX_POINT('',#4495);
#1339=VERTEX_POINT('',#4499);
#1340=VERTEX_POINT('',#4500);
#1341=VERTEX_POINT('',#4502);
#1342=VERTEX_POINT('',#4504);
#1343=VERTEX_POINT('',#4508);
#1344=VERTEX_POINT('',#4510);
#1345=VERTEX_POINT('',#4519);
#1346=VERTEX_POINT('',#4520);
#1347=VERTEX_POINT('',#4522);
#1348=VERTEX_POINT('',#4524);
#1349=VERTEX_POINT('',#4528);
#1350=VERTEX_POINT('',#4530);
#1351=VERTEX_POINT('',#4534);
#1352=VERTEX_POINT('',#4536);
#1353=VERTEX_POINT('',#4540);
#1354=VERTEX_POINT('',#4542);
#1355=VERTEX_POINT('',#4546);
#1356=VERTEX_POINT('',#4548);
#1357=VERTEX_POINT('',#4555);
#1358=VERTEX_POINT('',#4558);
#1359=VERTEX_POINT('',#4562);
#1360=VERTEX_POINT('',#4563);
#1361=VERTEX_POINT('',#4565);
#1362=VERTEX_POINT('',#4567);
#1363=VERTEX_POINT('',#4571);
#1364=VERTEX_POINT('',#4573);
#1365=VERTEX_POINT('',#4582);
#1366=VERTEX_POINT('',#4583);
#1367=VERTEX_POINT('',#4585);
#1368=VERTEX_POINT('',#4587);
#1369=VERTEX_POINT('',#4591);
#1370=VERTEX_POINT('',#4593);
#1371=VERTEX_POINT('',#4597);
#1372=VERTEX_POINT('',#4599);
#1373=VERTEX_POINT('',#4603);
#1374=VERTEX_POINT('',#4605);
#1375=VERTEX_POINT('',#4609);
#1376=VERTEX_POINT('',#4611);
#1377=VERTEX_POINT('',#4618);
#1378=VERTEX_POINT('',#4621);
#1379=VERTEX_POINT('',#4625);
#1380=VERTEX_POINT('',#4626);
#1381=VERTEX_POINT('',#4628);
#1382=VERTEX_POINT('',#4630);
#1383=VERTEX_POINT('',#4634);
#1384=VERTEX_POINT('',#4636);
#1385=VERTEX_POINT('',#4645);
#1386=VERTEX_POINT('',#4646);
#1387=VERTEX_POINT('',#4648);
#1388=VERTEX_POINT('',#4650);
#1389=VERTEX_POINT('',#4654);
#1390=VERTEX_POINT('',#4656);
#1391=VERTEX_POINT('',#4660);
#1392=VERTEX_POINT('',#4662);
#1393=VERTEX_POINT('',#4666);
#1394=VERTEX_POINT('',#4668);
#1395=VERTEX_POINT('',#4672);
#1396=VERTEX_POINT('',#4674);
#1397=VERTEX_POINT('',#4681);
#1398=VERTEX_POINT('',#4684);
#1399=VERTEX_POINT('',#4688);
#1400=VERTEX_POINT('',#4689);
#1401=VERTEX_POINT('',#4691);
#1402=VERTEX_POINT('',#4693);
#1403=VERTEX_POINT('',#4697);
#1404=VERTEX_POINT('',#4699);
#1405=EDGE_CURVE('',#1143,#1144,#497,.T.);
#1406=EDGE_CURVE('',#1145,#1143,#498,.T.);
#1407=EDGE_CURVE('',#1146,#1145,#499,.T.);
#1408=EDGE_CURVE('',#1146,#1144,#500,.T.);
#1409=EDGE_CURVE('',#1144,#1147,#501,.T.);
#1410=EDGE_CURVE('',#1148,#1146,#502,.T.);
#1411=EDGE_CURVE('',#1148,#1147,#503,.T.);
#1412=EDGE_CURVE('',#1147,#1149,#504,.T.);
#1413=EDGE_CURVE('',#1150,#1148,#505,.T.);
#1414=EDGE_CURVE('',#1150,#1149,#506,.T.);
#1415=EDGE_CURVE('',#1149,#1151,#507,.T.);
#1416=EDGE_CURVE('',#1152,#1150,#508,.T.);
#1417=EDGE_CURVE('',#1152,#1151,#509,.T.);
#1418=EDGE_CURVE('',#1151,#1153,#510,.T.);
#1419=EDGE_CURVE('',#1154,#1152,#511,.T.);
#1420=EDGE_CURVE('',#1154,#1153,#512,.T.);
#1421=EDGE_CURVE('',#1153,#1143,#513,.T.);
#1422=EDGE_CURVE('',#1145,#1154,#514,.T.);
#1423=EDGE_CURVE('',#1155,#1156,#515,.T.);
#1424=EDGE_CURVE('',#1157,#1155,#516,.T.);
#1425=EDGE_CURVE('',#1158,#1157,#517,.T.);
#1426=EDGE_CURVE('',#1158,#1156,#518,.T.);
#1427=EDGE_CURVE('',#1156,#1159,#519,.T.);
#1428=EDGE_CURVE('',#1160,#1158,#520,.T.);
#1429=EDGE_CURVE('',#1160,#1159,#521,.T.);
#1430=EDGE_CURVE('',#1159,#1161,#522,.T.);
#1431=EDGE_CURVE('',#1162,#1160,#523,.T.);
#1432=EDGE_CURVE('',#1162,#1161,#524,.T.);
#1433=EDGE_CURVE('',#1161,#1163,#525,.T.);
#1434=EDGE_CURVE('',#1164,#1162,#526,.T.);
#1435=EDGE_CURVE('',#1164,#1163,#527,.T.);
#1436=EDGE_CURVE('',#1163,#1165,#528,.T.);
#1437=EDGE_CURVE('',#1166,#1164,#529,.T.);
#1438=EDGE_CURVE('',#1166,#1165,#530,.T.);
#1439=EDGE_CURVE('',#1165,#1155,#531,.T.);
#1440=EDGE_CURVE('',#1157,#1166,#532,.T.);
#1441=EDGE_CURVE('',#1167,#1168,#533,.T.);
#1442=EDGE_CURVE('',#1169,#1167,#534,.T.);
#1443=EDGE_CURVE('',#1170,#1169,#535,.T.);
#1444=EDGE_CURVE('',#1170,#1168,#536,.T.);
#1445=EDGE_CURVE('',#1168,#1171,#537,.T.);
#1446=EDGE_CURVE('',#1172,#1170,#538,.T.);
#1447=EDGE_CURVE('',#1172,#1171,#539,.T.);
#1448=EDGE_CURVE('',#1171,#1173,#540,.T.);
#1449=EDGE_CURVE('',#1174,#1172,#541,.T.);
#1450=EDGE_CURVE('',#1174,#1173,#542,.T.);
#1451=EDGE_CURVE('',#1173,#1175,#543,.T.);
#1452=EDGE_CURVE('',#1176,#1174,#544,.T.);
#1453=EDGE_CURVE('',#1176,#1175,#545,.T.);
#1454=EDGE_CURVE('',#1175,#1177,#546,.T.);
#1455=EDGE_CURVE('',#1178,#1176,#547,.T.);
#1456=EDGE_CURVE('',#1178,#1177,#548,.T.);
#1457=EDGE_CURVE('',#1177,#1167,#549,.T.);
#1458=EDGE_CURVE('',#1169,#1178,#550,.T.);
#1459=EDGE_CURVE('',#1179,#1180,#551,.T.);
#1460=EDGE_CURVE('',#1181,#1179,#552,.T.);
#1461=EDGE_CURVE('',#1182,#1181,#553,.T.);
#1462=EDGE_CURVE('',#1182,#1180,#554,.T.);
#1463=EDGE_CURVE('',#1180,#1183,#555,.T.);
#1464=EDGE_CURVE('',#1184,#1182,#556,.T.);
#1465=EDGE_CURVE('',#1184,#1183,#557,.T.);
#1466=EDGE_CURVE('',#1183,#1185,#558,.T.);
#1467=EDGE_CURVE('',#1186,#1184,#559,.T.);
#1468=EDGE_CURVE('',#1186,#1185,#560,.T.);
#1469=EDGE_CURVE('',#1185,#1187,#561,.T.);
#1470=EDGE_CURVE('',#1188,#1186,#562,.T.);
#1471=EDGE_CURVE('',#1188,#1187,#563,.T.);
#1472=EDGE_CURVE('',#1187,#1189,#564,.T.);
#1473=EDGE_CURVE('',#1190,#1188,#565,.T.);
#1474=EDGE_CURVE('',#1190,#1189,#566,.T.);
#1475=EDGE_CURVE('',#1189,#1179,#567,.T.);
#1476=EDGE_CURVE('',#1181,#1190,#568,.T.);
#1477=EDGE_CURVE('',#1191,#1192,#52,.T.);
#1478=EDGE_CURVE('',#1192,#1193,#569,.T.);
#1479=EDGE_CURVE('',#1193,#1194,#53,.F.);
#1480=EDGE_CURVE('',#1194,#1191,#570,.T.);
#1481=EDGE_CURVE('',#1195,#1192,#571,.T.);
#1482=EDGE_CURVE('',#1196,#1195,#572,.T.);
#1483=EDGE_CURVE('',#1193,#1196,#573,.T.);
#1484=EDGE_CURVE('',#1191,#1197,#574,.T.);
#1485=EDGE_CURVE('',#1198,#1197,#54,.T.);
#1486=EDGE_CURVE('',#1198,#1199,#575,.T.);
#1487=EDGE_CURVE('',#1200,#1199,#55,.T.);
#1488=EDGE_CURVE('',#1200,#1201,#576,.T.);
#1489=EDGE_CURVE('',#1195,#1201,#56,.T.);
#1490=EDGE_CURVE('',#1202,#1202,#57,.T.);
#1491=EDGE_CURVE('',#1201,#1203,#577,.T.);
#1492=EDGE_CURVE('',#1203,#1196,#58,.F.);
#1493=EDGE_CURVE('',#1204,#1200,#578,.T.);
#1494=EDGE_CURVE('',#1203,#1204,#579,.T.);
#1495=EDGE_CURVE('',#1197,#1205,#580,.T.);
#1496=EDGE_CURVE('',#1205,#1206,#59,.F.);
#1497=EDGE_CURVE('',#1206,#1198,#581,.T.);
#1498=EDGE_CURVE('',#1205,#1194,#582,.T.);
#1499=EDGE_CURVE('',#1199,#1207,#583,.T.);
#1500=EDGE_CURVE('',#1207,#1204,#60,.F.);
#1501=EDGE_CURVE('',#1208,#1209,#61,.T.);
#1502=EDGE_CURVE('',#1209,#1210,#584,.T.);
#1503=EDGE_CURVE('',#1210,#1211,#62,.F.);
#1504=EDGE_CURVE('',#1211,#1208,#585,.T.);
#1505=EDGE_CURVE('',#1212,#1209,#586,.T.);
#1506=EDGE_CURVE('',#1213,#1212,#587,.T.);
#1507=EDGE_CURVE('',#1210,#1213,#588,.T.);
#1508=EDGE_CURVE('',#1208,#1214,#589,.T.);
#1509=EDGE_CURVE('',#1215,#1214,#63,.T.);
#1510=EDGE_CURVE('',#1215,#1216,#590,.T.);
#1511=EDGE_CURVE('',#1217,#1216,#64,.T.);
#1512=EDGE_CURVE('',#1217,#1218,#591,.T.);
#1513=EDGE_CURVE('',#1212,#1218,#65,.T.);
#1514=EDGE_CURVE('',#1219,#1219,#66,.T.);
#1515=EDGE_CURVE('',#1214,#1220,#592,.T.);
#1516=EDGE_CURVE('',#1220,#1221,#67,.F.);
#1517=EDGE_CURVE('',#1221,#1215,#593,.T.);
#1518=EDGE_CURVE('',#1222,#1221,#594,.T.);
#1519=EDGE_CURVE('',#1216,#1222,#595,.T.);
#1520=EDGE_CURVE('',#1218,#1223,#596,.T.);
#1521=EDGE_CURVE('',#1223,#1213,#68,.F.);
#1522=EDGE_CURVE('',#1222,#1224,#69,.F.);
#1523=EDGE_CURVE('',#1224,#1217,#597,.T.);
#1524=EDGE_CURVE('',#1223,#1224,#598,.T.);
#1525=EDGE_CURVE('',#1225,#1225,#70,.T.);
#1526=EDGE_CURVE('',#1225,#1226,#599,.T.);
#1527=EDGE_CURVE('',#1226,#1226,#71,.T.);
#1528=EDGE_CURVE('',#1225,#1227,#600,.T.);
#1529=EDGE_CURVE('',#1227,#1227,#72,.T.);
#1530=EDGE_CURVE('',#1228,#1228,#73,.T.);
#1531=EDGE_CURVE('',#1228,#1229,#601,.T.);
#1532=EDGE_CURVE('',#1229,#1229,#74,.T.);
#1533=EDGE_CURVE('',#1228,#1230,#602,.T.);
#1534=EDGE_CURVE('',#1230,#1230,#75,.T.);
#1535=EDGE_CURVE('',#1202,#1226,#603,.T.);
#1536=EDGE_CURVE('',#1219,#1229,#604,.T.);
#1537=EDGE_CURVE('',#1207,#1206,#605,.T.);
#1538=EDGE_CURVE('',#1220,#1211,#606,.T.);
#1539=EDGE_CURVE('',#1231,#1232,#607,.T.);
#1540=EDGE_CURVE('',#1232,#1233,#608,.T.);
#1541=EDGE_CURVE('',#1233,#1234,#609,.T.);
#1542=EDGE_CURVE('',#1234,#1231,#610,.T.);
#1543=EDGE_CURVE('',#1235,#1233,#611,.T.);
#1544=EDGE_CURVE('',#1232,#1236,#612,.T.);
#1545=EDGE_CURVE('',#1235,#1236,#613,.T.);
#1546=EDGE_CURVE('',#1237,#1231,#614,.T.);
#1547=EDGE_CURVE('',#1234,#1238,#615,.T.);
#1548=EDGE_CURVE('',#1238,#1237,#616,.T.);
#1549=EDGE_CURVE('',#1236,#1237,#617,.T.);
#1550=EDGE_CURVE('',#1238,#1235,#618,.T.);
#1551=EDGE_CURVE('',#1239,#1234,#619,.T.);
#1552=EDGE_CURVE('',#1240,#1239,#620,.T.);
#1553=EDGE_CURVE('',#1240,#1238,#621,.T.);
#1554=EDGE_CURVE('',#1241,#1233,#622,.T.);
#1555=EDGE_CURVE('',#1239,#1241,#623,.T.);
#1556=EDGE_CURVE('',#1242,#1243,#624,.T.);
#1557=EDGE_CURVE('',#1244,#1242,#625,.T.);
#1558=EDGE_CURVE('',#1245,#1244,#626,.T.);
#1559=EDGE_CURVE('',#1243,#1245,#627,.T.);
#1560=EDGE_CURVE('',#1241,#1246,#628,.T.);
#1561=EDGE_CURVE('',#1246,#1247,#629,.T.);
#1562=EDGE_CURVE('',#1247,#1248,#630,.T.);
#1563=EDGE_CURVE('',#1248,#1239,#631,.T.);
#1564=EDGE_CURVE('',#1248,#1249,#632,.T.);
#1565=EDGE_CURVE('',#1249,#1240,#633,.T.);
#1566=EDGE_CURVE('',#1249,#1250,#634,.T.);
#1567=EDGE_CURVE('',#1250,#1251,#635,.T.);
#1568=EDGE_CURVE('',#1251,#1252,#636,.T.);
#1569=EDGE_CURVE('',#1252,#1240,#637,.T.);
#1570=EDGE_CURVE('',#1252,#1235,#638,.T.);
#1571=EDGE_CURVE('',#1252,#1241,#639,.T.);
#1572=EDGE_CURVE('',#1246,#1251,#640,.T.);
#1573=EDGE_CURVE('',#1253,#1247,#641,.T.);
#1574=EDGE_CURVE('',#1254,#1253,#642,.T.);
#1575=EDGE_CURVE('',#1255,#1254,#643,.T.);
#1576=EDGE_CURVE('',#1256,#1255,#644,.T.);
#1577=EDGE_CURVE('',#1250,#1256,#645,.T.);
#1578=EDGE_CURVE('',#1257,#1256,#76,.T.);
#1579=EDGE_CURVE('',#1257,#1258,#646,.T.);
#1580=EDGE_CURVE('',#1259,#1258,#647,.T.);
#1581=EDGE_CURVE('',#1259,#1260,#648,.T.);
#1582=EDGE_CURVE('',#1243,#1260,#77,.T.);
#1583=EDGE_CURVE('',#1261,#1245,#78,.T.);
#1584=EDGE_CURVE('',#1261,#1262,#649,.T.);
#1585=EDGE_CURVE('',#1263,#1262,#650,.T.);
#1586=EDGE_CURVE('',#1263,#1264,#651,.T.);
#1587=EDGE_CURVE('',#1253,#1264,#79,.T.);
#1588=EDGE_CURVE('',#1265,#1266,#80,.T.);
#1589=EDGE_CURVE('',#1266,#1267,#652,.T.);
#1590=EDGE_CURVE('',#1267,#1268,#81,.T.);
#1591=EDGE_CURVE('',#1268,#1265,#653,.T.);
#1592=EDGE_CURVE('',#1269,#1266,#654,.T.);
#1593=EDGE_CURVE('',#1270,#1269,#655,.T.);
#1594=EDGE_CURVE('',#1267,#1270,#656,.T.);
#1595=EDGE_CURVE('',#1269,#1271,#82,.T.);
#1596=EDGE_CURVE('',#1271,#1272,#657,.T.);
#1597=EDGE_CURVE('',#1272,#1270,#83,.T.);
#1598=EDGE_CURVE('',#1273,#1271,#658,.T.);
#1599=EDGE_CURVE('',#1274,#1273,#659,.T.);
#1600=EDGE_CURVE('',#1272,#1274,#660,.T.);
#1601=EDGE_CURVE('',#1275,#1276,#84,.T.);
#1602=EDGE_CURVE('',#1276,#1277,#661,.T.);
#1603=EDGE_CURVE('',#1277,#1278,#85,.T.);
#1604=EDGE_CURVE('',#1278,#1275,#662,.T.);
#1605=EDGE_CURVE('',#1279,#1276,#663,.T.);
#1606=EDGE_CURVE('',#1280,#1279,#664,.T.);
#1607=EDGE_CURVE('',#1277,#1280,#665,.T.);
#1608=EDGE_CURVE('',#1279,#1281,#86,.T.);
#1609=EDGE_CURVE('',#1281,#1282,#666,.T.);
#1610=EDGE_CURVE('',#1282,#1280,#87,.T.);
#1611=EDGE_CURVE('',#1283,#1281,#667,.T.);
#1612=EDGE_CURVE('',#1284,#1283,#668,.T.);
#1613=EDGE_CURVE('',#1282,#1284,#669,.T.);
#1614=EDGE_CURVE('',#1283,#1285,#88,.T.);
#1615=EDGE_CURVE('',#1285,#1286,#670,.T.);
#1616=EDGE_CURVE('',#1286,#1284,#89,.T.);
#1617=EDGE_CURVE('',#1285,#1287,#671,.T.);
#1618=EDGE_CURVE('',#1288,#1287,#90,.T.);
#1619=EDGE_CURVE('',#1288,#1289,#672,.T.);
#1620=EDGE_CURVE('',#1290,#1289,#673,.T.);
#1621=EDGE_CURVE('',#1290,#1291,#674,.T.);
#1622=EDGE_CURVE('',#1292,#1291,#91,.T.);
#1623=EDGE_CURVE('',#1292,#1286,#675,.T.);
#1624=EDGE_CURVE('',#1275,#1293,#676,.T.);
#1625=EDGE_CURVE('',#1258,#1293,#92,.T.);
#1626=EDGE_CURVE('',#1294,#1257,#677,.T.);
#1627=EDGE_CURVE('',#1295,#1294,#678,.T.);
#1628=EDGE_CURVE('',#1287,#1295,#679,.T.);
#1629=EDGE_CURVE('',#1296,#1290,#93,.T.);
#1630=EDGE_CURVE('',#1289,#1297,#94,.T.);
#1631=EDGE_CURVE('',#1297,#1296,#680,.T.);
#1632=EDGE_CURVE('',#1298,#1297,#681,.T.);
#1633=EDGE_CURVE('',#1298,#1299,#682,.T.);
#1634=EDGE_CURVE('',#1296,#1299,#683,.T.);
#1635=EDGE_CURVE('',#1300,#1288,#684,.T.);
#1636=EDGE_CURVE('',#1301,#1300,#685,.T.);
#1637=EDGE_CURVE('',#1302,#1301,#686,.T.);
#1638=EDGE_CURVE('',#1303,#1302,#687,.T.);
#1639=EDGE_CURVE('',#1304,#1303,#95,.T.);
#1640=EDGE_CURVE('',#1304,#1305,#688,.T.);
#1641=EDGE_CURVE('',#1305,#1298,#689,.T.);
#1642=EDGE_CURVE('',#1306,#1259,#96,.T.);
#1643=EDGE_CURVE('',#1293,#1306,#690,.T.);
#1644=EDGE_CURVE('',#1303,#1307,#691,.T.);
#1645=EDGE_CURVE('',#1307,#1308,#97,.T.);
#1646=EDGE_CURVE('',#1308,#1304,#692,.T.);
#1647=EDGE_CURVE('',#1309,#1302,#98,.T.);
#1648=EDGE_CURVE('',#1309,#1310,#693,.T.);
#1649=EDGE_CURVE('',#1311,#1310,#694,.T.);
#1650=EDGE_CURVE('',#1311,#1312,#695,.T.);
#1651=EDGE_CURVE('',#1313,#1312,#99,.T.);
#1652=EDGE_CURVE('',#1313,#1307,#696,.T.);
#1653=EDGE_CURVE('',#1314,#1311,#100,.T.);
#1654=EDGE_CURVE('',#1310,#1315,#101,.T.);
#1655=EDGE_CURVE('',#1315,#1314,#697,.T.);
#1656=EDGE_CURVE('',#1314,#1268,#698,.T.);
#1657=EDGE_CURVE('',#1265,#1315,#699,.T.);
#1658=EDGE_CURVE('',#1316,#1309,#700,.T.);
#1659=EDGE_CURVE('',#1317,#1316,#701,.T.);
#1660=EDGE_CURVE('',#1264,#1317,#702,.T.);
#1661=EDGE_CURVE('',#1273,#1263,#102,.T.);
#1662=EDGE_CURVE('',#1262,#1274,#103,.T.);
#1663=EDGE_CURVE('',#1254,#1317,#104,.T.);
#1664=EDGE_CURVE('',#1316,#1301,#105,.T.);
#1665=EDGE_CURVE('',#1300,#1295,#106,.T.);
#1666=EDGE_CURVE('',#1294,#1255,#107,.T.);
#1667=EDGE_CURVE('',#1260,#1318,#703,.T.);
#1668=EDGE_CURVE('',#1318,#1242,#108,.T.);
#1669=EDGE_CURVE('',#1291,#1319,#704,.T.);
#1670=EDGE_CURVE('',#1319,#1320,#109,.T.);
#1671=EDGE_CURVE('',#1320,#1292,#705,.T.);
#1672=EDGE_CURVE('',#1318,#1320,#706,.T.);
#1673=EDGE_CURVE('',#1306,#1278,#707,.T.);
#1674=EDGE_CURVE('',#1244,#1321,#110,.T.);
#1675=EDGE_CURVE('',#1321,#1261,#708,.T.);
#1676=EDGE_CURVE('',#1312,#1322,#709,.T.);
#1677=EDGE_CURVE('',#1322,#1323,#111,.T.);
#1678=EDGE_CURVE('',#1323,#1313,#710,.T.);
#1679=EDGE_CURVE('',#1299,#1324,#711,.T.);
#1680=EDGE_CURVE('',#1324,#1308,#712,.T.);
#1681=EDGE_CURVE('',#1319,#1323,#713,.T.);
#1682=EDGE_CURVE('',#1305,#1324,#714,.T.);
#1683=EDGE_CURVE('',#1322,#1321,#715,.T.);
#1684=EDGE_CURVE('',#1325,#1326,#716,.T.);
#1685=EDGE_CURVE('',#1325,#1327,#717,.T.);
#1686=EDGE_CURVE('',#1327,#1328,#718,.T.);
#1687=EDGE_CURVE('',#1326,#1328,#719,.T.);
#1688=EDGE_CURVE('',#1326,#1329,#720,.T.);
#1689=EDGE_CURVE('',#1328,#1330,#721,.T.);
#1690=EDGE_CURVE('',#1329,#1330,#722,.T.);
#1691=EDGE_CURVE('',#1329,#1331,#723,.T.);
#1692=EDGE_CURVE('',#1330,#1332,#724,.T.);
#1693=EDGE_CURVE('',#1331,#1332,#725,.T.);
#1694=EDGE_CURVE('',#1331,#1333,#726,.T.);
#1695=EDGE_CURVE('',#1332,#1334,#727,.T.);
#1696=EDGE_CURVE('',#1333,#1334,#728,.T.);
#1697=EDGE_CURVE('',#1335,#1325,#729,.T.);
#1698=EDGE_CURVE('',#1335,#1336,#730,.T.);
#1699=EDGE_CURVE('',#1336,#1327,#731,.T.);
#1700=EDGE_CURVE('',#1333,#1335,#732,.T.);
#1701=EDGE_CURVE('',#1334,#1336,#733,.T.);
#1702=EDGE_CURVE('',#1337,#1337,#112,.T.);
#1703=EDGE_CURVE('',#1338,#1338,#113,.T.);
#1704=EDGE_CURVE('',#1338,#1337,#734,.T.);
#1705=EDGE_CURVE('',#1339,#1340,#735,.T.);
#1706=EDGE_CURVE('',#1340,#1341,#736,.T.);
#1707=EDGE_CURVE('',#1342,#1341,#737,.T.);
#1708=EDGE_CURVE('',#1339,#1342,#738,.T.);
#1709=EDGE_CURVE('',#1343,#1339,#739,.T.);
#1710=EDGE_CURVE('',#1344,#1342,#740,.T.);
#1711=EDGE_CURVE('',#1343,#1344,#741,.T.);
#1712=EDGE_CURVE('',#1340,#1343,#114,.T.);
#1713=EDGE_CURVE('',#1341,#1344,#115,.T.);
#1714=EDGE_CURVE('',#1345,#1346,#742,.T.);
#1715=EDGE_CURVE('',#1345,#1347,#743,.T.);
#1716=EDGE_CURVE('',#1347,#1348,#744,.T.);
#1717=EDGE_CURVE('',#1346,#1348,#745,.T.);
#1718=EDGE_CURVE('',#1346,#1349,#746,.T.);
#1719=EDGE_CURVE('',#1348,#1350,#747,.T.);
#1720=EDGE_CURVE('',#1349,#1350,#748,.T.);
#1721=EDGE_CURVE('',#1349,#1351,#749,.T.);
#1722=EDGE_CURVE('',#1350,#1352,#750,.T.);
#1723=EDGE_CURVE('',#1351,#1352,#751,.T.);
#1724=EDGE_CURVE('',#1351,#1353,#752,.T.);
#1725=EDGE_CURVE('',#1352,#1354,#753,.T.);
#1726=EDGE_CURVE('',#1353,#1354,#754,.T.);
#1727=EDGE_CURVE('',#1355,#1345,#755,.T.);
#1728=EDGE_CURVE('',#1355,#1356,#756,.T.);
#1729=EDGE_CURVE('',#1356,#1347,#757,.T.);
#1730=EDGE_CURVE('',#1353,#1355,#758,.T.);
#1731=EDGE_CURVE('',#1354,#1356,#759,.T.);
#1732=EDGE_CURVE('',#1357,#1357,#116,.T.);
#1733=EDGE_CURVE('',#1358,#1358,#117,.T.);
#1734=EDGE_CURVE('',#1358,#1357,#760,.T.);
#1735=EDGE_CURVE('',#1359,#1360,#761,.T.);
#1736=EDGE_CURVE('',#1359,#1361,#762,.T.);
#1737=EDGE_CURVE('',#1361,#1362,#763,.T.);
#1738=EDGE_CURVE('',#1360,#1362,#764,.T.);
#1739=EDGE_CURVE('',#1363,#1359,#765,.T.);
#1740=EDGE_CURVE('',#1363,#1364,#766,.T.);
#1741=EDGE_CURVE('',#1364,#1361,#767,.T.);
#1742=EDGE_CURVE('',#1360,#1363,#118,.T.);
#1743=EDGE_CURVE('',#1362,#1364,#119,.T.);
#1744=EDGE_CURVE('',#1365,#1366,#768,.T.);
#1745=EDGE_CURVE('',#1365,#1367,#769,.T.);
#1746=EDGE_CURVE('',#1367,#1368,#770,.T.);
#1747=EDGE_CURVE('',#1366,#1368,#771,.T.);
#1748=EDGE_CURVE('',#1366,#1369,#772,.T.);
#1749=EDGE_CURVE('',#1368,#1370,#773,.T.);
#1750=EDGE_CURVE('',#1369,#1370,#774,.T.);
#1751=EDGE_CURVE('',#1369,#1371,#775,.T.);
#1752=EDGE_CURVE('',#1370,#1372,#776,.T.);
#1753=EDGE_CURVE('',#1371,#1372,#777,.T.);
#1754=EDGE_CURVE('',#1371,#1373,#778,.T.);
#1755=EDGE_CURVE('',#1372,#1374,#779,.T.);
#1756=EDGE_CURVE('',#1373,#1374,#780,.T.);
#1757=EDGE_CURVE('',#1375,#1365,#781,.T.);
#1758=EDGE_CURVE('',#1375,#1376,#782,.T.);
#1759=EDGE_CURVE('',#1376,#1367,#783,.T.);
#1760=EDGE_CURVE('',#1373,#1375,#784,.T.);
#1761=EDGE_CURVE('',#1374,#1376,#785,.T.);
#1762=EDGE_CURVE('',#1377,#1377,#120,.T.);
#1763=EDGE_CURVE('',#1378,#1378,#121,.T.);
#1764=EDGE_CURVE('',#1378,#1377,#786,.T.);
#1765=EDGE_CURVE('',#1379,#1380,#787,.T.);
#1766=EDGE_CURVE('',#1379,#1381,#788,.T.);
#1767=EDGE_CURVE('',#1381,#1382,#789,.T.);
#1768=EDGE_CURVE('',#1380,#1382,#790,.T.);
#1769=EDGE_CURVE('',#1383,#1379,#791,.T.);
#1770=EDGE_CURVE('',#1383,#1384,#792,.T.);
#1771=EDGE_CURVE('',#1384,#1381,#793,.T.);
#1772=EDGE_CURVE('',#1380,#1383,#122,.T.);
#1773=EDGE_CURVE('',#1382,#1384,#123,.T.);
#1774=EDGE_CURVE('',#1385,#1386,#794,.T.);
#1775=EDGE_CURVE('',#1385,#1387,#795,.T.);
#1776=EDGE_CURVE('',#1387,#1388,#796,.T.);
#1777=EDGE_CURVE('',#1386,#1388,#797,.T.);
#1778=EDGE_CURVE('',#1386,#1389,#798,.T.);
#1779=EDGE_CURVE('',#1388,#1390,#799,.T.);
#1780=EDGE_CURVE('',#1389,#1390,#800,.T.);
#1781=EDGE_CURVE('',#1389,#1391,#801,.T.);
#1782=EDGE_CURVE('',#1390,#1392,#802,.T.);
#1783=EDGE_CURVE('',#1391,#1392,#803,.T.);
#1784=EDGE_CURVE('',#1391,#1393,#804,.T.);
#1785=EDGE_CURVE('',#1392,#1394,#805,.T.);
#1786=EDGE_CURVE('',#1393,#1394,#806,.T.);
#1787=EDGE_CURVE('',#1395,#1385,#807,.T.);
#1788=EDGE_CURVE('',#1395,#1396,#808,.T.);
#1789=EDGE_CURVE('',#1396,#1387,#809,.T.);
#1790=EDGE_CURVE('',#1393,#1395,#810,.T.);
#1791=EDGE_CURVE('',#1394,#1396,#811,.T.);
#1792=EDGE_CURVE('',#1397,#1397,#124,.T.);
#1793=EDGE_CURVE('',#1398,#1398,#125,.T.);
#1794=EDGE_CURVE('',#1398,#1397,#812,.T.);
#1795=EDGE_CURVE('',#1399,#1400,#813,.T.);
#1796=EDGE_CURVE('',#1400,#1401,#814,.T.);
#1797=EDGE_CURVE('',#1402,#1401,#815,.T.);
#1798=EDGE_CURVE('',#1399,#1402,#816,.T.);
#1799=EDGE_CURVE('',#1403,#1399,#817,.T.);
#1800=EDGE_CURVE('',#1404,#1402,#818,.T.);
#1801=EDGE_CURVE('',#1403,#1404,#819,.T.);
#1802=EDGE_CURVE('',#1400,#1403,#126,.T.);
#1803=EDGE_CURVE('',#1401,#1404,#127,.T.);
#1804=ORIENTED_EDGE('',*,*,#1405,.F.);
#1805=ORIENTED_EDGE('',*,*,#1406,.F.);
#1806=ORIENTED_EDGE('',*,*,#1407,.F.);
#1807=ORIENTED_EDGE('',*,*,#1408,.T.);
#1808=ORIENTED_EDGE('',*,*,#1409,.F.);
#1809=ORIENTED_EDGE('',*,*,#1408,.F.);
#1810=ORIENTED_EDGE('',*,*,#1410,.F.);
#1811=ORIENTED_EDGE('',*,*,#1411,.T.);
#1812=ORIENTED_EDGE('',*,*,#1412,.F.);
#1813=ORIENTED_EDGE('',*,*,#1411,.F.);
#1814=ORIENTED_EDGE('',*,*,#1413,.F.);
#1815=ORIENTED_EDGE('',*,*,#1414,.T.);
#1816=ORIENTED_EDGE('',*,*,#1415,.F.);
#1817=ORIENTED_EDGE('',*,*,#1414,.F.);
#1818=ORIENTED_EDGE('',*,*,#1416,.F.);
#1819=ORIENTED_EDGE('',*,*,#1417,.T.);
#1820=ORIENTED_EDGE('',*,*,#1418,.F.);
#1821=ORIENTED_EDGE('',*,*,#1417,.F.);
#1822=ORIENTED_EDGE('',*,*,#1419,.F.);
#1823=ORIENTED_EDGE('',*,*,#1420,.T.);
#1824=ORIENTED_EDGE('',*,*,#1421,.F.);
#1825=ORIENTED_EDGE('',*,*,#1420,.F.);
#1826=ORIENTED_EDGE('',*,*,#1422,.F.);
#1827=ORIENTED_EDGE('',*,*,#1406,.T.);
#1828=ORIENTED_EDGE('',*,*,#1423,.F.);
#1829=ORIENTED_EDGE('',*,*,#1424,.F.);
#1830=ORIENTED_EDGE('',*,*,#1425,.F.);
#1831=ORIENTED_EDGE('',*,*,#1426,.T.);
#1832=ORIENTED_EDGE('',*,*,#1427,.F.);
#1833=ORIENTED_EDGE('',*,*,#1426,.F.);
#1834=ORIENTED_EDGE('',*,*,#1428,.F.);
#1835=ORIENTED_EDGE('',*,*,#1429,.T.);
#1836=ORIENTED_EDGE('',*,*,#1430,.F.);
#1837=ORIENTED_EDGE('',*,*,#1429,.F.);
#1838=ORIENTED_EDGE('',*,*,#1431,.F.);
#1839=ORIENTED_EDGE('',*,*,#1432,.T.);
#1840=ORIENTED_EDGE('',*,*,#1433,.F.);
#1841=ORIENTED_EDGE('',*,*,#1432,.F.);
#1842=ORIENTED_EDGE('',*,*,#1434,.F.);
#1843=ORIENTED_EDGE('',*,*,#1435,.T.);
#1844=ORIENTED_EDGE('',*,*,#1436,.F.);
#1845=ORIENTED_EDGE('',*,*,#1435,.F.);
#1846=ORIENTED_EDGE('',*,*,#1437,.F.);
#1847=ORIENTED_EDGE('',*,*,#1438,.T.);
#1848=ORIENTED_EDGE('',*,*,#1439,.F.);
#1849=ORIENTED_EDGE('',*,*,#1438,.F.);
#1850=ORIENTED_EDGE('',*,*,#1440,.F.);
#1851=ORIENTED_EDGE('',*,*,#1424,.T.);
#1852=ORIENTED_EDGE('',*,*,#1441,.F.);
#1853=ORIENTED_EDGE('',*,*,#1442,.F.);
#1854=ORIENTED_EDGE('',*,*,#1443,.F.);
#1855=ORIENTED_EDGE('',*,*,#1444,.T.);
#1856=ORIENTED_EDGE('',*,*,#1445,.F.);
#1857=ORIENTED_EDGE('',*,*,#1444,.F.);
#1858=ORIENTED_EDGE('',*,*,#1446,.F.);
#1859=ORIENTED_EDGE('',*,*,#1447,.T.);
#1860=ORIENTED_EDGE('',*,*,#1448,.F.);
#1861=ORIENTED_EDGE('',*,*,#1447,.F.);
#1862=ORIENTED_EDGE('',*,*,#1449,.F.);
#1863=ORIENTED_EDGE('',*,*,#1450,.T.);
#1864=ORIENTED_EDGE('',*,*,#1451,.F.);
#1865=ORIENTED_EDGE('',*,*,#1450,.F.);
#1866=ORIENTED_EDGE('',*,*,#1452,.F.);
#1867=ORIENTED_EDGE('',*,*,#1453,.T.);
#1868=ORIENTED_EDGE('',*,*,#1454,.F.);
#1869=ORIENTED_EDGE('',*,*,#1453,.F.);
#1870=ORIENTED_EDGE('',*,*,#1455,.F.);
#1871=ORIENTED_EDGE('',*,*,#1456,.T.);
#1872=ORIENTED_EDGE('',*,*,#1457,.F.);
#1873=ORIENTED_EDGE('',*,*,#1456,.F.);
#1874=ORIENTED_EDGE('',*,*,#1458,.F.);
#1875=ORIENTED_EDGE('',*,*,#1442,.T.);
#1876=ORIENTED_EDGE('',*,*,#1459,.F.);
#1877=ORIENTED_EDGE('',*,*,#1460,.F.);
#1878=ORIENTED_EDGE('',*,*,#1461,.F.);
#1879=ORIENTED_EDGE('',*,*,#1462,.T.);
#1880=ORIENTED_EDGE('',*,*,#1463,.F.);
#1881=ORIENTED_EDGE('',*,*,#1462,.F.);
#1882=ORIENTED_EDGE('',*,*,#1464,.F.);
#1883=ORIENTED_EDGE('',*,*,#1465,.T.);
#1884=ORIENTED_EDGE('',*,*,#1466,.F.);
#1885=ORIENTED_EDGE('',*,*,#1465,.F.);
#1886=ORIENTED_EDGE('',*,*,#1467,.F.);
#1887=ORIENTED_EDGE('',*,*,#1468,.T.);
#1888=ORIENTED_EDGE('',*,*,#1469,.F.);
#1889=ORIENTED_EDGE('',*,*,#1468,.F.);
#1890=ORIENTED_EDGE('',*,*,#1470,.F.);
#1891=ORIENTED_EDGE('',*,*,#1471,.T.);
#1892=ORIENTED_EDGE('',*,*,#1472,.F.);
#1893=ORIENTED_EDGE('',*,*,#1471,.F.);
#1894=ORIENTED_EDGE('',*,*,#1473,.F.);
#1895=ORIENTED_EDGE('',*,*,#1474,.T.);
#1896=ORIENTED_EDGE('',*,*,#1475,.F.);
#1897=ORIENTED_EDGE('',*,*,#1474,.F.);
#1898=ORIENTED_EDGE('',*,*,#1476,.F.);
#1899=ORIENTED_EDGE('',*,*,#1460,.T.);
#1900=ORIENTED_EDGE('',*,*,#1477,.T.);
#1901=ORIENTED_EDGE('',*,*,#1478,.T.);
#1902=ORIENTED_EDGE('',*,*,#1479,.T.);
#1903=ORIENTED_EDGE('',*,*,#1480,.T.);
#1904=ORIENTED_EDGE('',*,*,#1478,.F.);
#1905=ORIENTED_EDGE('',*,*,#1481,.F.);
#1906=ORIENTED_EDGE('',*,*,#1482,.F.);
#1907=ORIENTED_EDGE('',*,*,#1483,.F.);
#1908=ORIENTED_EDGE('',*,*,#1477,.F.);
#1909=ORIENTED_EDGE('',*,*,#1484,.T.);
#1910=ORIENTED_EDGE('',*,*,#1485,.F.);
#1911=ORIENTED_EDGE('',*,*,#1486,.T.);
#1912=ORIENTED_EDGE('',*,*,#1487,.F.);
#1913=ORIENTED_EDGE('',*,*,#1488,.T.);
#1914=ORIENTED_EDGE('',*,*,#1489,.F.);
#1915=ORIENTED_EDGE('',*,*,#1481,.T.);
#1916=ORIENTED_EDGE('',*,*,#1490,.T.);
#1917=ORIENTED_EDGE('',*,*,#1489,.T.);
#1918=ORIENTED_EDGE('',*,*,#1491,.T.);
#1919=ORIENTED_EDGE('',*,*,#1492,.T.);
#1920=ORIENTED_EDGE('',*,*,#1482,.T.);
#1921=ORIENTED_EDGE('',*,*,#1491,.F.);
#1922=ORIENTED_EDGE('',*,*,#1488,.F.);
#1923=ORIENTED_EDGE('',*,*,#1493,.F.);
#1924=ORIENTED_EDGE('',*,*,#1494,.F.);
#1925=ORIENTED_EDGE('',*,*,#1485,.T.);
#1926=ORIENTED_EDGE('',*,*,#1495,.T.);
#1927=ORIENTED_EDGE('',*,*,#1496,.T.);
#1928=ORIENTED_EDGE('',*,*,#1497,.T.);
#1929=ORIENTED_EDGE('',*,*,#1480,.F.);
#1930=ORIENTED_EDGE('',*,*,#1498,.F.);
#1931=ORIENTED_EDGE('',*,*,#1495,.F.);
#1932=ORIENTED_EDGE('',*,*,#1484,.F.);
#1933=ORIENTED_EDGE('',*,*,#1487,.T.);
#1934=ORIENTED_EDGE('',*,*,#1499,.T.);
#1935=ORIENTED_EDGE('',*,*,#1500,.T.);
#1936=ORIENTED_EDGE('',*,*,#1493,.T.);
#1937=ORIENTED_EDGE('',*,*,#1501,.T.);
#1938=ORIENTED_EDGE('',*,*,#1502,.T.);
#1939=ORIENTED_EDGE('',*,*,#1503,.T.);
#1940=ORIENTED_EDGE('',*,*,#1504,.T.);
#1941=ORIENTED_EDGE('',*,*,#1502,.F.);
#1942=ORIENTED_EDGE('',*,*,#1505,.F.);
#1943=ORIENTED_EDGE('',*,*,#1506,.F.);
#1944=ORIENTED_EDGE('',*,*,#1507,.F.);
#1945=ORIENTED_EDGE('',*,*,#1501,.F.);
#1946=ORIENTED_EDGE('',*,*,#1508,.T.);
#1947=ORIENTED_EDGE('',*,*,#1509,.F.);
#1948=ORIENTED_EDGE('',*,*,#1510,.T.);
#1949=ORIENTED_EDGE('',*,*,#1511,.F.);
#1950=ORIENTED_EDGE('',*,*,#1512,.T.);
#1951=ORIENTED_EDGE('',*,*,#1513,.F.);
#1952=ORIENTED_EDGE('',*,*,#1505,.T.);
#1953=ORIENTED_EDGE('',*,*,#1514,.T.);
#1954=ORIENTED_EDGE('',*,*,#1509,.T.);
#1955=ORIENTED_EDGE('',*,*,#1515,.T.);
#1956=ORIENTED_EDGE('',*,*,#1516,.T.);
#1957=ORIENTED_EDGE('',*,*,#1517,.T.);
#1958=ORIENTED_EDGE('',*,*,#1517,.F.);
#1959=ORIENTED_EDGE('',*,*,#1518,.F.);
#1960=ORIENTED_EDGE('',*,*,#1519,.F.);
#1961=ORIENTED_EDGE('',*,*,#1510,.F.);
#1962=ORIENTED_EDGE('',*,*,#1513,.T.);
#1963=ORIENTED_EDGE('',*,*,#1520,.T.);
#1964=ORIENTED_EDGE('',*,*,#1521,.T.);
#1965=ORIENTED_EDGE('',*,*,#1506,.T.);
#1966=ORIENTED_EDGE('',*,*,#1511,.T.);
#1967=ORIENTED_EDGE('',*,*,#1519,.T.);
#1968=ORIENTED_EDGE('',*,*,#1522,.T.);
#1969=ORIENTED_EDGE('',*,*,#1523,.T.);
#1970=ORIENTED_EDGE('',*,*,#1520,.F.);
#1971=ORIENTED_EDGE('',*,*,#1512,.F.);
#1972=ORIENTED_EDGE('',*,*,#1523,.F.);
#1973=ORIENTED_EDGE('',*,*,#1524,.F.);
#1974=ORIENTED_EDGE('',*,*,#1525,.T.);
#1975=ORIENTED_EDGE('',*,*,#1526,.T.);
#1976=ORIENTED_EDGE('',*,*,#1527,.F.);
#1977=ORIENTED_EDGE('',*,*,#1526,.F.);
#1978=ORIENTED_EDGE('',*,*,#1525,.F.);
#1979=ORIENTED_EDGE('',*,*,#1528,.T.);
#1980=ORIENTED_EDGE('',*,*,#1529,.F.);
#1981=ORIENTED_EDGE('',*,*,#1528,.F.);
#1982=ORIENTED_EDGE('',*,*,#1530,.T.);
#1983=ORIENTED_EDGE('',*,*,#1531,.T.);
#1984=ORIENTED_EDGE('',*,*,#1532,.F.);
#1985=ORIENTED_EDGE('',*,*,#1531,.F.);
#1986=ORIENTED_EDGE('',*,*,#1530,.F.);
#1987=ORIENTED_EDGE('',*,*,#1533,.T.);
#1988=ORIENTED_EDGE('',*,*,#1534,.F.);
#1989=ORIENTED_EDGE('',*,*,#1533,.F.);
#1990=ORIENTED_EDGE('',*,*,#1490,.F.);
#1991=ORIENTED_EDGE('',*,*,#1535,.T.);
#1992=ORIENTED_EDGE('',*,*,#1527,.T.);
#1993=ORIENTED_EDGE('',*,*,#1535,.F.);
#1994=ORIENTED_EDGE('',*,*,#1514,.F.);
#1995=ORIENTED_EDGE('',*,*,#1536,.T.);
#1996=ORIENTED_EDGE('',*,*,#1532,.T.);
#1997=ORIENTED_EDGE('',*,*,#1536,.F.);
#1998=ORIENTED_EDGE('',*,*,#1497,.F.);
#1999=ORIENTED_EDGE('',*,*,#1537,.F.);
#2000=ORIENTED_EDGE('',*,*,#1499,.F.);
#2001=ORIENTED_EDGE('',*,*,#1486,.F.);
#2002=ORIENTED_EDGE('',*,*,#1504,.F.);
#2003=ORIENTED_EDGE('',*,*,#1538,.F.);
#2004=ORIENTED_EDGE('',*,*,#1515,.F.);
#2005=ORIENTED_EDGE('',*,*,#1508,.F.);
#2006=ORIENTED_EDGE('',*,*,#1539,.T.);
#2007=ORIENTED_EDGE('',*,*,#1540,.T.);
#2008=ORIENTED_EDGE('',*,*,#1541,.T.);
#2009=ORIENTED_EDGE('',*,*,#1542,.T.);
#2010=ORIENTED_EDGE('',*,*,#1543,.T.);
#2011=ORIENTED_EDGE('',*,*,#1540,.F.);
#2012=ORIENTED_EDGE('',*,*,#1544,.T.);
#2013=ORIENTED_EDGE('',*,*,#1545,.F.);
#2014=ORIENTED_EDGE('',*,*,#1546,.T.);
#2015=ORIENTED_EDGE('',*,*,#1542,.F.);
#2016=ORIENTED_EDGE('',*,*,#1547,.T.);
#2017=ORIENTED_EDGE('',*,*,#1548,.T.);
#2018=ORIENTED_EDGE('',*,*,#1549,.T.);
#2019=ORIENTED_EDGE('',*,*,#1548,.F.);
#2020=ORIENTED_EDGE('',*,*,#1550,.T.);
#2021=ORIENTED_EDGE('',*,*,#1545,.T.);
#2022=ORIENTED_EDGE('',*,*,#1547,.F.);
#2023=ORIENTED_EDGE('',*,*,#1551,.F.);
#2024=ORIENTED_EDGE('',*,*,#1552,.F.);
#2025=ORIENTED_EDGE('',*,*,#1553,.T.);
#2026=ORIENTED_EDGE('',*,*,#1541,.F.);
#2027=ORIENTED_EDGE('',*,*,#1554,.F.);
#2028=ORIENTED_EDGE('',*,*,#1555,.F.);
#2029=ORIENTED_EDGE('',*,*,#1551,.T.);
#2030=ORIENTED_EDGE('',*,*,#1556,.F.);
#2031=ORIENTED_EDGE('',*,*,#1557,.F.);
#2032=ORIENTED_EDGE('',*,*,#1558,.F.);
#2033=ORIENTED_EDGE('',*,*,#1559,.F.);
#2034=ORIENTED_EDGE('',*,*,#1539,.F.);
#2035=ORIENTED_EDGE('',*,*,#1546,.F.);
#2036=ORIENTED_EDGE('',*,*,#1549,.F.);
#2037=ORIENTED_EDGE('',*,*,#1544,.F.);
#2038=ORIENTED_EDGE('',*,*,#1555,.T.);
#2039=ORIENTED_EDGE('',*,*,#1560,.T.);
#2040=ORIENTED_EDGE('',*,*,#1561,.T.);
#2041=ORIENTED_EDGE('',*,*,#1562,.T.);
#2042=ORIENTED_EDGE('',*,*,#1563,.T.);
#2043=ORIENTED_EDGE('',*,*,#1552,.T.);
#2044=ORIENTED_EDGE('',*,*,#1563,.F.);
#2045=ORIENTED_EDGE('',*,*,#1564,.T.);
#2046=ORIENTED_EDGE('',*,*,#1565,.T.);
#2047=ORIENTED_EDGE('',*,*,#1566,.T.);
#2048=ORIENTED_EDGE('',*,*,#1567,.T.);
#2049=ORIENTED_EDGE('',*,*,#1568,.T.);
#2050=ORIENTED_EDGE('',*,*,#1569,.T.);
#2051=ORIENTED_EDGE('',*,*,#1565,.F.);
#2052=ORIENTED_EDGE('',*,*,#1550,.F.);
#2053=ORIENTED_EDGE('',*,*,#1553,.F.);
#2054=ORIENTED_EDGE('',*,*,#1569,.F.);
#2055=ORIENTED_EDGE('',*,*,#1570,.T.);
#2056=ORIENTED_EDGE('',*,*,#1571,.F.);
#2057=ORIENTED_EDGE('',*,*,#1568,.F.);
#2058=ORIENTED_EDGE('',*,*,#1572,.F.);
#2059=ORIENTED_EDGE('',*,*,#1560,.F.);
#2060=ORIENTED_EDGE('',*,*,#1562,.F.);
#2061=ORIENTED_EDGE('',*,*,#1573,.F.);
#2062=ORIENTED_EDGE('',*,*,#1574,.F.);
#2063=ORIENTED_EDGE('',*,*,#1575,.F.);
#2064=ORIENTED_EDGE('',*,*,#1576,.F.);
#2065=ORIENTED_EDGE('',*,*,#1577,.F.);
#2066=ORIENTED_EDGE('',*,*,#1566,.F.);
#2067=ORIENTED_EDGE('',*,*,#1564,.F.);
#2068=ORIENTED_EDGE('',*,*,#1561,.F.);
#2069=ORIENTED_EDGE('',*,*,#1572,.T.);
#2070=ORIENTED_EDGE('',*,*,#1567,.F.);
#2071=ORIENTED_EDGE('',*,*,#1577,.T.);
#2072=ORIENTED_EDGE('',*,*,#1578,.F.);
#2073=ORIENTED_EDGE('',*,*,#1579,.T.);
#2074=ORIENTED_EDGE('',*,*,#1580,.F.);
#2075=ORIENTED_EDGE('',*,*,#1581,.T.);
#2076=ORIENTED_EDGE('',*,*,#1582,.F.);
#2077=ORIENTED_EDGE('',*,*,#1559,.T.);
#2078=ORIENTED_EDGE('',*,*,#1583,.F.);
#2079=ORIENTED_EDGE('',*,*,#1584,.T.);
#2080=ORIENTED_EDGE('',*,*,#1585,.F.);
#2081=ORIENTED_EDGE('',*,*,#1586,.T.);
#2082=ORIENTED_EDGE('',*,*,#1587,.F.);
#2083=ORIENTED_EDGE('',*,*,#1573,.T.);
#2084=ORIENTED_EDGE('',*,*,#1588,.T.);
#2085=ORIENTED_EDGE('',*,*,#1589,.T.);
#2086=ORIENTED_EDGE('',*,*,#1590,.T.);
#2087=ORIENTED_EDGE('',*,*,#1591,.T.);
#2088=ORIENTED_EDGE('',*,*,#1589,.F.);
#2089=ORIENTED_EDGE('',*,*,#1592,.F.);
#2090=ORIENTED_EDGE('',*,*,#1593,.F.);
#2091=ORIENTED_EDGE('',*,*,#1594,.F.);
#2092=ORIENTED_EDGE('',*,*,#1595,.T.);
#2093=ORIENTED_EDGE('',*,*,#1596,.T.);
#2094=ORIENTED_EDGE('',*,*,#1597,.T.);
#2095=ORIENTED_EDGE('',*,*,#1593,.T.);
#2096=ORIENTED_EDGE('',*,*,#1596,.F.);
#2097=ORIENTED_EDGE('',*,*,#1598,.F.);
#2098=ORIENTED_EDGE('',*,*,#1599,.F.);
#2099=ORIENTED_EDGE('',*,*,#1600,.F.);
#2100=ORIENTED_EDGE('',*,*,#1601,.T.);
#2101=ORIENTED_EDGE('',*,*,#1602,.T.);
#2102=ORIENTED_EDGE('',*,*,#1603,.T.);
#2103=ORIENTED_EDGE('',*,*,#1604,.T.);
#2104=ORIENTED_EDGE('',*,*,#1602,.F.);
#2105=ORIENTED_EDGE('',*,*,#1605,.F.);
#2106=ORIENTED_EDGE('',*,*,#1606,.F.);
#2107=ORIENTED_EDGE('',*,*,#1607,.F.);
#2108=ORIENTED_EDGE('',*,*,#1608,.T.);
#2109=ORIENTED_EDGE('',*,*,#1609,.T.);
#2110=ORIENTED_EDGE('',*,*,#1610,.T.);
#2111=ORIENTED_EDGE('',*,*,#1606,.T.);
#2112=ORIENTED_EDGE('',*,*,#1609,.F.);
#2113=ORIENTED_EDGE('',*,*,#1611,.F.);
#2114=ORIENTED_EDGE('',*,*,#1612,.F.);
#2115=ORIENTED_EDGE('',*,*,#1613,.F.);
#2116=ORIENTED_EDGE('',*,*,#1614,.T.);
#2117=ORIENTED_EDGE('',*,*,#1615,.T.);
#2118=ORIENTED_EDGE('',*,*,#1616,.T.);
#2119=ORIENTED_EDGE('',*,*,#1612,.T.);
#2120=ORIENTED_EDGE('',*,*,#1615,.F.);
#2121=ORIENTED_EDGE('',*,*,#1617,.T.);
#2122=ORIENTED_EDGE('',*,*,#1618,.F.);
#2123=ORIENTED_EDGE('',*,*,#1619,.T.);
#2124=ORIENTED_EDGE('',*,*,#1620,.F.);
#2125=ORIENTED_EDGE('',*,*,#1621,.T.);
#2126=ORIENTED_EDGE('',*,*,#1622,.F.);
#2127=ORIENTED_EDGE('',*,*,#1623,.T.);
#2128=ORIENTED_EDGE('',*,*,#1614,.F.);
#2129=ORIENTED_EDGE('',*,*,#1611,.T.);
#2130=ORIENTED_EDGE('',*,*,#1608,.F.);
#2131=ORIENTED_EDGE('',*,*,#1605,.T.);
#2132=ORIENTED_EDGE('',*,*,#1601,.F.);
#2133=ORIENTED_EDGE('',*,*,#1624,.T.);
#2134=ORIENTED_EDGE('',*,*,#1625,.F.);
#2135=ORIENTED_EDGE('',*,*,#1579,.F.);
#2136=ORIENTED_EDGE('',*,*,#1626,.F.);
#2137=ORIENTED_EDGE('',*,*,#1627,.F.);
#2138=ORIENTED_EDGE('',*,*,#1628,.F.);
#2139=ORIENTED_EDGE('',*,*,#1617,.F.);
#2140=ORIENTED_EDGE('',*,*,#1629,.T.);
#2141=ORIENTED_EDGE('',*,*,#1620,.T.);
#2142=ORIENTED_EDGE('',*,*,#1630,.T.);
#2143=ORIENTED_EDGE('',*,*,#1631,.T.);
#2144=ORIENTED_EDGE('',*,*,#1631,.F.);
#2145=ORIENTED_EDGE('',*,*,#1632,.F.);
#2146=ORIENTED_EDGE('',*,*,#1633,.T.);
#2147=ORIENTED_EDGE('',*,*,#1634,.F.);
#2148=ORIENTED_EDGE('',*,*,#1630,.F.);
#2149=ORIENTED_EDGE('',*,*,#1619,.F.);
#2150=ORIENTED_EDGE('',*,*,#1635,.F.);
#2151=ORIENTED_EDGE('',*,*,#1636,.F.);
#2152=ORIENTED_EDGE('',*,*,#1637,.F.);
#2153=ORIENTED_EDGE('',*,*,#1638,.F.);
#2154=ORIENTED_EDGE('',*,*,#1639,.F.);
#2155=ORIENTED_EDGE('',*,*,#1640,.T.);
#2156=ORIENTED_EDGE('',*,*,#1641,.T.);
#2157=ORIENTED_EDGE('',*,*,#1632,.T.);
#2158=ORIENTED_EDGE('',*,*,#1642,.T.);
#2159=ORIENTED_EDGE('',*,*,#1580,.T.);
#2160=ORIENTED_EDGE('',*,*,#1625,.T.);
#2161=ORIENTED_EDGE('',*,*,#1643,.T.);
#2162=ORIENTED_EDGE('',*,*,#1639,.T.);
#2163=ORIENTED_EDGE('',*,*,#1644,.T.);
#2164=ORIENTED_EDGE('',*,*,#1645,.T.);
#2165=ORIENTED_EDGE('',*,*,#1646,.T.);
#2166=ORIENTED_EDGE('',*,*,#1644,.F.);
#2167=ORIENTED_EDGE('',*,*,#1638,.T.);
#2168=ORIENTED_EDGE('',*,*,#1647,.F.);
#2169=ORIENTED_EDGE('',*,*,#1648,.T.);
#2170=ORIENTED_EDGE('',*,*,#1649,.F.);
#2171=ORIENTED_EDGE('',*,*,#1650,.T.);
#2172=ORIENTED_EDGE('',*,*,#1651,.F.);
#2173=ORIENTED_EDGE('',*,*,#1652,.T.);
#2174=ORIENTED_EDGE('',*,*,#1653,.T.);
#2175=ORIENTED_EDGE('',*,*,#1649,.T.);
#2176=ORIENTED_EDGE('',*,*,#1654,.T.);
#2177=ORIENTED_EDGE('',*,*,#1655,.T.);
#2178=ORIENTED_EDGE('',*,*,#1591,.F.);
#2179=ORIENTED_EDGE('',*,*,#1656,.F.);
#2180=ORIENTED_EDGE('',*,*,#1655,.F.);
#2181=ORIENTED_EDGE('',*,*,#1657,.F.);
#2182=ORIENTED_EDGE('',*,*,#1654,.F.);
#2183=ORIENTED_EDGE('',*,*,#1648,.F.);
#2184=ORIENTED_EDGE('',*,*,#1658,.F.);
#2185=ORIENTED_EDGE('',*,*,#1659,.F.);
#2186=ORIENTED_EDGE('',*,*,#1660,.F.);
#2187=ORIENTED_EDGE('',*,*,#1586,.F.);
#2188=ORIENTED_EDGE('',*,*,#1661,.F.);
#2189=ORIENTED_EDGE('',*,*,#1598,.T.);
#2190=ORIENTED_EDGE('',*,*,#1595,.F.);
#2191=ORIENTED_EDGE('',*,*,#1592,.T.);
#2192=ORIENTED_EDGE('',*,*,#1588,.F.);
#2193=ORIENTED_EDGE('',*,*,#1657,.T.);
#2194=ORIENTED_EDGE('',*,*,#1662,.T.);
#2195=ORIENTED_EDGE('',*,*,#1599,.T.);
#2196=ORIENTED_EDGE('',*,*,#1661,.T.);
#2197=ORIENTED_EDGE('',*,*,#1585,.T.);
#2198=ORIENTED_EDGE('',*,*,#1663,.F.);
#2199=ORIENTED_EDGE('',*,*,#1574,.T.);
#2200=ORIENTED_EDGE('',*,*,#1587,.T.);
#2201=ORIENTED_EDGE('',*,*,#1660,.T.);
#2202=ORIENTED_EDGE('',*,*,#1664,.F.);
#2203=ORIENTED_EDGE('',*,*,#1658,.T.);
#2204=ORIENTED_EDGE('',*,*,#1647,.T.);
#2205=ORIENTED_EDGE('',*,*,#1637,.T.);
#2206=ORIENTED_EDGE('',*,*,#1665,.F.);
#2207=ORIENTED_EDGE('',*,*,#1635,.T.);
#2208=ORIENTED_EDGE('',*,*,#1618,.T.);
#2209=ORIENTED_EDGE('',*,*,#1628,.T.);
#2210=ORIENTED_EDGE('',*,*,#1666,.F.);
#2211=ORIENTED_EDGE('',*,*,#1626,.T.);
#2212=ORIENTED_EDGE('',*,*,#1578,.T.);
#2213=ORIENTED_EDGE('',*,*,#1576,.T.);
#2214=ORIENTED_EDGE('',*,*,#1582,.T.);
#2215=ORIENTED_EDGE('',*,*,#1667,.T.);
#2216=ORIENTED_EDGE('',*,*,#1668,.T.);
#2217=ORIENTED_EDGE('',*,*,#1556,.T.);
#2218=ORIENTED_EDGE('',*,*,#1622,.T.);
#2219=ORIENTED_EDGE('',*,*,#1669,.T.);
#2220=ORIENTED_EDGE('',*,*,#1670,.T.);
#2221=ORIENTED_EDGE('',*,*,#1671,.T.);
#2222=ORIENTED_EDGE('',*,*,#1616,.F.);
#2223=ORIENTED_EDGE('',*,*,#1623,.F.);
#2224=ORIENTED_EDGE('',*,*,#1671,.F.);
#2225=ORIENTED_EDGE('',*,*,#1672,.F.);
#2226=ORIENTED_EDGE('',*,*,#1667,.F.);
#2227=ORIENTED_EDGE('',*,*,#1581,.F.);
#2228=ORIENTED_EDGE('',*,*,#1642,.F.);
#2229=ORIENTED_EDGE('',*,*,#1673,.T.);
#2230=ORIENTED_EDGE('',*,*,#1603,.F.);
#2231=ORIENTED_EDGE('',*,*,#1607,.T.);
#2232=ORIENTED_EDGE('',*,*,#1610,.F.);
#2233=ORIENTED_EDGE('',*,*,#1613,.T.);
#2234=ORIENTED_EDGE('',*,*,#1583,.T.);
#2235=ORIENTED_EDGE('',*,*,#1558,.T.);
#2236=ORIENTED_EDGE('',*,*,#1674,.T.);
#2237=ORIENTED_EDGE('',*,*,#1675,.T.);
#2238=ORIENTED_EDGE('',*,*,#1651,.T.);
#2239=ORIENTED_EDGE('',*,*,#1676,.T.);
#2240=ORIENTED_EDGE('',*,*,#1677,.T.);
#2241=ORIENTED_EDGE('',*,*,#1678,.T.);
#2242=ORIENTED_EDGE('',*,*,#1629,.F.);
#2243=ORIENTED_EDGE('',*,*,#1634,.T.);
#2244=ORIENTED_EDGE('',*,*,#1679,.T.);
#2245=ORIENTED_EDGE('',*,*,#1680,.T.);
#2246=ORIENTED_EDGE('',*,*,#1645,.F.);
#2247=ORIENTED_EDGE('',*,*,#1652,.F.);
#2248=ORIENTED_EDGE('',*,*,#1678,.F.);
#2249=ORIENTED_EDGE('',*,*,#1681,.F.);
#2250=ORIENTED_EDGE('',*,*,#1669,.F.);
#2251=ORIENTED_EDGE('',*,*,#1621,.F.);
#2252=ORIENTED_EDGE('',*,*,#1679,.F.);
#2253=ORIENTED_EDGE('',*,*,#1633,.F.);
#2254=ORIENTED_EDGE('',*,*,#1641,.F.);
#2255=ORIENTED_EDGE('',*,*,#1682,.T.);
#2256=ORIENTED_EDGE('',*,*,#1646,.F.);
#2257=ORIENTED_EDGE('',*,*,#1680,.F.);
#2258=ORIENTED_EDGE('',*,*,#1682,.F.);
#2259=ORIENTED_EDGE('',*,*,#1640,.F.);
#2260=ORIENTED_EDGE('',*,*,#1604,.F.);
#2261=ORIENTED_EDGE('',*,*,#1673,.F.);
#2262=ORIENTED_EDGE('',*,*,#1643,.F.);
#2263=ORIENTED_EDGE('',*,*,#1624,.F.);
#2264=ORIENTED_EDGE('',*,*,#1543,.F.);
#2265=ORIENTED_EDGE('',*,*,#1570,.F.);
#2266=ORIENTED_EDGE('',*,*,#1571,.T.);
#2267=ORIENTED_EDGE('',*,*,#1554,.T.);
#2268=ORIENTED_EDGE('',*,*,#1653,.F.);
#2269=ORIENTED_EDGE('',*,*,#1656,.T.);
#2270=ORIENTED_EDGE('',*,*,#1590,.F.);
#2271=ORIENTED_EDGE('',*,*,#1594,.T.);
#2272=ORIENTED_EDGE('',*,*,#1597,.F.);
#2273=ORIENTED_EDGE('',*,*,#1600,.T.);
#2274=ORIENTED_EDGE('',*,*,#1662,.F.);
#2275=ORIENTED_EDGE('',*,*,#1584,.F.);
#2276=ORIENTED_EDGE('',*,*,#1675,.F.);
#2277=ORIENTED_EDGE('',*,*,#1683,.F.);
#2278=ORIENTED_EDGE('',*,*,#1676,.F.);
#2279=ORIENTED_EDGE('',*,*,#1650,.F.);
#2280=ORIENTED_EDGE('',*,*,#1663,.T.);
#2281=ORIENTED_EDGE('',*,*,#1659,.T.);
#2282=ORIENTED_EDGE('',*,*,#1664,.T.);
#2283=ORIENTED_EDGE('',*,*,#1636,.T.);
#2284=ORIENTED_EDGE('',*,*,#1665,.T.);
#2285=ORIENTED_EDGE('',*,*,#1627,.T.);
#2286=ORIENTED_EDGE('',*,*,#1666,.T.);
#2287=ORIENTED_EDGE('',*,*,#1575,.T.);
#2288=ORIENTED_EDGE('',*,*,#1415,.T.);
#2289=ORIENTED_EDGE('',*,*,#1418,.T.);
#2290=ORIENTED_EDGE('',*,*,#1421,.T.);
#2291=ORIENTED_EDGE('',*,*,#1405,.T.);
#2292=ORIENTED_EDGE('',*,*,#1409,.T.);
#2293=ORIENTED_EDGE('',*,*,#1412,.T.);
#2294=ORIENTED_EDGE('',*,*,#1433,.T.);
#2295=ORIENTED_EDGE('',*,*,#1436,.T.);
#2296=ORIENTED_EDGE('',*,*,#1439,.T.);
#2297=ORIENTED_EDGE('',*,*,#1423,.T.);
#2298=ORIENTED_EDGE('',*,*,#1427,.T.);
#2299=ORIENTED_EDGE('',*,*,#1430,.T.);
#2300=ORIENTED_EDGE('',*,*,#1451,.T.);
#2301=ORIENTED_EDGE('',*,*,#1454,.T.);
#2302=ORIENTED_EDGE('',*,*,#1457,.T.);
#2303=ORIENTED_EDGE('',*,*,#1441,.T.);
#2304=ORIENTED_EDGE('',*,*,#1445,.T.);
#2305=ORIENTED_EDGE('',*,*,#1448,.T.);
#2306=ORIENTED_EDGE('',*,*,#1469,.T.);
#2307=ORIENTED_EDGE('',*,*,#1472,.T.);
#2308=ORIENTED_EDGE('',*,*,#1475,.T.);
#2309=ORIENTED_EDGE('',*,*,#1459,.T.);
#2310=ORIENTED_EDGE('',*,*,#1463,.T.);
#2311=ORIENTED_EDGE('',*,*,#1466,.T.);
#2312=ORIENTED_EDGE('',*,*,#1494,.T.);
#2313=ORIENTED_EDGE('',*,*,#1500,.F.);
#2314=ORIENTED_EDGE('',*,*,#1537,.T.);
#2315=ORIENTED_EDGE('',*,*,#1496,.F.);
#2316=ORIENTED_EDGE('',*,*,#1498,.T.);
#2317=ORIENTED_EDGE('',*,*,#1479,.F.);
#2318=ORIENTED_EDGE('',*,*,#1483,.T.);
#2319=ORIENTED_EDGE('',*,*,#1492,.F.);
#2320=ORIENTED_EDGE('',*,*,#1518,.T.);
#2321=ORIENTED_EDGE('',*,*,#1516,.F.);
#2322=ORIENTED_EDGE('',*,*,#1538,.T.);
#2323=ORIENTED_EDGE('',*,*,#1503,.F.);
#2324=ORIENTED_EDGE('',*,*,#1507,.T.);
#2325=ORIENTED_EDGE('',*,*,#1521,.F.);
#2326=ORIENTED_EDGE('',*,*,#1524,.T.);
#2327=ORIENTED_EDGE('',*,*,#1522,.F.);
#2328=ORIENTED_EDGE('',*,*,#1668,.F.);
#2329=ORIENTED_EDGE('',*,*,#1672,.T.);
#2330=ORIENTED_EDGE('',*,*,#1670,.F.);
#2331=ORIENTED_EDGE('',*,*,#1681,.T.);
#2332=ORIENTED_EDGE('',*,*,#1677,.F.);
#2333=ORIENTED_EDGE('',*,*,#1683,.T.);
#2334=ORIENTED_EDGE('',*,*,#1674,.F.);
#2335=ORIENTED_EDGE('',*,*,#1557,.T.);
#2336=ORIENTED_EDGE('',*,*,#1416,.T.);
#2337=ORIENTED_EDGE('',*,*,#1413,.T.);
#2338=ORIENTED_EDGE('',*,*,#1410,.T.);
#2339=ORIENTED_EDGE('',*,*,#1407,.T.);
#2340=ORIENTED_EDGE('',*,*,#1422,.T.);
#2341=ORIENTED_EDGE('',*,*,#1419,.T.);
#2342=ORIENTED_EDGE('',*,*,#1434,.T.);
#2343=ORIENTED_EDGE('',*,*,#1431,.T.);
#2344=ORIENTED_EDGE('',*,*,#1428,.T.);
#2345=ORIENTED_EDGE('',*,*,#1425,.T.);
#2346=ORIENTED_EDGE('',*,*,#1440,.T.);
#2347=ORIENTED_EDGE('',*,*,#1437,.T.);
#2348=ORIENTED_EDGE('',*,*,#1452,.T.);
#2349=ORIENTED_EDGE('',*,*,#1449,.T.);
#2350=ORIENTED_EDGE('',*,*,#1446,.T.);
#2351=ORIENTED_EDGE('',*,*,#1443,.T.);
#2352=ORIENTED_EDGE('',*,*,#1458,.T.);
#2353=ORIENTED_EDGE('',*,*,#1455,.T.);
#2354=ORIENTED_EDGE('',*,*,#1470,.T.);
#2355=ORIENTED_EDGE('',*,*,#1467,.T.);
#2356=ORIENTED_EDGE('',*,*,#1464,.T.);
#2357=ORIENTED_EDGE('',*,*,#1461,.T.);
#2358=ORIENTED_EDGE('',*,*,#1476,.T.);
#2359=ORIENTED_EDGE('',*,*,#1473,.T.);
#2360=ORIENTED_EDGE('',*,*,#1529,.T.);
#2361=ORIENTED_EDGE('',*,*,#1534,.T.);
#2362=ORIENTED_EDGE('',*,*,#1684,.F.);
#2363=ORIENTED_EDGE('',*,*,#1685,.T.);
#2364=ORIENTED_EDGE('',*,*,#1686,.T.);
#2365=ORIENTED_EDGE('',*,*,#1687,.F.);
#2366=ORIENTED_EDGE('',*,*,#1688,.F.);
#2367=ORIENTED_EDGE('',*,*,#1687,.T.);
#2368=ORIENTED_EDGE('',*,*,#1689,.T.);
#2369=ORIENTED_EDGE('',*,*,#1690,.F.);
#2370=ORIENTED_EDGE('',*,*,#1691,.F.);
#2371=ORIENTED_EDGE('',*,*,#1690,.T.);
#2372=ORIENTED_EDGE('',*,*,#1692,.T.);
#2373=ORIENTED_EDGE('',*,*,#1693,.F.);
#2374=ORIENTED_EDGE('',*,*,#1694,.F.);
#2375=ORIENTED_EDGE('',*,*,#1693,.T.);
#2376=ORIENTED_EDGE('',*,*,#1695,.T.);
#2377=ORIENTED_EDGE('',*,*,#1696,.F.);
#2378=ORIENTED_EDGE('',*,*,#1697,.F.);
#2379=ORIENTED_EDGE('',*,*,#1698,.T.);
#2380=ORIENTED_EDGE('',*,*,#1699,.T.);
#2381=ORIENTED_EDGE('',*,*,#1685,.F.);
#2382=ORIENTED_EDGE('',*,*,#1700,.F.);
#2383=ORIENTED_EDGE('',*,*,#1696,.T.);
#2384=ORIENTED_EDGE('',*,*,#1701,.T.);
#2385=ORIENTED_EDGE('',*,*,#1698,.F.);
#2386=ORIENTED_EDGE('',*,*,#1701,.F.);
#2387=ORIENTED_EDGE('',*,*,#1695,.F.);
#2388=ORIENTED_EDGE('',*,*,#1692,.F.);
#2389=ORIENTED_EDGE('',*,*,#1689,.F.);
#2390=ORIENTED_EDGE('',*,*,#1686,.F.);
#2391=ORIENTED_EDGE('',*,*,#1699,.F.);
#2392=ORIENTED_EDGE('',*,*,#1702,.F.);
#2393=ORIENTED_EDGE('',*,*,#1703,.F.);
#2394=ORIENTED_EDGE('',*,*,#1704,.T.);
#2395=ORIENTED_EDGE('',*,*,#1702,.T.);
#2396=ORIENTED_EDGE('',*,*,#1704,.F.);
#2397=ORIENTED_EDGE('',*,*,#1705,.T.);
#2398=ORIENTED_EDGE('',*,*,#1706,.T.);
#2399=ORIENTED_EDGE('',*,*,#1707,.F.);
#2400=ORIENTED_EDGE('',*,*,#1708,.F.);
#2401=ORIENTED_EDGE('',*,*,#1709,.T.);
#2402=ORIENTED_EDGE('',*,*,#1708,.T.);
#2403=ORIENTED_EDGE('',*,*,#1710,.F.);
#2404=ORIENTED_EDGE('',*,*,#1711,.F.);
#2405=ORIENTED_EDGE('',*,*,#1712,.T.);
#2406=ORIENTED_EDGE('',*,*,#1711,.T.);
#2407=ORIENTED_EDGE('',*,*,#1713,.F.);
#2408=ORIENTED_EDGE('',*,*,#1706,.F.);
#2409=ORIENTED_EDGE('',*,*,#1713,.T.);
#2410=ORIENTED_EDGE('',*,*,#1710,.T.);
#2411=ORIENTED_EDGE('',*,*,#1707,.T.);
#2412=ORIENTED_EDGE('',*,*,#1703,.T.);
#2413=ORIENTED_EDGE('',*,*,#1712,.F.);
#2414=ORIENTED_EDGE('',*,*,#1705,.F.);
#2415=ORIENTED_EDGE('',*,*,#1709,.F.);
#2416=ORIENTED_EDGE('',*,*,#1694,.T.);
#2417=ORIENTED_EDGE('',*,*,#1700,.T.);
#2418=ORIENTED_EDGE('',*,*,#1697,.T.);
#2419=ORIENTED_EDGE('',*,*,#1684,.T.);
#2420=ORIENTED_EDGE('',*,*,#1688,.T.);
#2421=ORIENTED_EDGE('',*,*,#1691,.T.);
#2422=ORIENTED_EDGE('',*,*,#1714,.F.);
#2423=ORIENTED_EDGE('',*,*,#1715,.T.);
#2424=ORIENTED_EDGE('',*,*,#1716,.T.);
#2425=ORIENTED_EDGE('',*,*,#1717,.F.);
#2426=ORIENTED_EDGE('',*,*,#1718,.F.);
#2427=ORIENTED_EDGE('',*,*,#1717,.T.);
#2428=ORIENTED_EDGE('',*,*,#1719,.T.);
#2429=ORIENTED_EDGE('',*,*,#1720,.F.);
#2430=ORIENTED_EDGE('',*,*,#1721,.F.);
#2431=ORIENTED_EDGE('',*,*,#1720,.T.);
#2432=ORIENTED_EDGE('',*,*,#1722,.T.);
#2433=ORIENTED_EDGE('',*,*,#1723,.F.);
#2434=ORIENTED_EDGE('',*,*,#1724,.F.);
#2435=ORIENTED_EDGE('',*,*,#1723,.T.);
#2436=ORIENTED_EDGE('',*,*,#1725,.T.);
#2437=ORIENTED_EDGE('',*,*,#1726,.F.);
#2438=ORIENTED_EDGE('',*,*,#1727,.F.);
#2439=ORIENTED_EDGE('',*,*,#1728,.T.);
#2440=ORIENTED_EDGE('',*,*,#1729,.T.);
#2441=ORIENTED_EDGE('',*,*,#1715,.F.);
#2442=ORIENTED_EDGE('',*,*,#1730,.F.);
#2443=ORIENTED_EDGE('',*,*,#1726,.T.);
#2444=ORIENTED_EDGE('',*,*,#1731,.T.);
#2445=ORIENTED_EDGE('',*,*,#1728,.F.);
#2446=ORIENTED_EDGE('',*,*,#1731,.F.);
#2447=ORIENTED_EDGE('',*,*,#1725,.F.);
#2448=ORIENTED_EDGE('',*,*,#1722,.F.);
#2449=ORIENTED_EDGE('',*,*,#1719,.F.);
#2450=ORIENTED_EDGE('',*,*,#1716,.F.);
#2451=ORIENTED_EDGE('',*,*,#1729,.F.);
#2452=ORIENTED_EDGE('',*,*,#1732,.F.);
#2453=ORIENTED_EDGE('',*,*,#1733,.T.);
#2454=ORIENTED_EDGE('',*,*,#1734,.T.);
#2455=ORIENTED_EDGE('',*,*,#1732,.T.);
#2456=ORIENTED_EDGE('',*,*,#1734,.F.);
#2457=ORIENTED_EDGE('',*,*,#1735,.F.);
#2458=ORIENTED_EDGE('',*,*,#1736,.T.);
#2459=ORIENTED_EDGE('',*,*,#1737,.T.);
#2460=ORIENTED_EDGE('',*,*,#1738,.F.);
#2461=ORIENTED_EDGE('',*,*,#1739,.F.);
#2462=ORIENTED_EDGE('',*,*,#1740,.T.);
#2463=ORIENTED_EDGE('',*,*,#1741,.T.);
#2464=ORIENTED_EDGE('',*,*,#1736,.F.);
#2465=ORIENTED_EDGE('',*,*,#1742,.F.);
#2466=ORIENTED_EDGE('',*,*,#1738,.T.);
#2467=ORIENTED_EDGE('',*,*,#1743,.T.);
#2468=ORIENTED_EDGE('',*,*,#1740,.F.);
#2469=ORIENTED_EDGE('',*,*,#1743,.F.);
#2470=ORIENTED_EDGE('',*,*,#1737,.F.);
#2471=ORIENTED_EDGE('',*,*,#1741,.F.);
#2472=ORIENTED_EDGE('',*,*,#1733,.F.);
#2473=ORIENTED_EDGE('',*,*,#1742,.T.);
#2474=ORIENTED_EDGE('',*,*,#1739,.T.);
#2475=ORIENTED_EDGE('',*,*,#1735,.T.);
#2476=ORIENTED_EDGE('',*,*,#1724,.T.);
#2477=ORIENTED_EDGE('',*,*,#1730,.T.);
#2478=ORIENTED_EDGE('',*,*,#1727,.T.);
#2479=ORIENTED_EDGE('',*,*,#1714,.T.);
#2480=ORIENTED_EDGE('',*,*,#1718,.T.);
#2481=ORIENTED_EDGE('',*,*,#1721,.T.);
#2482=ORIENTED_EDGE('',*,*,#1744,.F.);
#2483=ORIENTED_EDGE('',*,*,#1745,.T.);
#2484=ORIENTED_EDGE('',*,*,#1746,.T.);
#2485=ORIENTED_EDGE('',*,*,#1747,.F.);
#2486=ORIENTED_EDGE('',*,*,#1748,.F.);
#2487=ORIENTED_EDGE('',*,*,#1747,.T.);
#2488=ORIENTED_EDGE('',*,*,#1749,.T.);
#2489=ORIENTED_EDGE('',*,*,#1750,.F.);
#2490=ORIENTED_EDGE('',*,*,#1751,.F.);
#2491=ORIENTED_EDGE('',*,*,#1750,.T.);
#2492=ORIENTED_EDGE('',*,*,#1752,.T.);
#2493=ORIENTED_EDGE('',*,*,#1753,.F.);
#2494=ORIENTED_EDGE('',*,*,#1754,.F.);
#2495=ORIENTED_EDGE('',*,*,#1753,.T.);
#2496=ORIENTED_EDGE('',*,*,#1755,.T.);
#2497=ORIENTED_EDGE('',*,*,#1756,.F.);
#2498=ORIENTED_EDGE('',*,*,#1757,.F.);
#2499=ORIENTED_EDGE('',*,*,#1758,.T.);
#2500=ORIENTED_EDGE('',*,*,#1759,.T.);
#2501=ORIENTED_EDGE('',*,*,#1745,.F.);
#2502=ORIENTED_EDGE('',*,*,#1760,.F.);
#2503=ORIENTED_EDGE('',*,*,#1756,.T.);
#2504=ORIENTED_EDGE('',*,*,#1761,.T.);
#2505=ORIENTED_EDGE('',*,*,#1758,.F.);
#2506=ORIENTED_EDGE('',*,*,#1761,.F.);
#2507=ORIENTED_EDGE('',*,*,#1755,.F.);
#2508=ORIENTED_EDGE('',*,*,#1752,.F.);
#2509=ORIENTED_EDGE('',*,*,#1749,.F.);
#2510=ORIENTED_EDGE('',*,*,#1746,.F.);
#2511=ORIENTED_EDGE('',*,*,#1759,.F.);
#2512=ORIENTED_EDGE('',*,*,#1762,.F.);
#2513=ORIENTED_EDGE('',*,*,#1763,.T.);
#2514=ORIENTED_EDGE('',*,*,#1764,.T.);
#2515=ORIENTED_EDGE('',*,*,#1762,.T.);
#2516=ORIENTED_EDGE('',*,*,#1764,.F.);
#2517=ORIENTED_EDGE('',*,*,#1765,.F.);
#2518=ORIENTED_EDGE('',*,*,#1766,.T.);
#2519=ORIENTED_EDGE('',*,*,#1767,.T.);
#2520=ORIENTED_EDGE('',*,*,#1768,.F.);
#2521=ORIENTED_EDGE('',*,*,#1769,.F.);
#2522=ORIENTED_EDGE('',*,*,#1770,.T.);
#2523=ORIENTED_EDGE('',*,*,#1771,.T.);
#2524=ORIENTED_EDGE('',*,*,#1766,.F.);
#2525=ORIENTED_EDGE('',*,*,#1772,.F.);
#2526=ORIENTED_EDGE('',*,*,#1768,.T.);
#2527=ORIENTED_EDGE('',*,*,#1773,.T.);
#2528=ORIENTED_EDGE('',*,*,#1770,.F.);
#2529=ORIENTED_EDGE('',*,*,#1773,.F.);
#2530=ORIENTED_EDGE('',*,*,#1767,.F.);
#2531=ORIENTED_EDGE('',*,*,#1771,.F.);
#2532=ORIENTED_EDGE('',*,*,#1763,.F.);
#2533=ORIENTED_EDGE('',*,*,#1772,.T.);
#2534=ORIENTED_EDGE('',*,*,#1769,.T.);
#2535=ORIENTED_EDGE('',*,*,#1765,.T.);
#2536=ORIENTED_EDGE('',*,*,#1754,.T.);
#2537=ORIENTED_EDGE('',*,*,#1760,.T.);
#2538=ORIENTED_EDGE('',*,*,#1757,.T.);
#2539=ORIENTED_EDGE('',*,*,#1744,.T.);
#2540=ORIENTED_EDGE('',*,*,#1748,.T.);
#2541=ORIENTED_EDGE('',*,*,#1751,.T.);
#2542=ORIENTED_EDGE('',*,*,#1774,.F.);
#2543=ORIENTED_EDGE('',*,*,#1775,.T.);
#2544=ORIENTED_EDGE('',*,*,#1776,.T.);
#2545=ORIENTED_EDGE('',*,*,#1777,.F.);
#2546=ORIENTED_EDGE('',*,*,#1778,.F.);
#2547=ORIENTED_EDGE('',*,*,#1777,.T.);
#2548=ORIENTED_EDGE('',*,*,#1779,.T.);
#2549=ORIENTED_EDGE('',*,*,#1780,.F.);
#2550=ORIENTED_EDGE('',*,*,#1781,.F.);
#2551=ORIENTED_EDGE('',*,*,#1780,.T.);
#2552=ORIENTED_EDGE('',*,*,#1782,.T.);
#2553=ORIENTED_EDGE('',*,*,#1783,.F.);
#2554=ORIENTED_EDGE('',*,*,#1784,.F.);
#2555=ORIENTED_EDGE('',*,*,#1783,.T.);
#2556=ORIENTED_EDGE('',*,*,#1785,.T.);
#2557=ORIENTED_EDGE('',*,*,#1786,.F.);
#2558=ORIENTED_EDGE('',*,*,#1787,.F.);
#2559=ORIENTED_EDGE('',*,*,#1788,.T.);
#2560=ORIENTED_EDGE('',*,*,#1789,.T.);
#2561=ORIENTED_EDGE('',*,*,#1775,.F.);
#2562=ORIENTED_EDGE('',*,*,#1790,.F.);
#2563=ORIENTED_EDGE('',*,*,#1786,.T.);
#2564=ORIENTED_EDGE('',*,*,#1791,.T.);
#2565=ORIENTED_EDGE('',*,*,#1788,.F.);
#2566=ORIENTED_EDGE('',*,*,#1791,.F.);
#2567=ORIENTED_EDGE('',*,*,#1785,.F.);
#2568=ORIENTED_EDGE('',*,*,#1782,.F.);
#2569=ORIENTED_EDGE('',*,*,#1779,.F.);
#2570=ORIENTED_EDGE('',*,*,#1776,.F.);
#2571=ORIENTED_EDGE('',*,*,#1789,.F.);
#2572=ORIENTED_EDGE('',*,*,#1792,.F.);
#2573=ORIENTED_EDGE('',*,*,#1793,.F.);
#2574=ORIENTED_EDGE('',*,*,#1794,.T.);
#2575=ORIENTED_EDGE('',*,*,#1792,.T.);
#2576=ORIENTED_EDGE('',*,*,#1794,.F.);
#2577=ORIENTED_EDGE('',*,*,#1795,.T.);
#2578=ORIENTED_EDGE('',*,*,#1796,.T.);
#2579=ORIENTED_EDGE('',*,*,#1797,.F.);
#2580=ORIENTED_EDGE('',*,*,#1798,.F.);
#2581=ORIENTED_EDGE('',*,*,#1799,.T.);
#2582=ORIENTED_EDGE('',*,*,#1798,.T.);
#2583=ORIENTED_EDGE('',*,*,#1800,.F.);
#2584=ORIENTED_EDGE('',*,*,#1801,.F.);
#2585=ORIENTED_EDGE('',*,*,#1802,.T.);
#2586=ORIENTED_EDGE('',*,*,#1801,.T.);
#2587=ORIENTED_EDGE('',*,*,#1803,.F.);
#2588=ORIENTED_EDGE('',*,*,#1796,.F.);
#2589=ORIENTED_EDGE('',*,*,#1803,.T.);
#2590=ORIENTED_EDGE('',*,*,#1800,.T.);
#2591=ORIENTED_EDGE('',*,*,#1797,.T.);
#2592=ORIENTED_EDGE('',*,*,#1793,.T.);
#2593=ORIENTED_EDGE('',*,*,#1802,.F.);
#2594=ORIENTED_EDGE('',*,*,#1795,.F.);
#2595=ORIENTED_EDGE('',*,*,#1799,.F.);
#2596=ORIENTED_EDGE('',*,*,#1784,.T.);
#2597=ORIENTED_EDGE('',*,*,#1790,.T.);
#2598=ORIENTED_EDGE('',*,*,#1787,.T.);
#2599=ORIENTED_EDGE('',*,*,#1774,.T.);
#2600=ORIENTED_EDGE('',*,*,#1778,.T.);
#2601=ORIENTED_EDGE('',*,*,#1781,.T.);
#2602=PLANE('',#2884);
#2603=PLANE('',#2885);
#2604=PLANE('',#2886);
#2605=PLANE('',#2887);
#2606=PLANE('',#2888);
#2607=PLANE('',#2889);
#2608=PLANE('',#2890);
#2609=PLANE('',#2891);
#2610=PLANE('',#2892);
#2611=PLANE('',#2893);
#2612=PLANE('',#2894);
#2613=PLANE('',#2895);
#2614=PLANE('',#2896);
#2615=PLANE('',#2897);
#2616=PLANE('',#2898);
#2617=PLANE('',#2899);
#2618=PLANE('',#2900);
#2619=PLANE('',#2901);
#2620=PLANE('',#2902);
#2621=PLANE('',#2903);
#2622=PLANE('',#2904);
#2623=PLANE('',#2905);
#2624=PLANE('',#2906);
#2625=PLANE('',#2907);
#2626=PLANE('',#2911);
#2627=PLANE('',#2912);
#2628=PLANE('',#2919);
#2629=PLANE('',#2922);
#2630=PLANE('',#2928);
#2631=PLANE('',#2929);
#2632=PLANE('',#2936);
#2633=PLANE('',#2941);
#2634=PLANE('',#2954);
#2635=PLANE('',#2955);
#2636=PLANE('',#2956);
#2637=PLANE('',#2957);
#2638=PLANE('',#2958);
#2639=PLANE('',#2959);
#2640=PLANE('',#2960);
#2641=PLANE('',#2961);
#2642=PLANE('',#2962);
#2643=PLANE('',#2963);
#2644=PLANE('',#2964);
#2645=PLANE('',#2965);
#2646=PLANE('',#2966);
#2647=PLANE('',#2967);
#2648=PLANE('',#2968);
#2649=PLANE('',#2969);
#2650=PLANE('',#2977);
#2651=PLANE('',#2981);
#2652=PLANE('',#2985);
#2653=PLANE('',#2989);
#2654=PLANE('',#2993);
#2655=PLANE('',#2996);
#2656=PLANE('',#3001);
#2657=PLANE('',#3002);
#2658=PLANE('',#3008);
#2659=PLANE('',#3014);
#2660=PLANE('',#3015);
#2661=PLANE('',#3031);
#2662=PLANE('',#3036);
#2663=PLANE('',#3037);
#2664=PLANE('',#3038);
#2665=PLANE('',#3039);
#2666=PLANE('',#3040);
#2667=PLANE('',#3041);
#2668=PLANE('',#3042);
#2669=PLANE('',#3043);
#2670=PLANE('',#3044);
#2671=PLANE('',#3045);
#2672=PLANE('',#3046);
#2673=PLANE('',#3047);
#2674=PLANE('',#3048);
#2675=PLANE('',#3049);
#2676=PLANE('',#3050);
#2677=PLANE('',#3054);
#2678=PLANE('',#3055);
#2679=PLANE('',#3059);
#2680=PLANE('',#3060);
#2681=PLANE('',#3061);
#2682=PLANE('',#3062);
#2683=PLANE('',#3063);
#2684=PLANE('',#3064);
#2685=PLANE('',#3065);
#2686=PLANE('',#3066);
#2687=PLANE('',#3067);
#2688=PLANE('',#3071);
#2689=PLANE('',#3072);
#2690=PLANE('',#3076);
#2691=PLANE('',#3077);
#2692=PLANE('',#3078);
#2693=PLANE('',#3079);
#2694=PLANE('',#3080);
#2695=PLANE('',#3081);
#2696=PLANE('',#3082);
#2697=PLANE('',#3083);
#2698=PLANE('',#3084);
#2699=PLANE('',#3088);
#2700=PLANE('',#3089);
#2701=PLANE('',#3093);
#2702=PLANE('',#3094);
#2703=PLANE('',#3095);
#2704=PLANE('',#3096);
#2705=PLANE('',#3097);
#2706=PLANE('',#3098);
#2707=PLANE('',#3099);
#2708=PLANE('',#3100);
#2709=PLANE('',#3101);
#2710=PLANE('',#3105);
#2711=PLANE('',#3106);
#2712=PLANE('',#3110);
#2713=PLANE('',#3111);
#2714=ADVANCED_FACE('',(#166),#2602,.F.);
#2715=ADVANCED_FACE('',(#167),#2603,.F.);
#2716=ADVANCED_FACE('',(#168),#2604,.F.);
#2717=ADVANCED_FACE('',(#169),#2605,.F.);
#2718=ADVANCED_FACE('',(#170),#2606,.F.);
#2719=ADVANCED_FACE('',(#171),#2607,.F.);
#2720=ADVANCED_FACE('',(#172),#2608,.F.);
#2721=ADVANCED_FACE('',(#173),#2609,.F.);
#2722=ADVANCED_FACE('',(#174),#2610,.F.);
#2723=ADVANCED_FACE('',(#175),#2611,.F.);
#2724=ADVANCED_FACE('',(#176),#2612,.F.);
#2725=ADVANCED_FACE('',(#177),#2613,.F.);
#2726=ADVANCED_FACE('',(#178),#2614,.F.);
#2727=ADVANCED_FACE('',(#179),#2615,.F.);
#2728=ADVANCED_FACE('',(#180),#2616,.F.);
#2729=ADVANCED_FACE('',(#181),#2617,.F.);
#2730=ADVANCED_FACE('',(#182),#2618,.F.);
#2731=ADVANCED_FACE('',(#183),#2619,.F.);
#2732=ADVANCED_FACE('',(#184),#2620,.F.);
#2733=ADVANCED_FACE('',(#185),#2621,.F.);
#2734=ADVANCED_FACE('',(#186),#2622,.F.);
#2735=ADVANCED_FACE('',(#187),#2623,.F.);
#2736=ADVANCED_FACE('',(#188),#2624,.F.);
#2737=ADVANCED_FACE('',(#189),#2625,.F.);
#2738=ADVANCED_FACE('',(#190),#128,.T.);
#2739=ADVANCED_FACE('',(#191),#2626,.T.);
#2740=ADVANCED_FACE('',(#192,#25),#2627,.T.);
#2741=ADVANCED_FACE('',(#193),#129,.T.);
#2742=ADVANCED_FACE('',(#194),#2628,.T.);
#2743=ADVANCED_FACE('',(#195),#130,.T.);
#2744=ADVANCED_FACE('',(#196),#2629,.T.);
#2745=ADVANCED_FACE('',(#197),#131,.T.);
#2746=ADVANCED_FACE('',(#198),#132,.T.);
#2747=ADVANCED_FACE('',(#199),#2630,.T.);
#2748=ADVANCED_FACE('',(#200,#26),#2631,.T.);
#2749=ADVANCED_FACE('',(#201),#133,.T.);
#2750=ADVANCED_FACE('',(#202),#2632,.T.);
#2751=ADVANCED_FACE('',(#203),#134,.T.);
#2752=ADVANCED_FACE('',(#204),#135,.T.);
#2753=ADVANCED_FACE('',(#205),#2633,.T.);
#2754=ADVANCED_FACE('',(#206),#23,.F.);
#2755=ADVANCED_FACE('',(#207),#136,.F.);
#2756=ADVANCED_FACE('',(#208),#24,.F.);
#2757=ADVANCED_FACE('',(#209),#137,.F.);
#2758=ADVANCED_FACE('',(#210),#138,.F.);
#2759=ADVANCED_FACE('',(#211),#139,.F.);
#2760=ADVANCED_FACE('',(#212),#2634,.T.);
#2761=ADVANCED_FACE('',(#213),#2635,.T.);
#2762=ADVANCED_FACE('',(#214),#2636,.T.);
#2763=ADVANCED_FACE('',(#215),#2637,.T.);
#2764=ADVANCED_FACE('',(#216),#2638,.T.);
#2765=ADVANCED_FACE('',(#217),#2639,.T.);
#2766=ADVANCED_FACE('',(#218),#2640,.F.);
#2767=ADVANCED_FACE('',(#219),#2641,.F.);
#2768=ADVANCED_FACE('',(#220,#27),#2642,.T.);
#2769=ADVANCED_FACE('',(#221),#2643,.T.);
#2770=ADVANCED_FACE('',(#222),#2644,.T.);
#2771=ADVANCED_FACE('',(#223),#2645,.T.);
#2772=ADVANCED_FACE('',(#224),#2646,.F.);
#2773=ADVANCED_FACE('',(#225),#2647,.F.);
#2774=ADVANCED_FACE('',(#226),#2648,.T.);
#2775=ADVANCED_FACE('',(#227),#2649,.T.);
#2776=ADVANCED_FACE('',(#228),#140,.F.);
#2777=ADVANCED_FACE('',(#229),#2650,.F.);
#2778=ADVANCED_FACE('',(#230),#141,.F.);
#2779=ADVANCED_FACE('',(#231),#2651,.F.);
#2780=ADVANCED_FACE('',(#232),#142,.F.);
#2781=ADVANCED_FACE('',(#233),#2652,.F.);
#2782=ADVANCED_FACE('',(#234),#143,.F.);
#2783=ADVANCED_FACE('',(#235),#2653,.F.);
#2784=ADVANCED_FACE('',(#236),#144,.T.);
#2785=ADVANCED_FACE('',(#237),#2654,.T.);
#2786=ADVANCED_FACE('',(#238),#2655,.T.);
#2787=ADVANCED_FACE('',(#239),#145,.T.);
#2788=ADVANCED_FACE('',(#240),#2656,.F.);
#2789=ADVANCED_FACE('',(#241),#2657,.T.);
#2790=ADVANCED_FACE('',(#242),#146,.T.);
#2791=ADVANCED_FACE('',(#243),#147,.T.);
#2792=ADVANCED_FACE('',(#244),#2658,.T.);
#2793=ADVANCED_FACE('',(#245),#148,.T.);
#2794=ADVANCED_FACE('',(#246),#2659,.F.);
#2795=ADVANCED_FACE('',(#247),#2660,.T.);
#2796=ADVANCED_FACE('',(#248),#149,.T.);
#2797=ADVANCED_FACE('',(#249),#150,.F.);
#2798=ADVANCED_FACE('',(#250),#151,.F.);
#2799=ADVANCED_FACE('',(#251),#152,.F.);
#2800=ADVANCED_FACE('',(#252),#153,.F.);
#2801=ADVANCED_FACE('',(#253),#154,.T.);
#2802=ADVANCED_FACE('',(#254),#155,.T.);
#2803=ADVANCED_FACE('',(#255),#2661,.T.);
#2804=ADVANCED_FACE('',(#256),#156,.T.);
#2805=ADVANCED_FACE('',(#257),#157,.T.);
#2806=ADVANCED_FACE('',(#258),#2662,.T.);
#2807=ADVANCED_FACE('',(#259),#2663,.F.);
#2808=ADVANCED_FACE('',(#260),#2664,.F.);
#2809=ADVANCED_FACE('',(#261),#2665,.F.);
#2810=ADVANCED_FACE('',(#262),#2666,.F.);
#2811=ADVANCED_FACE('',(#263),#2667,.T.);
#2812=ADVANCED_FACE('',(#264,#28,#29,#30,#31,#32,#33),#2668,.T.);
#2813=ADVANCED_FACE('',(#265,#34,#35,#36,#37,#38,#39),#2669,.F.);
#2814=ADVANCED_FACE('',(#266),#2670,.F.);
#2815=ADVANCED_FACE('',(#267),#2671,.F.);
#2816=ADVANCED_FACE('',(#268),#2672,.F.);
#2817=ADVANCED_FACE('',(#269),#2673,.F.);
#2818=ADVANCED_FACE('',(#270),#2674,.F.);
#2819=ADVANCED_FACE('',(#271),#2675,.F.);
#2820=ADVANCED_FACE('',(#272,#40),#2676,.T.);
#2821=ADVANCED_FACE('',(#273),#158,.F.);
#2822=ADVANCED_FACE('',(#274),#2677,.T.);
#2823=ADVANCED_FACE('',(#275),#2678,.T.);
#2824=ADVANCED_FACE('',(#276),#159,.T.);
#2825=ADVANCED_FACE('',(#277,#41),#2679,.T.);
#2826=ADVANCED_FACE('',(#278,#42),#2680,.F.);
#2827=ADVANCED_FACE('',(#279),#2681,.F.);
#2828=ADVANCED_FACE('',(#280),#2682,.F.);
#2829=ADVANCED_FACE('',(#281),#2683,.F.);
#2830=ADVANCED_FACE('',(#282),#2684,.F.);
#2831=ADVANCED_FACE('',(#283),#2685,.F.);
#2832=ADVANCED_FACE('',(#284),#2686,.F.);
#2833=ADVANCED_FACE('',(#285,#43),#2687,.T.);
#2834=ADVANCED_FACE('',(#286),#160,.F.);
#2835=ADVANCED_FACE('',(#287),#2688,.F.);
#2836=ADVANCED_FACE('',(#288),#2689,.F.);
#2837=ADVANCED_FACE('',(#289),#161,.T.);
#2838=ADVANCED_FACE('',(#290,#44),#2690,.F.);
#2839=ADVANCED_FACE('',(#291,#45),#2691,.T.);
#2840=ADVANCED_FACE('',(#292),#2692,.F.);
#2841=ADVANCED_FACE('',(#293),#2693,.F.);
#2842=ADVANCED_FACE('',(#294),#2694,.F.);
#2843=ADVANCED_FACE('',(#295),#2695,.F.);
#2844=ADVANCED_FACE('',(#296),#2696,.F.);
#2845=ADVANCED_FACE('',(#297),#2697,.F.);
#2846=ADVANCED_FACE('',(#298,#46),#2698,.T.);
#2847=ADVANCED_FACE('',(#299),#162,.F.);
#2848=ADVANCED_FACE('',(#300),#2699,.F.);
#2849=ADVANCED_FACE('',(#301),#2700,.F.);
#2850=ADVANCED_FACE('',(#302),#163,.T.);
#2851=ADVANCED_FACE('',(#303,#47),#2701,.F.);
#2852=ADVANCED_FACE('',(#304,#48),#2702,.T.);
#2853=ADVANCED_FACE('',(#305),#2703,.F.);
#2854=ADVANCED_FACE('',(#306),#2704,.F.);
#2855=ADVANCED_FACE('',(#307),#2705,.F.);
#2856=ADVANCED_FACE('',(#308),#2706,.F.);
#2857=ADVANCED_FACE('',(#309),#2707,.F.);
#2858=ADVANCED_FACE('',(#310),#2708,.F.);
#2859=ADVANCED_FACE('',(#311,#49),#2709,.T.);
#2860=ADVANCED_FACE('',(#312),#164,.F.);
#2861=ADVANCED_FACE('',(#313),#2710,.T.);
#2862=ADVANCED_FACE('',(#314),#2711,.T.);
#2863=ADVANCED_FACE('',(#315),#165,.T.);
#2864=ADVANCED_FACE('',(#316,#50),#2712,.T.);
#2865=ADVANCED_FACE('',(#317,#51),#2713,.F.);
#2866=CLOSED_SHELL('',(#2714,#2715,#2716,#2717,#2718,#2719,#2720,#2721,
#2722,#2723,#2724,#2725,#2726,#2727,#2728,#2729,#2730,#2731,#2732,#2733,
#2734,#2735,#2736,#2737,#2738,#2739,#2740,#2741,#2742,#2743,#2744,#2745,
#2746,#2747,#2748,#2749,#2750,#2751,#2752,#2753,#2754,#2755,#2756,#2757,
#2758,#2759,#2760,#2761,#2762,#2763,#2764,#2765,#2766,#2767,#2768,#2769,
#2770,#2771,#2772,#2773,#2774,#2775,#2776,#2777,#2778,#2779,#2780,#2781,
#2782,#2783,#2784,#2785,#2786,#2787,#2788,#2789,#2790,#2791,#2792,#2793,
#2794,#2795,#2796,#2797,#2798,#2799,#2800,#2801,#2802,#2803,#2804,#2805,
#2806,#2807,#2808,#2809,#2810,#2811,#2812,#2813));
#2867=CLOSED_SHELL('',(#2814,#2815,#2816,#2817,#2818,#2819,#2820,#2821,
#2822,#2823,#2824,#2825,#2826));
#2868=CLOSED_SHELL('',(#2827,#2828,#2829,#2830,#2831,#2832,#2833,#2834,
#2835,#2836,#2837,#2838,#2839));
#2869=CLOSED_SHELL('',(#2840,#2841,#2842,#2843,#2844,#2845,#2846,#2847,
#2848,#2849,#2850,#2851,#2852));
#2870=CLOSED_SHELL('',(#2853,#2854,#2855,#2856,#2857,#2858,#2859,#2860,
#2861,#2862,#2863,#2864,#2865));
#2871=DERIVED_UNIT_ELEMENT(#2873,1.);
#2872=DERIVED_UNIT_ELEMENT(#4712,-3.);
#2873=(
MASS_UNIT()
NAMED_UNIT(*)
SI_UNIT(.KILO.,.GRAM.)
);
#2874=DERIVED_UNIT((#2871,#2872));
#2875=MEASURE_REPRESENTATION_ITEM('density measure',
POSITIVE_RATIO_MEASURE(7850.),#2874);
#2876=PROPERTY_DEFINITION_REPRESENTATION(#2881,#2878);
#2877=PROPERTY_DEFINITION_REPRESENTATION(#2882,#2879);
#2878=REPRESENTATION('material name',(#2880),#4709);
#2879=REPRESENTATION('density',(#2875),#4709);
#2880=DESCRIPTIVE_REPRESENTATION_ITEM('Steel','Steel');
#2881=PROPERTY_DEFINITION('material property','material name',#4719);
#2882=PROPERTY_DEFINITION('material property','density of part',#4719);
#2883=AXIS2_PLACEMENT_3D('',#3893,#3112,#3113);
#2884=AXIS2_PLACEMENT_3D('',#3894,#3114,#3115);
#2885=AXIS2_PLACEMENT_3D('',#3903,#3120,#3121);
#2886=AXIS2_PLACEMENT_3D('',#3909,#3125,#3126);
#2887=AXIS2_PLACEMENT_3D('',#3915,#3130,#3131);
#2888=AXIS2_PLACEMENT_3D('',#3921,#3135,#3136);
#2889=AXIS2_PLACEMENT_3D('',#3927,#3140,#3141);
#2890=AXIS2_PLACEMENT_3D('',#3930,#3144,#3145);
#2891=AXIS2_PLACEMENT_3D('',#3939,#3150,#3151);
#2892=AXIS2_PLACEMENT_3D('',#3945,#3155,#3156);
#2893=AXIS2_PLACEMENT_3D('',#3951,#3160,#3161);
#2894=AXIS2_PLACEMENT_3D('',#3957,#3165,#3166);
#2895=AXIS2_PLACEMENT_3D('',#3963,#3170,#3171);
#2896=AXIS2_PLACEMENT_3D('',#3966,#3174,#3175);
#2897=AXIS2_PLACEMENT_3D('',#3975,#3180,#3181);
#2898=AXIS2_PLACEMENT_3D('',#3981,#3185,#3186);
#2899=AXIS2_PLACEMENT_3D('',#3987,#3190,#3191);
#2900=AXIS2_PLACEMENT_3D('',#3993,#3195,#3196);
#2901=AXIS2_PLACEMENT_3D('',#3999,#3200,#3201);
#2902=AXIS2_PLACEMENT_3D('',#4002,#3204,#3205);
#2903=AXIS2_PLACEMENT_3D('',#4011,#3210,#3211);
#2904=AXIS2_PLACEMENT_3D('',#4017,#3215,#3216);
#2905=AXIS2_PLACEMENT_3D('',#4023,#3220,#3221);
#2906=AXIS2_PLACEMENT_3D('',#4029,#3225,#3226);
#2907=AXIS2_PLACEMENT_3D('',#4035,#3230,#3231);
#2908=AXIS2_PLACEMENT_3D('',#4038,#3234,#3235);
#2909=AXIS2_PLACEMENT_3D('',#4041,#3236,#3237);
#2910=AXIS2_PLACEMENT_3D('',#4045,#3239,#3240);
#2911=AXIS2_PLACEMENT_3D('',#4047,#3242,#3243);
#2912=AXIS2_PLACEMENT_3D('',#4053,#3247,#3248);
#2913=AXIS2_PLACEMENT_3D('',#4057,#3250,#3251);
#2914=AXIS2_PLACEMENT_3D('',#4061,#3253,#3254);
#2915=AXIS2_PLACEMENT_3D('',#4064,#3256,#3257);
#2916=AXIS2_PLACEMENT_3D('',#4066,#3258,#3259);
#2917=AXIS2_PLACEMENT_3D('',#4067,#3260,#3261);
#2918=AXIS2_PLACEMENT_3D('',#4070,#3263,#3264);
#2919=AXIS2_PLACEMENT_3D('',#4071,#3265,#3266);
#2920=AXIS2_PLACEMENT_3D('',#4075,#3269,#3270);
#2921=AXIS2_PLACEMENT_3D('',#4079,#3272,#3273);
#2922=AXIS2_PLACEMENT_3D('',#4081,#3275,#3276);
#2923=AXIS2_PLACEMENT_3D('',#4083,#3278,#3279);
#2924=AXIS2_PLACEMENT_3D('',#4086,#3281,#3282);
#2925=AXIS2_PLACEMENT_3D('',#4087,#3283,#3284);
#2926=AXIS2_PLACEMENT_3D('',#4090,#3285,#3286);
#2927=AXIS2_PLACEMENT_3D('',#4094,#3288,#3289);
#2928=AXIS2_PLACEMENT_3D('',#4096,#3291,#3292);
#2929=AXIS2_PLACEMENT_3D('',#4102,#3296,#3297);
#2930=AXIS2_PLACEMENT_3D('',#4106,#3299,#3300);
#2931=AXIS2_PLACEMENT_3D('',#4110,#3302,#3303);
#2932=AXIS2_PLACEMENT_3D('',#4113,#3305,#3306);
#2933=AXIS2_PLACEMENT_3D('',#4115,#3307,#3308);
#2934=AXIS2_PLACEMENT_3D('',#4116,#3309,#3310);
#2935=AXIS2_PLACEMENT_3D('',#4120,#3312,#3313);
#2936=AXIS2_PLACEMENT_3D('',#4122,#3315,#3316);
#2937=AXIS2_PLACEMENT_3D('',#4126,#3319,#3320);
#2938=AXIS2_PLACEMENT_3D('',#4129,#3322,#3323);
#2939=AXIS2_PLACEMENT_3D('',#4130,#3324,#3325);
#2940=AXIS2_PLACEMENT_3D('',#4132,#3326,#3327);
#2941=AXIS2_PLACEMENT_3D('',#4134,#3329,#3330);
#2942=AXIS2_PLACEMENT_3D('',#4136,#3332,#3333);
#2943=AXIS2_PLACEMENT_3D('',#4138,#3334,#3335);
#2944=AXIS2_PLACEMENT_3D('',#4141,#3337,#3338);
#2945=AXIS2_PLACEMENT_3D('',#4142,#3339,#3340);
#2946=AXIS2_PLACEMENT_3D('',#4145,#3342,#3343);
#2947=AXIS2_PLACEMENT_3D('',#4146,#3344,#3345);
#2948=AXIS2_PLACEMENT_3D('',#4148,#3346,#3347);
#2949=AXIS2_PLACEMENT_3D('',#4151,#3349,#3350);
#2950=AXIS2_PLACEMENT_3D('',#4152,#3351,#3352);
#2951=AXIS2_PLACEMENT_3D('',#4155,#3354,#3355);
#2952=AXIS2_PLACEMENT_3D('',#4156,#3356,#3357);
#2953=AXIS2_PLACEMENT_3D('',#4158,#3359,#3360);
#2954=AXIS2_PLACEMENT_3D('',#4160,#3362,#3363);
#2955=AXIS2_PLACEMENT_3D('',#4162,#3365,#3366);
#2956=AXIS2_PLACEMENT_3D('',#4164,#3368,#3369);
#2957=AXIS2_PLACEMENT_3D('',#4173,#3374,#3375);
#2958=AXIS2_PLACEMENT_3D('',#4179,#3379,#3380);
#2959=AXIS2_PLACEMENT_3D('',#4185,#3384,#3385);
#2960=AXIS2_PLACEMENT_3D('',#4188,#3388,#3389);
#2961=AXIS2_PLACEMENT_3D('',#4194,#3393,#3394);
#2962=AXIS2_PLACEMENT_3D('',#4198,#3397,#3398);
#2963=AXIS2_PLACEMENT_3D('',#4207,#3403,#3404);
#2964=AXIS2_PLACEMENT_3D('',#4215,#3409,#3410);
#2965=AXIS2_PLACEMENT_3D('',#4219,#3413,#3414);
#2966=AXIS2_PLACEMENT_3D('',#4227,#3419,#3420);
#2967=AXIS2_PLACEMENT_3D('',#4229,#3422,#3423);
#2968=AXIS2_PLACEMENT_3D('',#4232,#3426,#3427);
#2969=AXIS2_PLACEMENT_3D('',#4242,#3433,#3434);
#2970=AXIS2_PLACEMENT_3D('',#4244,#3435,#3436);
#2971=AXIS2_PLACEMENT_3D('',#4251,#3440,#3441);
#2972=AXIS2_PLACEMENT_3D('',#4253,#3442,#3443);
#2973=AXIS2_PLACEMENT_3D('',#4260,#3447,#3448);
#2974=AXIS2_PLACEMENT_3D('',#4261,#3449,#3450);
#2975=AXIS2_PLACEMENT_3D('',#4264,#3451,#3452);
#2976=AXIS2_PLACEMENT_3D('',#4268,#3454,#3455);
#2977=AXIS2_PLACEMENT_3D('',#4270,#3457,#3458);
#2978=AXIS2_PLACEMENT_3D('',#4276,#3462,#3463);
#2979=AXIS2_PLACEMENT_3D('',#4278,#3464,#3465);
#2980=AXIS2_PLACEMENT_3D('',#4281,#3467,#3468);
#2981=AXIS2_PLACEMENT_3D('',#4282,#3469,#3470);
#2982=AXIS2_PLACEMENT_3D('',#4288,#3474,#3475);
#2983=AXIS2_PLACEMENT_3D('',#4291,#3476,#3477);
#2984=AXIS2_PLACEMENT_3D('',#4295,#3479,#3480);
#2985=AXIS2_PLACEMENT_3D('',#4297,#3482,#3483);
#2986=AXIS2_PLACEMENT_3D('',#4303,#3487,#3488);
#2987=AXIS2_PLACEMENT_3D('',#4305,#3489,#3490);
#2988=AXIS2_PLACEMENT_3D('',#4308,#3492,#3493);
#2989=AXIS2_PLACEMENT_3D('',#4309,#3494,#3495);
#2990=AXIS2_PLACEMENT_3D('',#4315,#3499,#3500);
#2991=AXIS2_PLACEMENT_3D('',#4317,#3501,#3502);
#2992=AXIS2_PLACEMENT_3D('',#4320,#3504,#3505);
#2993=AXIS2_PLACEMENT_3D('',#4321,#3506,#3507);
#2994=AXIS2_PLACEMENT_3D('',#4325,#3509,#3510);
#2995=AXIS2_PLACEMENT_3D('',#4333,#3514,#3515);
#2996=AXIS2_PLACEMENT_3D('',#4335,#3517,#3518);
#2997=AXIS2_PLACEMENT_3D('',#4338,#3520,#3521);
#2998=AXIS2_PLACEMENT_3D('',#4344,#3525,#3526);
#2999=AXIS2_PLACEMENT_3D('',#4346,#3527,#3528);
#3000=AXIS2_PLACEMENT_3D('',#4348,#3529,#3530);
#3001=AXIS2_PLACEMENT_3D('',#4350,#3532,#3533);
#3002=AXIS2_PLACEMENT_3D('',#4356,#3537,#3538);
#3003=AXIS2_PLACEMENT_3D('',#4366,#3543,#3544);
#3004=AXIS2_PLACEMENT_3D('',#4370,#3547,#3548);
#3005=AXIS2_PLACEMENT_3D('',#4372,#3549,#3550);
#3006=AXIS2_PLACEMENT_3D('',#4374,#3552,#3553);
#3007=AXIS2_PLACEMENT_3D('',#4378,#3555,#3556);
#3008=AXIS2_PLACEMENT_3D('',#4380,#3558,#3559);
#3009=AXIS2_PLACEMENT_3D('',#4382,#3560,#3561);
#3010=AXIS2_PLACEMENT_3D('',#4390,#3565,#3566);
#3011=AXIS2_PLACEMENT_3D('',#4392,#3568,#3569);
#3012=AXIS2_PLACEMENT_3D('',#4394,#3570,#3571);
#3013=AXIS2_PLACEMENT_3D('',#4396,#3572,#3573);
#3014=AXIS2_PLACEMENT_3D('',#4398,#3575,#3576);
#3015=AXIS2_PLACEMENT_3D('',#4401,#3579,#3580);
#3016=AXIS2_PLACEMENT_3D('',#4407,#3584,#3585);
#3017=AXIS2_PLACEMENT_3D('',#4408,#3586,#3587);
#3018=AXIS2_PLACEMENT_3D('',#4409,#3588,#3589);
#3019=AXIS2_PLACEMENT_3D('',#4410,#3590,#3591);
#3020=AXIS2_PLACEMENT_3D('',#4411,#3592,#3593);
#3021=AXIS2_PLACEMENT_3D('',#4412,#3594,#3595);
#3022=AXIS2_PLACEMENT_3D('',#4413,#3596,#3597);
#3023=AXIS2_PLACEMENT_3D('',#4414,#3598,#3599);
#3024=AXIS2_PLACEMENT_3D('',#4415,#3600,#3601);
#3025=AXIS2_PLACEMENT_3D('',#4416,#3602,#3603);
#3026=AXIS2_PLACEMENT_3D('',#4417,#3604,#3605);
#3027=AXIS2_PLACEMENT_3D('',#4418,#3606,#3607);
#3028=AXIS2_PLACEMENT_3D('',#4421,#3609,#3610);
#3029=AXIS2_PLACEMENT_3D('',#4422,#3611,#3612);
#3030=AXIS2_PLACEMENT_3D('',#4426,#3614,#3615);
#3031=AXIS2_PLACEMENT_3D('',#4428,#3617,#3618);
#3032=AXIS2_PLACEMENT_3D('',#4431,#3621,#3622);
#3033=AXIS2_PLACEMENT_3D('',#4433,#3623,#3624);
#3034=AXIS2_PLACEMENT_3D('',#4435,#3626,#3627);
#3035=AXIS2_PLACEMENT_3D('',#4439,#3629,#3630);
#3036=AXIS2_PLACEMENT_3D('',#4441,#3632,#3633);
#3037=AXIS2_PLACEMENT_3D('',#4446,#3637,#3638);
#3038=AXIS2_PLACEMENT_3D('',#4448,#3640,#3641);
#3039=AXIS2_PLACEMENT_3D('',#4449,#3642,#3643);
#3040=AXIS2_PLACEMENT_3D('',#4450,#3644,#3645);
#3041=AXIS2_PLACEMENT_3D('',#4451,#3646,#3647);
#3042=AXIS2_PLACEMENT_3D('',#4453,#3649,#3650);
#3043=AXIS2_PLACEMENT_3D('',#4454,#3651,#3652);
#3044=AXIS2_PLACEMENT_3D('',#4455,#3653,#3654);
#3045=AXIS2_PLACEMENT_3D('',#4464,#3659,#3660);
#3046=AXIS2_PLACEMENT_3D('',#4470,#3664,#3665);
#3047=AXIS2_PLACEMENT_3D('',#4476,#3669,#3670);
#3048=AXIS2_PLACEMENT_3D('',#4482,#3674,#3675);
#3049=AXIS2_PLACEMENT_3D('',#4488,#3679,#3680);
#3050=AXIS2_PLACEMENT_3D('',#4491,#3683,#3684);
#3051=AXIS2_PLACEMENT_3D('',#4493,#3685,#3686);
#3052=AXIS2_PLACEMENT_3D('',#4494,#3687,#3688);
#3053=AXIS2_PLACEMENT_3D('',#4496,#3689,#3690);
#3054=AXIS2_PLACEMENT_3D('',#4498,#3692,#3693);
#3055=AXIS2_PLACEMENT_3D('',#4507,#3698,#3699);
#3056=AXIS2_PLACEMENT_3D('',#4513,#3703,#3704);
#3057=AXIS2_PLACEMENT_3D('',#4514,#3705,#3706);
#3058=AXIS2_PLACEMENT_3D('',#4515,#3707,#3708);
#3059=AXIS2_PLACEMENT_3D('',#4516,#3709,#3710);
#3060=AXIS2_PLACEMENT_3D('',#4517,#3711,#3712);
#3061=AXIS2_PLACEMENT_3D('',#4518,#3713,#3714);
#3062=AXIS2_PLACEMENT_3D('',#4527,#3719,#3720);
#3063=AXIS2_PLACEMENT_3D('',#4533,#3724,#3725);
#3064=AXIS2_PLACEMENT_3D('',#4539,#3729,#3730);
#3065=AXIS2_PLACEMENT_3D('',#4545,#3734,#3735);
#3066=AXIS2_PLACEMENT_3D('',#4551,#3739,#3740);
#3067=AXIS2_PLACEMENT_3D('',#4554,#3743,#3744);
#3068=AXIS2_PLACEMENT_3D('',#4556,#3745,#3746);
#3069=AXIS2_PLACEMENT_3D('',#4557,#3747,#3748);
#3070=AXIS2_PLACEMENT_3D('',#4559,#3749,#3750);
#3071=AXIS2_PLACEMENT_3D('',#4561,#3752,#3753);
#3072=AXIS2_PLACEMENT_3D('',#4570,#3758,#3759);
#3073=AXIS2_PLACEMENT_3D('',#4576,#3763,#3764);
#3074=AXIS2_PLACEMENT_3D('',#4577,#3765,#3766);
#3075=AXIS2_PLACEMENT_3D('',#4578,#3767,#3768);
#3076=AXIS2_PLACEMENT_3D('',#4579,#3769,#3770);
#3077=AXIS2_PLACEMENT_3D('',#4580,#3771,#3772);
#3078=AXIS2_PLACEMENT_3D('',#4581,#3773,#3774);
#3079=AXIS2_PLACEMENT_3D('',#4590,#3779,#3780);
#3080=AXIS2_PLACEMENT_3D('',#4596,#3784,#3785);
#3081=AXIS2_PLACEMENT_3D('',#4602,#3789,#3790);
#3082=AXIS2_PLACEMENT_3D('',#4608,#3794,#3795);
#3083=AXIS2_PLACEMENT_3D('',#4614,#3799,#3800);
#3084=AXIS2_PLACEMENT_3D('',#4617,#3803,#3804);
#3085=AXIS2_PLACEMENT_3D('',#4619,#3805,#3806);
#3086=AXIS2_PLACEMENT_3D('',#4620,#3807,#3808);
#3087=AXIS2_PLACEMENT_3D('',#4622,#3809,#3810);
#3088=AXIS2_PLACEMENT_3D('',#4624,#3812,#3813);
#3089=AXIS2_PLACEMENT_3D('',#4633,#3818,#3819);
#3090=AXIS2_PLACEMENT_3D('',#4639,#3823,#3824);
#3091=AXIS2_PLACEMENT_3D('',#4640,#3825,#3826);
#3092=AXIS2_PLACEMENT_3D('',#4641,#3827,#3828);
#3093=AXIS2_PLACEMENT_3D('',#4642,#3829,#3830);
#3094=AXIS2_PLACEMENT_3D('',#4643,#3831,#3832);
#3095=AXIS2_PLACEMENT_3D('',#4644,#3833,#3834);
#3096=AXIS2_PLACEMENT_3D('',#4653,#3839,#3840);
#3097=AXIS2_PLACEMENT_3D('',#4659,#3844,#3845);
#3098=AXIS2_PLACEMENT_3D('',#4665,#3849,#3850);
#3099=AXIS2_PLACEMENT_3D('',#4671,#3854,#3855);
#3100=AXIS2_PLACEMENT_3D('',#4677,#3859,#3860);
#3101=AXIS2_PLACEMENT_3D('',#4680,#3863,#3864);
#3102=AXIS2_PLACEMENT_3D('',#4682,#3865,#3866);
#3103=AXIS2_PLACEMENT_3D('',#4683,#3867,#3868);
#3104=AXIS2_PLACEMENT_3D('',#4685,#3869,#3870);
#3105=AXIS2_PLACEMENT_3D('',#4687,#3872,#3873);
#3106=AXIS2_PLACEMENT_3D('',#4696,#3878,#3879);
#3107=AXIS2_PLACEMENT_3D('',#4702,#3883,#3884);
#3108=AXIS2_PLACEMENT_3D('',#4703,#3885,#3886);
#3109=AXIS2_PLACEMENT_3D('',#4704,#3887,#3888);
#3110=AXIS2_PLACEMENT_3D('',#4705,#3889,#3890);
#3111=AXIS2_PLACEMENT_3D('',#4706,#3891,#3892);
#3112=DIRECTION('axis',(0.,0.,1.));
#3113=DIRECTION('refdir',(1.,0.,0.));
#3114=DIRECTION('center_axis',(0.50130451283707,0.865270931794885,0.));
#3115=DIRECTION('ref_axis',(-0.865270931794885,0.50130451283707,0.));
#3116=DIRECTION('',(0.865270931794885,-0.50130451283707,0.));
#3117=DIRECTION('',(0.,0.,1.));
#3118=DIRECTION('',(-0.865270931794885,0.50130451283707,0.));
#3119=DIRECTION('',(0.,0.,1.));
#3120=DIRECTION('center_axis',(0.999998864509138,-0.00150697725124276,0.));
#3121=DIRECTION('ref_axis',(0.00150697725124276,0.999998864509137,0.));
#3122=DIRECTION('',(-0.00150697725124276,-0.999998864509137,0.));
#3123=DIRECTION('',(0.00150697725124276,0.999998864509137,0.));
#3124=DIRECTION('',(0.,0.,1.));
#3125=DIRECTION('center_axis',(0.498694351672064,-0.866777909046129,0.));
#3126=DIRECTION('ref_axis',(0.866777909046129,0.498694351672064,0.));
#3127=DIRECTION('',(-0.866777909046129,-0.498694351672064,0.));
#3128=DIRECTION('',(0.866777909046129,0.498694351672064,0.));
#3129=DIRECTION('',(0.,0.,1.));
#3130=DIRECTION('center_axis',(-0.501304512837067,-0.865270931794887,0.));
#3131=DIRECTION('ref_axis',(0.865270931794887,-0.501304512837067,0.));
#3132=DIRECTION('',(-0.865270931794887,0.501304512837067,0.));
#3133=DIRECTION('',(0.865270931794887,-0.501304512837067,0.));
#3134=DIRECTION('',(0.,0.,1.));
#3135=DIRECTION('center_axis',(-0.999998864509138,0.00150697725124276,0.));
#3136=DIRECTION('ref_axis',(-0.00150697725124276,-0.999998864509137,0.));
#3137=DIRECTION('',(0.00150697725124276,0.999998864509137,0.));
#3138=DIRECTION('',(-0.00150697725124276,-0.999998864509137,0.));
#3139=DIRECTION('',(0.,0.,1.));
#3140=DIRECTION('center_axis',(-0.498694351672067,0.866777909046128,0.));
#3141=DIRECTION('ref_axis',(-0.866777909046128,-0.498694351672067,0.));
#3142=DIRECTION('',(0.866777909046128,0.498694351672067,0.));
#3143=DIRECTION('',(-0.866777909046128,-0.498694351672067,0.));
#3144=DIRECTION('center_axis',(0.501304512837067,-0.865270931794887,0.));
#3145=DIRECTION('ref_axis',(0.865270931794887,0.501304512837067,0.));
#3146=DIRECTION('',(-0.865270931794887,-0.501304512837067,0.));
#3147=DIRECTION('',(0.,0.,1.));
#3148=DIRECTION('',(0.865270931794887,0.501304512837067,0.));
#3149=DIRECTION('',(0.,0.,1.));
#3150=DIRECTION('center_axis',(-0.498694351672064,-0.866777909046129,0.));
#3151=DIRECTION('ref_axis',(0.866777909046129,-0.498694351672064,0.));
#3152=DIRECTION('',(-0.866777909046129,0.498694351672064,0.));
#3153=DIRECTION('',(0.866777909046129,-0.498694351672064,0.));
#3154=DIRECTION('',(0.,0.,1.));
#3155=DIRECTION('center_axis',(-0.999998864509138,-0.00150697725124276,
0.));
#3156=DIRECTION('ref_axis',(0.00150697725124276,-0.999998864509137,0.));
#3157=DIRECTION('',(-0.00150697725124276,0.999998864509137,0.));
#3158=DIRECTION('',(0.00150697725124276,-0.999998864509137,0.));
#3159=DIRECTION('',(0.,0.,1.));
#3160=DIRECTION('center_axis',(-0.50130451283707,0.865270931794885,0.));
#3161=DIRECTION('ref_axis',(-0.865270931794885,-0.50130451283707,0.));
#3162=DIRECTION('',(0.865270931794885,0.50130451283707,0.));
#3163=DIRECTION('',(-0.865270931794885,-0.50130451283707,0.));
#3164=DIRECTION('',(0.,0.,1.));
#3165=DIRECTION('center_axis',(0.498694351672067,0.866777909046128,0.));
#3166=DIRECTION('ref_axis',(-0.866777909046128,0.498694351672067,0.));
#3167=DIRECTION('',(0.866777909046128,-0.498694351672067,0.));
#3168=DIRECTION('',(-0.866777909046128,0.498694351672067,0.));
#3169=DIRECTION('',(0.,0.,1.));
#3170=DIRECTION('center_axis',(0.999998864509138,0.00150697725124276,0.));
#3171=DIRECTION('ref_axis',(-0.00150697725124276,0.999998864509137,0.));
#3172=DIRECTION('',(0.00150697725124276,-0.999998864509137,0.));
#3173=DIRECTION('',(-0.00150697725124276,0.999998864509137,0.));
#3174=DIRECTION('center_axis',(-0.999998864509138,-0.00150697725124276,
0.));
#3175=DIRECTION('ref_axis',(0.00150697725124276,-0.999998864509137,0.));
#3176=DIRECTION('',(-0.00150697725124276,0.999998864509137,0.));
#3177=DIRECTION('',(0.,0.,1.));
#3178=DIRECTION('',(0.00150697725124276,-0.999998864509137,0.));
#3179=DIRECTION('',(0.,0.,1.));
#3180=DIRECTION('center_axis',(-0.501304512837067,0.865270931794887,0.));
#3181=DIRECTION('ref_axis',(-0.865270931794887,-0.501304512837067,0.));
#3182=DIRECTION('',(0.865270931794887,0.501304512837067,0.));
#3183=DIRECTION('',(-0.865270931794887,-0.501304512837067,0.));
#3184=DIRECTION('',(0.,0.,1.));
#3185=DIRECTION('center_axis',(0.498694351672064,0.866777909046129,0.));
#3186=DIRECTION('ref_axis',(-0.866777909046129,0.498694351672064,0.));
#3187=DIRECTION('',(0.866777909046129,-0.498694351672064,0.));
#3188=DIRECTION('',(-0.866777909046129,0.498694351672064,0.));
#3189=DIRECTION('',(0.,0.,1.));
#3190=DIRECTION('center_axis',(0.999998864509138,0.00150697725124276,0.));
#3191=DIRECTION('ref_axis',(-0.00150697725124276,0.999998864509137,0.));
#3192=DIRECTION('',(0.00150697725124276,-0.999998864509137,0.));
#3193=DIRECTION('',(-0.00150697725124276,0.999998864509137,0.));
#3194=DIRECTION('',(0.,0.,1.));
#3195=DIRECTION('center_axis',(0.50130451283707,-0.865270931794885,0.));
#3196=DIRECTION('ref_axis',(0.865270931794885,0.50130451283707,0.));
#3197=DIRECTION('',(-0.865270931794885,-0.50130451283707,0.));
#3198=DIRECTION('',(0.865270931794885,0.50130451283707,0.));
#3199=DIRECTION('',(0.,0.,1.));
#3200=DIRECTION('center_axis',(-0.498694351672067,-0.866777909046128,0.));
#3201=DIRECTION('ref_axis',(0.866777909046128,-0.498694351672067,0.));
#3202=DIRECTION('',(-0.866777909046128,0.498694351672067,0.));
#3203=DIRECTION('',(0.866777909046128,-0.498694351672067,0.));
#3204=DIRECTION('center_axis',(0.498694351672068,-0.866777909046127,0.));
#3205=DIRECTION('ref_axis',(0.866777909046127,0.498694351672068,0.));
#3206=DIRECTION('',(-0.866777909046127,-0.498694351672068,0.));
#3207=DIRECTION('',(0.,0.,1.));
#3208=DIRECTION('',(0.866777909046127,0.498694351672068,0.));
#3209=DIRECTION('',(0.,0.,1.));
#3210=DIRECTION('center_axis',(-0.50130451283707,-0.865270931794885,0.));
#3211=DIRECTION('ref_axis',(0.865270931794885,-0.50130451283707,0.));
#3212=DIRECTION('',(-0.865270931794885,0.50130451283707,0.));
#3213=DIRECTION('',(0.865270931794885,-0.50130451283707,0.));
#3214=DIRECTION('',(0.,0.,1.));
#3215=DIRECTION('center_axis',(-0.999998864509138,0.00150697725124006,0.));
#3216=DIRECTION('ref_axis',(-0.00150697725124006,-0.999998864509137,0.));
#3217=DIRECTION('',(0.00150697725124006,0.999998864509137,0.));
#3218=DIRECTION('',(-0.00150697725124006,-0.999998864509137,0.));
#3219=DIRECTION('',(0.,0.,1.));
#3220=DIRECTION('center_axis',(-0.498694351672063,0.86677790904613,0.));
#3221=DIRECTION('ref_axis',(-0.86677790904613,-0.498694351672063,0.));
#3222=DIRECTION('',(0.86677790904613,0.498694351672063,0.));
#3223=DIRECTION('',(-0.86677790904613,-0.498694351672063,0.));
#3224=DIRECTION('',(0.,0.,1.));
#3225=DIRECTION('center_axis',(0.501304512837067,0.865270931794887,0.));
#3226=DIRECTION('ref_axis',(-0.865270931794887,0.501304512837067,0.));
#3227=DIRECTION('',(0.865270931794887,-0.501304512837067,0.));
#3228=DIRECTION('',(-0.865270931794887,0.501304512837067,0.));
#3229=DIRECTION('',(0.,0.,1.));
#3230=DIRECTION('center_axis',(0.999998864509138,-0.00150697725124545,0.));
#3231=DIRECTION('ref_axis',(0.00150697725124545,0.999998864509137,0.));
#3232=DIRECTION('',(-0.00150697725124545,-0.999998864509137,0.));
#3233=DIRECTION('',(0.00150697725124545,0.999998864509137,0.));
#3234=DIRECTION('center_axis',(0.,0.,1.));
#3235=DIRECTION('ref_axis',(-0.707106781186548,0.707106781186547,0.));
#3236=DIRECTION('center_axis',(0.,0.,-1.));
#3237=DIRECTION('ref_axis',(-0.707106781186548,0.707106781186547,0.));
#3238=DIRECTION('',(0.,0.,-1.));
#3239=DIRECTION('center_axis',(0.,0.,-1.));
#3240=DIRECTION('ref_axis',(-0.707106781186548,0.707106781186547,0.));
#3241=DIRECTION('',(0.,0.,1.));
#3242=DIRECTION('center_axis',(0.,1.,0.));
#3243=DIRECTION('ref_axis',(-1.,0.,0.));
#3244=DIRECTION('',(-1.,0.,0.));
#3245=DIRECTION('',(0.,0.,1.));
#3246=DIRECTION('',(1.,0.,0.));
#3247=DIRECTION('center_axis',(0.,0.,1.));
#3248=DIRECTION('ref_axis',(1.,0.,0.));
#3249=DIRECTION('',(0.,-1.,0.));
#3250=DIRECTION('center_axis',(0.,0.,-1.));
#3251=DIRECTION('ref_axis',(-0.707106781186548,-0.707106781186547,0.));
#3252=DIRECTION('',(1.,0.,0.));
#3253=DIRECTION('center_axis',(0.,0.,-1.));
#3254=DIRECTION('ref_axis',(0.707106781186547,-0.707106781186547,0.));
#3255=DIRECTION('',(0.,1.,0.));
#3256=DIRECTION('center_axis',(0.,0.,-1.));
#3257=DIRECTION('ref_axis',(0.707106781186547,0.707106781186548,0.));
#3258=DIRECTION('center_axis',(0.,0.,-1.));
#3259=DIRECTION('ref_axis',(-1.,0.,0.));
#3260=DIRECTION('center_axis',(0.,0.,1.));
#3261=DIRECTION('ref_axis',(0.707106781186547,0.707106781186548,0.));
#3262=DIRECTION('',(0.,0.,-1.));
#3263=DIRECTION('center_axis',(0.,0.,-1.));
#3264=DIRECTION('ref_axis',(0.707106781186547,0.707106781186548,0.));
#3265=DIRECTION('center_axis',(1.,0.,0.));
#3266=DIRECTION('ref_axis',(0.,1.,0.));
#3267=DIRECTION('',(0.,0.,1.));
#3268=DIRECTION('',(0.,-1.,0.));
#3269=DIRECTION('center_axis',(0.,0.,1.));
#3270=DIRECTION('ref_axis',(-0.707106781186548,-0.707106781186547,0.));
#3271=DIRECTION('',(0.,0.,-1.));
#3272=DIRECTION('center_axis',(0.,0.,-1.));
#3273=DIRECTION('ref_axis',(-0.707106781186548,-0.707106781186547,0.));
#3274=DIRECTION('',(0.,0.,1.));
#3275=DIRECTION('center_axis',(-1.,0.,0.));
#3276=DIRECTION('ref_axis',(0.,-1.,0.));
#3277=DIRECTION('',(0.,1.,0.));
#3278=DIRECTION('center_axis',(0.,0.,1.));
#3279=DIRECTION('ref_axis',(0.707106781186547,-0.707106781186547,0.));
#3280=DIRECTION('',(0.,0.,-1.));
#3281=DIRECTION('center_axis',(0.,0.,-1.));
#3282=DIRECTION('ref_axis',(0.707106781186547,-0.707106781186547,0.));
#3283=DIRECTION('center_axis',(0.,0.,1.));
#3284=DIRECTION('ref_axis',(-0.707106781186547,-0.707106781186548,0.));
#3285=DIRECTION('center_axis',(0.,0.,-1.));
#3286=DIRECTION('ref_axis',(-0.707106781186547,-0.707106781186548,0.));
#3287=DIRECTION('',(0.,0.,-1.));
#3288=DIRECTION('center_axis',(0.,0.,-1.));
#3289=DIRECTION('ref_axis',(-0.707106781186547,-0.707106781186548,0.));
#3290=DIRECTION('',(0.,0.,1.));
#3291=DIRECTION('center_axis',(-1.,0.,0.));
#3292=DIRECTION('ref_axis',(0.,-1.,0.));
#3293=DIRECTION('',(0.,-1.,0.));
#3294=DIRECTION('',(0.,0.,1.));
#3295=DIRECTION('',(0.,1.,0.));
#3296=DIRECTION('center_axis',(0.,0.,1.));
#3297=DIRECTION('ref_axis',(1.,0.,0.));
#3298=DIRECTION('',(1.,0.,0.));
#3299=DIRECTION('center_axis',(0.,0.,-1.));
#3300=DIRECTION('ref_axis',(0.707106781186547,-0.707106781186547,0.));
#3301=DIRECTION('',(0.,1.,0.));
#3302=DIRECTION('center_axis',(0.,0.,-1.));
#3303=DIRECTION('ref_axis',(0.707106781186547,0.707106781186548,0.));
#3304=DIRECTION('',(-1.,0.,0.));
#3305=DIRECTION('center_axis',(0.,0.,-1.));
#3306=DIRECTION('ref_axis',(-0.707106781186547,0.707106781186548,0.));
#3307=DIRECTION('center_axis',(0.,0.,-1.));
#3308=DIRECTION('ref_axis',(-1.,0.,0.));
#3309=DIRECTION('center_axis',(0.,0.,1.));
#3310=DIRECTION('ref_axis',(0.707106781186547,-0.707106781186547,0.));
#3311=DIRECTION('',(0.,0.,-1.));
#3312=DIRECTION('center_axis',(0.,0.,-1.));
#3313=DIRECTION('ref_axis',(0.707106781186547,-0.707106781186547,0.));
#3314=DIRECTION('',(0.,0.,1.));
#3315=DIRECTION('center_axis',(1.,0.,0.));
#3316=DIRECTION('ref_axis',(0.,1.,0.));
#3317=DIRECTION('',(0.,-1.,0.));
#3318=DIRECTION('',(0.,0.,-1.));
#3319=DIRECTION('center_axis',(0.,0.,1.));
#3320=DIRECTION('ref_axis',(-0.707106781186547,0.707106781186548,0.));
#3321=DIRECTION('',(0.,0.,-1.));
#3322=DIRECTION('center_axis',(0.,0.,-1.));
#3323=DIRECTION('ref_axis',(-0.707106781186547,0.707106781186548,0.));
#3324=DIRECTION('center_axis',(0.,0.,1.));
#3325=DIRECTION('ref_axis',(0.707106781186547,0.707106781186548,0.));
#3326=DIRECTION('center_axis',(0.,0.,-1.));
#3327=DIRECTION('ref_axis',(0.707106781186547,0.707106781186548,0.));
#3328=DIRECTION('',(0.,0.,1.));
#3329=DIRECTION('center_axis',(0.,1.,0.));
#3330=DIRECTION('ref_axis',(-1.,0.,0.));
#3331=DIRECTION('',(1.,0.,0.));
#3332=DIRECTION('center_axis',(0.,0.,1.));
#3333=DIRECTION('ref_axis',(-1.,0.,0.));
#3334=DIRECTION('center_axis',(0.,0.,-1.));
#3335=DIRECTION('ref_axis',(-1.,0.,0.));
#3336=DIRECTION('',(0.707106781186547,-8.65956056235493E-17,0.707106781186548));
#3337=DIRECTION('center_axis',(0.,0.,-1.));
#3338=DIRECTION('ref_axis',(-1.,0.,0.));
#3339=DIRECTION('center_axis',(0.,0.,-1.));
#3340=DIRECTION('ref_axis',(-1.,0.,0.));
#3341=DIRECTION('',(0.,0.,-1.));
#3342=DIRECTION('center_axis',(0.,0.,1.));
#3343=DIRECTION('ref_axis',(-1.,0.,0.));
#3344=DIRECTION('center_axis',(0.,0.,1.));
#3345=DIRECTION('ref_axis',(-1.,0.,0.));
#3346=DIRECTION('center_axis',(0.,0.,-1.));
#3347=DIRECTION('ref_axis',(-1.,0.,0.));
#3348=DIRECTION('',(0.707106781186547,-8.65956056235493E-17,0.707106781186548));
#3349=DIRECTION('center_axis',(0.,0.,-1.));
#3350=DIRECTION('ref_axis',(-1.,0.,0.));
#3351=DIRECTION('center_axis',(0.,0.,-1.));
#3352=DIRECTION('ref_axis',(-1.,0.,0.));
#3353=DIRECTION('',(0.,0.,-1.));
#3354=DIRECTION('center_axis',(0.,0.,1.));
#3355=DIRECTION('ref_axis',(-1.,0.,0.));
#3356=DIRECTION('center_axis',(0.,0.,-1.));
#3357=DIRECTION('ref_axis',(-1.,0.,0.));
#3358=DIRECTION('',(0.,0.,-1.));
#3359=DIRECTION('center_axis',(0.,0.,-1.));
#3360=DIRECTION('ref_axis',(-1.,0.,0.));
#3361=DIRECTION('',(0.,0.,-1.));
#3362=DIRECTION('center_axis',(0.,-1.,0.));
#3363=DIRECTION('ref_axis',(1.,0.,0.));
#3364=DIRECTION('',(-1.,0.,0.));
#3365=DIRECTION('center_axis',(0.,-1.,0.));
#3366=DIRECTION('ref_axis',(1.,0.,0.));
#3367=DIRECTION('',(-1.,0.,0.));
#3368=DIRECTION('center_axis',(-0.707106781186549,-0.707106781186546,0.));
#3369=DIRECTION('ref_axis',(0.,0.,1.));
#3370=DIRECTION('',(0.,0.,1.));
#3371=DIRECTION('',(-0.577350269189625,0.577350269189628,-0.577350269189625));
#3372=DIRECTION('',(0.,0.,-1.));
#3373=DIRECTION('',(0.577350269189627,-0.577350269189627,-0.577350269189624));
#3374=DIRECTION('center_axis',(0.,-0.707106781186546,-0.707106781186549));
#3375=DIRECTION('ref_axis',(-1.,0.,0.));
#3376=DIRECTION('',(1.,0.,0.));
#3377=DIRECTION('',(-1.,0.,0.));
#3378=DIRECTION('',(-0.577350269189628,-0.577350269189626,0.577350269189623));
#3379=DIRECTION('center_axis',(0.,-0.707106781186546,0.707106781186549));
#3380=DIRECTION('ref_axis',(1.,0.,0.));
#3381=DIRECTION('',(1.,0.,0.));
#3382=DIRECTION('',(-1.,0.,0.));
#3383=DIRECTION('',(-0.577350269189628,-0.577350269189626,-0.577350269189623));
#3384=DIRECTION('center_axis',(0.707106781186547,-0.707106781186548,1.96261557335472E-16));
#3385=DIRECTION('ref_axis',(2.77555756156289E-16,0.,-1.));
#3386=DIRECTION('',(2.77555756156289E-16,0.,-1.));
#3387=DIRECTION('',(-2.77555756156289E-16,0.,1.));
#3388=DIRECTION('center_axis',(0.,0.,-1.));
#3389=DIRECTION('ref_axis',(1.,0.,0.));
#3390=DIRECTION('',(0.,-1.,0.));
#3391=DIRECTION('',(1.,0.,0.));
#3392=DIRECTION('',(0.,-1.,0.));
#3393=DIRECTION('center_axis',(1.,0.,0.));
#3394=DIRECTION('ref_axis',(0.,0.,1.));
#3395=DIRECTION('',(0.,-1.,0.));
#3396=DIRECTION('',(0.,0.,1.));
#3397=DIRECTION('center_axis',(0.,-1.,0.));
#3398=DIRECTION('ref_axis',(1.,0.,0.));
#3399=DIRECTION('',(0.,0.,1.));
#3400=DIRECTION('',(-1.,0.,0.));
#3401=DIRECTION('',(0.,0.,-1.));
#3402=DIRECTION('',(1.,0.,0.));
#3403=DIRECTION('center_axis',(-0.707106781186548,0.707106781186548,0.));
#3404=DIRECTION('ref_axis',(0.,0.,1.));
#3405=DIRECTION('',(0.,0.,1.));
#3406=DIRECTION('',(0.707106781186548,0.707106781186548,0.));
#3407=DIRECTION('',(0.,0.,-1.));
#3408=DIRECTION('',(-0.577350269189626,-0.577350269189626,0.577350269189625));
#3409=DIRECTION('center_axis',(0.,0.707106781186547,0.707106781186548));
#3410=DIRECTION('ref_axis',(1.,0.,0.));
#3411=DIRECTION('',(-1.,0.,0.));
#3412=DIRECTION('',(0.57735026918963,-0.577350269189624,0.577350269189624));
#3413=DIRECTION('center_axis',(0.707106781186544,0.707106781186551,1.96261557335471E-16));
#3414=DIRECTION('ref_axis',(2.77555756156289E-16,0.,-1.));
#3415=DIRECTION('',(-2.77555756156289E-16,0.,1.));
#3416=DIRECTION('',(0.707106781186551,-0.707106781186544,0.));
#3417=DIRECTION('',(0.,0.,-1.));
#3418=DIRECTION('',(2.77555756156289E-16,0.,-1.));
#3419=DIRECTION('center_axis',(-1.,0.,-2.77555756156289E-16));
#3420=DIRECTION('ref_axis',(2.77555756156289E-16,0.,-1.));
#3421=DIRECTION('',(0.,-1.,0.));
#3422=DIRECTION('center_axis',(0.,-1.,0.));
#3423=DIRECTION('ref_axis',(0.,0.,-1.));
#3424=DIRECTION('',(1.,0.,0.));
#3425=DIRECTION('',(-1.,0.,0.));
#3426=DIRECTION('center_axis',(0.,1.,0.));
#3427=DIRECTION('ref_axis',(-1.,0.,0.));
#3428=DIRECTION('',(-1.,0.,0.));
#3429=DIRECTION('',(0.,0.,1.));
#3430=DIRECTION('',(1.,0.,0.));
#3431=DIRECTION('',(0.,0.,-1.));
#3432=DIRECTION('',(-1.,0.,0.));
#3433=DIRECTION('center_axis',(0.,0.,1.));
#3434=DIRECTION('ref_axis',(1.,0.,0.));
#3435=DIRECTION('center_axis',(0.,0.,1.));
#3436=DIRECTION('ref_axis',(-0.707106781186548,-0.707106781186548,0.));
#3437=DIRECTION('',(3.77948263702181E-16,1.,0.));
#3438=DIRECTION('',(1.,-6.72862439166761E-16,0.));
#3439=DIRECTION('',(-1.67580833905684E-16,-1.,0.));
#3440=DIRECTION('center_axis',(0.,0.,-1.));
#3441=DIRECTION('ref_axis',(-0.707106781186549,-0.707106781186546,0.));
#3442=DIRECTION('center_axis',(0.,0.,-1.));
#3443=DIRECTION('ref_axis',(0.707106781186549,-0.707106781186546,0.));
#3444=DIRECTION('',(-1.67580833905684E-16,1.,0.));
#3445=DIRECTION('',(1.,-6.72862439166763E-16,0.));
#3446=DIRECTION('',(-3.77948263702181E-16,-1.,0.));
#3447=DIRECTION('center_axis',(0.,0.,1.));
#3448=DIRECTION('ref_axis',(0.707106781186544,-0.707106781186551,0.));
#3449=DIRECTION('center_axis',(1.,-6.72862439166763E-16,0.));
#3450=DIRECTION('ref_axis',(0.,0.707106781186547,-0.707106781186548));
#3451=DIRECTION('center_axis',(-1.,3.77948263702181E-16,0.));
#3452=DIRECTION('ref_axis',(0.,0.707106781186547,-0.707106781186548));
#3453=DIRECTION('',(1.,-6.72862439166763E-16,0.));
#3454=DIRECTION('center_axis',(1.,1.67580833905684E-16,0.));
#3455=DIRECTION('ref_axis',(0.,0.707106781186547,-0.707106781186548));
#3456=DIRECTION('',(-1.,6.72862439166763E-16,0.));
#3457=DIRECTION('center_axis',(0.,0.,-1.));
#3458=DIRECTION('ref_axis',(3.77948263702181E-16,1.,0.));
#3459=DIRECTION('',(3.77948263702181E-16,1.,0.));
#3460=DIRECTION('',(-1.,6.72862439166763E-16,0.));
#3461=DIRECTION('',(1.67580833905684E-16,-1.,0.));
#3462=DIRECTION('center_axis',(1.,-6.72862439166763E-16,0.));
#3463=DIRECTION('ref_axis',(0.,-0.707106781186548,-0.707106781186548));
#3464=DIRECTION('center_axis',(-1.,3.77948263702181E-16,0.));
#3465=DIRECTION('ref_axis',(0.,-0.707106781186548,-0.707106781186548));
#3466=DIRECTION('',(1.,-6.72862439166763E-16,0.));
#3467=DIRECTION('center_axis',(1.,1.67580833905684E-16,0.));
#3468=DIRECTION('ref_axis',(0.,-0.707106781186548,-0.707106781186548));
#3469=DIRECTION('center_axis',(-6.72862439166763E-16,-1.,0.));
#3470=DIRECTION('ref_axis',(0.,0.,-1.));
#3471=DIRECTION('',(0.,0.,-1.));
#3472=DIRECTION('',(-1.,6.72862439166763E-16,0.));
#3473=DIRECTION('',(0.,0.,1.));
#3474=DIRECTION('center_axis',(-1.,6.72862439166761E-16,0.));
#3475=DIRECTION('ref_axis',(0.,-0.707106781186548,-0.707106781186548));
#3476=DIRECTION('center_axis',(1.,-3.77948263702181E-16,0.));
#3477=DIRECTION('ref_axis',(0.,-0.707106781186548,-0.707106781186548));
#3478=DIRECTION('',(-1.,6.72862439166761E-16,0.));
#3479=DIRECTION('center_axis',(-1.,1.67580833905684E-16,0.));
#3480=DIRECTION('ref_axis',(0.,-0.707106781186548,-0.707106781186548));
#3481=DIRECTION('',(1.,-6.72862439166761E-16,0.));
#3482=DIRECTION('center_axis',(0.,0.,-1.));
#3483=DIRECTION('ref_axis',(-3.77948263702181E-16,-1.,0.));
#3484=DIRECTION('',(-3.77948263702181E-16,-1.,0.));
#3485=DIRECTION('',(1.,-6.72862439166761E-16,0.));
#3486=DIRECTION('',(1.67580833905684E-16,1.,0.));
#3487=DIRECTION('center_axis',(-1.,6.72862439166761E-16,0.));
#3488=DIRECTION('ref_axis',(0.,0.707106781186548,-0.707106781186548));
#3489=DIRECTION('center_axis',(1.,-3.77948263702181E-16,0.));
#3490=DIRECTION('ref_axis',(0.,0.707106781186548,-0.707106781186548));
#3491=DIRECTION('',(-1.,6.72862439166761E-16,0.));
#3492=DIRECTION('center_axis',(-1.,1.67580833905684E-16,0.));
#3493=DIRECTION('ref_axis',(0.,0.707106781186548,-0.707106781186548));
#3494=DIRECTION('center_axis',(6.72862439166761E-16,1.,0.));
#3495=DIRECTION('ref_axis',(0.,0.,-1.));
#3496=DIRECTION('',(0.,0.,-1.));
#3497=DIRECTION('',(1.,-6.72862439166761E-16,0.));
#3498=DIRECTION('',(0.,0.,1.));
#3499=DIRECTION('center_axis',(1.,-6.72862439166761E-16,0.));
#3500=DIRECTION('ref_axis',(-1.57009245868377E-15,-0.707106781186547,0.707106781186548));
#3501=DIRECTION('center_axis',(-1.,3.77948263702181E-16,0.));
#3502=DIRECTION('ref_axis',(-1.57009245868377E-15,-0.707106781186547,0.707106781186548));
#3503=DIRECTION('',(-1.,6.72862439166761E-16,0.));
#3504=DIRECTION('center_axis',(1.,-1.67580833905684E-16,0.));
#3505=DIRECTION('ref_axis',(-1.57009245868377E-15,-0.707106781186547,0.707106781186548));
#3506=DIRECTION('center_axis',(0.,0.,1.));
#3507=DIRECTION('ref_axis',(1.,0.,0.));
#3508=DIRECTION('',(3.77948263702181E-16,1.,0.));
#3509=DIRECTION('center_axis',(0.,0.,1.));
#3510=DIRECTION('ref_axis',(-0.707106781186538,0.707106781186557,0.));
#3511=DIRECTION('',(1.,0.,0.));
#3512=DIRECTION('',(0.,-1.,0.));
#3513=DIRECTION('',(-1.,0.,0.));
#3514=DIRECTION('center_axis',(0.,0.,-1.));
#3515=DIRECTION('ref_axis',(-0.707106781186547,0.707106781186548,0.));
#3516=DIRECTION('',(-1.67580833905684E-16,-1.,0.));
#3517=DIRECTION('center_axis',(1.,-3.77948263702181E-16,0.));
#3518=DIRECTION('ref_axis',(3.77948263702181E-16,1.,0.));
#3519=DIRECTION('',(0.,0.,1.));
#3520=DIRECTION('center_axis',(-1.,3.77948263702181E-16,0.));
#3521=DIRECTION('ref_axis',(0.,0.707106781186547,0.707106781186548));
#3522=DIRECTION('',(0.,0.,1.));
#3523=DIRECTION('',(-3.77948263702181E-16,-1.,0.));
#3524=DIRECTION('',(0.,0.,-1.));
#3525=DIRECTION('center_axis',(0.,1.,0.));
#3526=DIRECTION('ref_axis',(0.707106781186548,0.,0.707106781186548));
#3527=DIRECTION('center_axis',(0.,-1.,0.));
#3528=DIRECTION('ref_axis',(0.707106781186548,0.,0.707106781186548));
#3529=DIRECTION('center_axis',(0.,1.,0.));
#3530=DIRECTION('ref_axis',(0.707106781186548,0.,0.707106781186548));
#3531=DIRECTION('',(0.,1.,0.));
#3532=DIRECTION('center_axis',(-1.,0.,0.));
#3533=DIRECTION('ref_axis',(0.,0.,1.));
#3534=DIRECTION('',(0.,0.,1.));
#3535=DIRECTION('',(0.,1.,0.));
#3536=DIRECTION('',(0.,0.,-1.));
#3537=DIRECTION('center_axis',(0.,-1.,0.));
#3538=DIRECTION('ref_axis',(1.,0.,0.));
#3539=DIRECTION('',(0.,0.,1.));
#3540=DIRECTION('',(-1.,0.,0.));
#3541=DIRECTION('',(0.,0.,-1.));
#3542=DIRECTION('',(1.,0.,0.));
#3543=DIRECTION('center_axis',(0.,1.,0.));
#3544=DIRECTION('ref_axis',(-0.707106781186548,0.,0.707106781186548));
#3545=DIRECTION('',(0.,0.,-1.));
#3546=DIRECTION('',(-1.,0.,0.));
#3547=DIRECTION('center_axis',(-1.,6.72862439166761E-16,0.));
#3548=DIRECTION('ref_axis',(0.,0.707106781186547,0.707106781186548));
#3549=DIRECTION('center_axis',(1.,-1.67580833905684E-16,0.));
#3550=DIRECTION('ref_axis',(0.,0.707106781186547,0.707106781186548));
#3551=DIRECTION('',(-1.,6.72862439166761E-16,0.));
#3552=DIRECTION('center_axis',(0.,-1.,0.));
#3553=DIRECTION('ref_axis',(-0.707106781186548,0.,0.707106781186548));
#3554=DIRECTION('',(0.,1.,0.));
#3555=DIRECTION('center_axis',(0.,-1.,0.));
#3556=DIRECTION('ref_axis',(-0.707106781186548,0.,0.707106781186548));
#3557=DIRECTION('',(0.,-1.,0.));
#3558=DIRECTION('center_axis',(0.,0.,1.));
#3559=DIRECTION('ref_axis',(1.,0.,0.));
#3560=DIRECTION('center_axis',(0.,0.,1.));
#3561=DIRECTION('ref_axis',(0.707106781186548,0.707106781186548,0.));
#3562=DIRECTION('',(-3.77948263702181E-16,-1.,0.));
#3563=DIRECTION('',(-1.,6.72862439166763E-16,0.));
#3564=DIRECTION('',(-1.67580833905684E-16,1.,0.));
#3565=DIRECTION('center_axis',(0.,0.,-1.));
#3566=DIRECTION('ref_axis',(0.707106781186547,0.707106781186548,0.));
#3567=DIRECTION('',(-1.,0.,0.));
#3568=DIRECTION('center_axis',(1.,-6.72862439166763E-16,0.));
#3569=DIRECTION('ref_axis',(-1.57009245868377E-15,-0.707106781186547,0.707106781186548));
#3570=DIRECTION('center_axis',(-1.,-1.67580833905684E-16,0.));
#3571=DIRECTION('ref_axis',(-1.57009245868377E-15,-0.707106781186547,0.707106781186548));
#3572=DIRECTION('center_axis',(1.,-3.77948263702181E-16,0.));
#3573=DIRECTION('ref_axis',(-1.57009245868377E-15,-0.707106781186547,0.707106781186548));
#3574=DIRECTION('',(1.,-6.72862439166763E-16,0.));
#3575=DIRECTION('center_axis',(6.72862439166763E-16,1.,0.));
#3576=DIRECTION('ref_axis',(0.,0.,1.));
#3577=DIRECTION('',(0.,0.,-1.));
#3578=DIRECTION('',(0.,0.,1.));
#3579=DIRECTION('center_axis',(-1.,3.77948263702181E-16,0.));
#3580=DIRECTION('ref_axis',(-3.77948263702181E-16,-1.,0.));
#3581=DIRECTION('',(0.,0.,1.));
#3582=DIRECTION('',(3.77948263702181E-16,1.,0.));
#3583=DIRECTION('',(0.,0.,-1.));
#3584=DIRECTION('center_axis',(1.,-3.77948263702181E-16,0.));
#3585=DIRECTION('ref_axis',(1.57009245868377E-15,0.707106781186547,0.707106781186548));
#3586=DIRECTION('center_axis',(-1.,6.72862439166763E-16,0.));
#3587=DIRECTION('ref_axis',(1.57009245868377E-15,0.707106781186547,0.707106781186548));
#3588=DIRECTION('center_axis',(-1.,-1.67580833905684E-16,0.));
#3589=DIRECTION('ref_axis',(1.57009245868377E-15,0.707106781186547,0.707106781186548));
#3590=DIRECTION('center_axis',(0.,0.,1.));
#3591=DIRECTION('ref_axis',(0.707106781186544,-0.707106781186551,0.));
#3592=DIRECTION('center_axis',(0.,0.,1.));
#3593=DIRECTION('ref_axis',(0.707106781186544,-0.707106781186551,0.));
#3594=DIRECTION('center_axis',(0.,0.,1.));
#3595=DIRECTION('ref_axis',(0.707106781186548,0.707106781186548,0.));
#3596=DIRECTION('center_axis',(0.,0.,1.));
#3597=DIRECTION('ref_axis',(0.707106781186548,0.707106781186548,0.));
#3598=DIRECTION('center_axis',(0.,0.,1.));
#3599=DIRECTION('ref_axis',(-0.707106781186538,0.707106781186557,0.));
#3600=DIRECTION('center_axis',(0.,0.,1.));
#3601=DIRECTION('ref_axis',(-0.707106781186538,0.707106781186557,0.));
#3602=DIRECTION('center_axis',(0.,0.,1.));
#3603=DIRECTION('ref_axis',(-0.707106781186548,-0.707106781186548,0.));
#3604=DIRECTION('center_axis',(0.,0.,1.));
#3605=DIRECTION('ref_axis',(-0.707106781186548,-0.707106781186548,0.));
#3606=DIRECTION('center_axis',(0.,0.,1.));
#3607=DIRECTION('ref_axis',(-0.707106781186549,-0.707106781186546,0.));
#3608=DIRECTION('',(0.,0.,-1.));
#3609=DIRECTION('center_axis',(0.,0.,1.));
#3610=DIRECTION('ref_axis',(-0.707106781186549,-0.707106781186546,0.));
#3611=DIRECTION('center_axis',(0.,0.,1.));
#3612=DIRECTION('ref_axis',(-0.707106781186547,0.707106781186548,0.));
#3613=DIRECTION('',(0.,0.,-1.));
#3614=DIRECTION('center_axis',(0.,0.,1.));
#3615=DIRECTION('ref_axis',(-0.707106781186547,0.707106781186548,0.));
#3616=DIRECTION('',(0.,0.,1.));
#3617=DIRECTION('center_axis',(-1.,1.67580833905684E-16,0.));
#3618=DIRECTION('ref_axis',(-1.67580833905684E-16,-1.,0.));
#3619=DIRECTION('',(1.67580833905684E-16,1.,0.));
#3620=DIRECTION('',(0.,0.,-1.));
#3621=DIRECTION('center_axis',(0.,0.,1.));
#3622=DIRECTION('ref_axis',(0.707106781186549,-0.707106781186546,0.));
#3623=DIRECTION('center_axis',(0.,0.,1.));
#3624=DIRECTION('ref_axis',(0.707106781186549,-0.707106781186546,0.));
#3625=DIRECTION('',(0.,0.,1.));
#3626=DIRECTION('center_axis',(0.,0.,1.));
#3627=DIRECTION('ref_axis',(0.707106781186547,0.707106781186548,0.));
#3628=DIRECTION('',(0.,0.,-1.));
#3629=DIRECTION('center_axis',(0.,0.,1.));
#3630=DIRECTION('ref_axis',(0.707106781186547,0.707106781186548,0.));
#3631=DIRECTION('',(0.,0.,1.));
#3632=DIRECTION('center_axis',(0.,1.,0.));
#3633=DIRECTION('ref_axis',(-1.,0.,0.));
#3634=DIRECTION('',(1.,0.,0.));
#3635=DIRECTION('',(0.,0.,1.));
#3636=DIRECTION('',(1.,0.,0.));
#3637=DIRECTION('center_axis',(0.,0.,-1.));
#3638=DIRECTION('ref_axis',(-1.,0.,0.));
#3639=DIRECTION('',(0.,1.,0.));
#3640=DIRECTION('center_axis',(1.,0.,0.));
#3641=DIRECTION('ref_axis',(0.,0.,-1.));
#3642=DIRECTION('center_axis',(-6.72862439166761E-16,-1.,0.));
#3643=DIRECTION('ref_axis',(0.,0.,1.));
#3644=DIRECTION('center_axis',(0.,0.,1.));
#3645=DIRECTION('ref_axis',(-1.,0.,0.));
#3646=DIRECTION('center_axis',(1.,1.67580833905684E-16,0.));
#3647=DIRECTION('ref_axis',(-1.67580833905684E-16,1.,0.));
#3648=DIRECTION('',(1.67580833905684E-16,-1.,0.));
#3649=DIRECTION('center_axis',(0.,0.,1.));
#3650=DIRECTION('ref_axis',(1.,0.,0.));
#3651=DIRECTION('center_axis',(0.,0.,1.));
#3652=DIRECTION('ref_axis',(1.,0.,0.));
#3653=DIRECTION('center_axis',(0.50130451283707,0.865270931794885,0.));
#3654=DIRECTION('ref_axis',(-0.865270931794885,0.50130451283707,0.));
#3655=DIRECTION('',(-0.865270931794885,0.50130451283707,0.));
#3656=DIRECTION('',(0.,0.,1.));
#3657=DIRECTION('',(-0.865270931794885,0.50130451283707,0.));
#3658=DIRECTION('',(0.,0.,1.));
#3659=DIRECTION('center_axis',(-0.498694351672067,0.866777909046128,0.));
#3660=DIRECTION('ref_axis',(-0.866777909046128,-0.498694351672067,0.));
#3661=DIRECTION('',(-0.866777909046128,-0.498694351672067,0.));
#3662=DIRECTION('',(-0.866777909046128,-0.498694351672067,0.));
#3663=DIRECTION('',(0.,0.,1.));
#3664=DIRECTION('center_axis',(-0.999998864509138,0.00150697725124276,0.));
#3665=DIRECTION('ref_axis',(-0.00150697725124276,-0.999998864509137,0.));
#3666=DIRECTION('',(-0.00150697725124276,-0.999998864509137,0.));
#3667=DIRECTION('',(-0.00150697725124276,-0.999998864509137,0.));
#3668=DIRECTION('',(0.,0.,1.));
#3669=DIRECTION('center_axis',(-0.501304512837067,-0.865270931794887,0.));
#3670=DIRECTION('ref_axis',(0.865270931794887,-0.501304512837067,0.));
#3671=DIRECTION('',(0.865270931794887,-0.501304512837067,0.));
#3672=DIRECTION('',(0.865270931794887,-0.501304512837067,0.));
#3673=DIRECTION('',(0.,0.,1.));
#3674=DIRECTION('center_axis',(0.999998864509138,-0.00150697725124276,0.));
#3675=DIRECTION('ref_axis',(0.00150697725124276,0.999998864509137,0.));
#3676=DIRECTION('',(0.00150697725124276,0.999998864509137,0.));
#3677=DIRECTION('',(0.,0.,1.));
#3678=DIRECTION('',(0.00150697725124276,0.999998864509137,0.));
#3679=DIRECTION('center_axis',(0.498694351672064,-0.866777909046129,0.));
#3680=DIRECTION('ref_axis',(0.866777909046129,0.498694351672064,0.));
#3681=DIRECTION('',(0.866777909046129,0.498694351672064,0.));
#3682=DIRECTION('',(0.866777909046129,0.498694351672064,0.));
#3683=DIRECTION('center_axis',(0.,0.,-1.));
#3684=DIRECTION('ref_axis',(1.,0.,0.));
#3685=DIRECTION('center_axis',(0.,0.,-1.));
#3686=DIRECTION('ref_axis',(-1.,0.,0.));
#3687=DIRECTION('center_axis',(0.,0.,1.));
#3688=DIRECTION('ref_axis',(-1.,0.,0.));
#3689=DIRECTION('center_axis',(0.,0.,-1.));
#3690=DIRECTION('ref_axis',(-1.,0.,0.));
#3691=DIRECTION('',(0.,0.,-1.));
#3692=DIRECTION('center_axis',(1.,-3.77948263702181E-16,0.));
#3693=DIRECTION('ref_axis',(3.77948263702181E-16,1.,0.));
#3694=DIRECTION('',(3.77948263702181E-16,1.,0.));
#3695=DIRECTION('',(0.,0.,1.));
#3696=DIRECTION('',(3.77948263702181E-16,1.,0.));
#3697=DIRECTION('',(0.,0.,1.));
#3698=DIRECTION('center_axis',(0.,-1.,0.));
#3699=DIRECTION('ref_axis',(1.,0.,0.));
#3700=DIRECTION('',(1.,0.,0.));
#3701=DIRECTION('',(1.,0.,0.));
#3702=DIRECTION('',(0.,0.,1.));
#3703=DIRECTION('center_axis',(0.,0.,1.));
#3704=DIRECTION('ref_axis',(-1.,0.,0.));
#3705=DIRECTION('center_axis',(0.,0.,1.));
#3706=DIRECTION('ref_axis',(-1.,0.,0.));
#3707=DIRECTION('center_axis',(0.,0.,1.));
#3708=DIRECTION('ref_axis',(-1.,0.,0.));
#3709=DIRECTION('center_axis',(0.,0.,1.));
#3710=DIRECTION('ref_axis',(-1.,0.,0.));
#3711=DIRECTION('center_axis',(0.,0.,1.));
#3712=DIRECTION('ref_axis',(-1.,0.,0.));
#3713=DIRECTION('center_axis',(0.501304512837067,-0.865270931794887,0.));
#3714=DIRECTION('ref_axis',(0.865270931794887,0.501304512837067,0.));
#3715=DIRECTION('',(0.865270931794887,0.501304512837067,0.));
#3716=DIRECTION('',(0.,0.,1.));
#3717=DIRECTION('',(0.865270931794887,0.501304512837067,0.));
#3718=DIRECTION('',(0.,0.,1.));
#3719=DIRECTION('center_axis',(0.999998864509138,0.00150697725124276,0.));
#3720=DIRECTION('ref_axis',(-0.00150697725124276,0.999998864509137,0.));
#3721=DIRECTION('',(-0.00150697725124276,0.999998864509137,0.));
#3722=DIRECTION('',(-0.00150697725124276,0.999998864509137,0.));
#3723=DIRECTION('',(0.,0.,1.));
#3724=DIRECTION('center_axis',(0.498694351672067,0.866777909046128,0.));
#3725=DIRECTION('ref_axis',(-0.866777909046128,0.498694351672067,0.));
#3726=DIRECTION('',(-0.866777909046128,0.498694351672067,0.));
#3727=DIRECTION('',(-0.866777909046128,0.498694351672067,0.));
#3728=DIRECTION('',(0.,0.,1.));
#3729=DIRECTION('center_axis',(-0.50130451283707,0.865270931794885,0.));
#3730=DIRECTION('ref_axis',(-0.865270931794885,-0.50130451283707,0.));
#3731=DIRECTION('',(-0.865270931794885,-0.50130451283707,0.));
#3732=DIRECTION('',(-0.865270931794885,-0.50130451283707,0.));
#3733=DIRECTION('',(0.,0.,1.));
#3734=DIRECTION('center_axis',(-0.498694351672064,-0.866777909046129,0.));
#3735=DIRECTION('ref_axis',(0.866777909046129,-0.498694351672064,0.));
#3736=DIRECTION('',(0.866777909046129,-0.498694351672064,0.));
#3737=DIRECTION('',(0.,0.,1.));
#3738=DIRECTION('',(0.866777909046129,-0.498694351672064,0.));
#3739=DIRECTION('center_axis',(-0.999998864509138,-0.00150697725124276,
0.));
#3740=DIRECTION('ref_axis',(0.00150697725124276,-0.999998864509137,0.));
#3741=DIRECTION('',(0.00150697725124276,-0.999998864509137,0.));
#3742=DIRECTION('',(0.00150697725124276,-0.999998864509137,0.));
#3743=DIRECTION('center_axis',(0.,0.,-1.));
#3744=DIRECTION('ref_axis',(1.,0.,0.));
#3745=DIRECTION('center_axis',(0.,0.,-1.));
#3746=DIRECTION('ref_axis',(1.,0.,0.));
#3747=DIRECTION('center_axis',(0.,0.,-1.));
#3748=DIRECTION('ref_axis',(1.,0.,0.));
#3749=DIRECTION('center_axis',(0.,0.,1.));
#3750=DIRECTION('ref_axis',(1.,0.,0.));
#3751=DIRECTION('',(0.,0.,-1.));
#3752=DIRECTION('center_axis',(1.,3.77948263702181E-16,0.));
#3753=DIRECTION('ref_axis',(-3.77948263702181E-16,1.,0.));
#3754=DIRECTION('',(-3.77948263702181E-16,1.,0.));
#3755=DIRECTION('',(0.,0.,1.));
#3756=DIRECTION('',(-3.77948263702181E-16,1.,0.));
#3757=DIRECTION('',(0.,0.,1.));
#3758=DIRECTION('center_axis',(0.,1.,0.));
#3759=DIRECTION('ref_axis',(-1.,0.,0.));
#3760=DIRECTION('',(-1.,0.,0.));
#3761=DIRECTION('',(0.,0.,1.));
#3762=DIRECTION('',(-1.,0.,0.));
#3763=DIRECTION('center_axis',(0.,0.,-1.));
#3764=DIRECTION('ref_axis',(1.,0.,0.));
#3765=DIRECTION('center_axis',(0.,0.,-1.));
#3766=DIRECTION('ref_axis',(1.,0.,0.));
#3767=DIRECTION('center_axis',(0.,0.,-1.));
#3768=DIRECTION('ref_axis',(1.,0.,0.));
#3769=DIRECTION('center_axis',(0.,0.,-1.));
#3770=DIRECTION('ref_axis',(1.,0.,0.));
#3771=DIRECTION('center_axis',(0.,0.,-1.));
#3772=DIRECTION('ref_axis',(1.,0.,0.));
#3773=DIRECTION('center_axis',(-0.999998864509138,-0.00150697725124276,
0.));
#3774=DIRECTION('ref_axis',(0.00150697725124276,-0.999998864509137,0.));
#3775=DIRECTION('',(0.00150697725124276,-0.999998864509137,0.));
#3776=DIRECTION('',(0.,0.,1.));
#3777=DIRECTION('',(0.00150697725124276,-0.999998864509137,0.));
#3778=DIRECTION('',(0.,0.,1.));
#3779=DIRECTION('center_axis',(-0.498694351672067,-0.866777909046128,0.));
#3780=DIRECTION('ref_axis',(0.866777909046128,-0.498694351672067,0.));
#3781=DIRECTION('',(0.866777909046128,-0.498694351672067,0.));
#3782=DIRECTION('',(0.866777909046128,-0.498694351672067,0.));
#3783=DIRECTION('',(0.,0.,1.));
#3784=DIRECTION('center_axis',(0.50130451283707,-0.865270931794885,0.));
#3785=DIRECTION('ref_axis',(0.865270931794885,0.50130451283707,0.));
#3786=DIRECTION('',(0.865270931794885,0.50130451283707,0.));
#3787=DIRECTION('',(0.865270931794885,0.50130451283707,0.));
#3788=DIRECTION('',(0.,0.,1.));
#3789=DIRECTION('center_axis',(0.999998864509138,0.00150697725124276,0.));
#3790=DIRECTION('ref_axis',(-0.00150697725124276,0.999998864509137,0.));
#3791=DIRECTION('',(-0.00150697725124276,0.999998864509137,0.));
#3792=DIRECTION('',(-0.00150697725124276,0.999998864509137,0.));
#3793=DIRECTION('',(0.,0.,1.));
#3794=DIRECTION('center_axis',(-0.501304512837067,0.865270931794887,0.));
#3795=DIRECTION('ref_axis',(-0.865270931794887,-0.501304512837067,0.));
#3796=DIRECTION('',(-0.865270931794887,-0.501304512837067,0.));
#3797=DIRECTION('',(0.,0.,1.));
#3798=DIRECTION('',(-0.865270931794887,-0.501304512837067,0.));
#3799=DIRECTION('center_axis',(0.498694351672064,0.866777909046129,0.));
#3800=DIRECTION('ref_axis',(-0.866777909046129,0.498694351672064,0.));
#3801=DIRECTION('',(-0.866777909046129,0.498694351672064,0.));
#3802=DIRECTION('',(-0.866777909046129,0.498694351672064,0.));
#3803=DIRECTION('center_axis',(0.,0.,-1.));
#3804=DIRECTION('ref_axis',(1.,0.,0.));
#3805=DIRECTION('center_axis',(0.,0.,-1.));
#3806=DIRECTION('ref_axis',(-1.,0.,0.));
#3807=DIRECTION('center_axis',(0.,0.,-1.));
#3808=DIRECTION('ref_axis',(-1.,0.,0.));
#3809=DIRECTION('center_axis',(0.,0.,1.));
#3810=DIRECTION('ref_axis',(-1.,0.,0.));
#3811=DIRECTION('',(0.,0.,-1.));
#3812=DIRECTION('center_axis',(-1.,-3.77948263702181E-16,0.));
#3813=DIRECTION('ref_axis',(3.77948263702181E-16,-1.,0.));
#3814=DIRECTION('',(3.77948263702181E-16,-1.,0.));
#3815=DIRECTION('',(0.,0.,1.));
#3816=DIRECTION('',(3.77948263702181E-16,-1.,0.));
#3817=DIRECTION('',(0.,0.,1.));
#3818=DIRECTION('center_axis',(0.,-1.,0.));
#3819=DIRECTION('ref_axis',(1.,0.,0.));
#3820=DIRECTION('',(1.,0.,0.));
#3821=DIRECTION('',(0.,0.,1.));
#3822=DIRECTION('',(1.,0.,0.));
#3823=DIRECTION('center_axis',(0.,0.,-1.));
#3824=DIRECTION('ref_axis',(-1.,0.,0.));
#3825=DIRECTION('center_axis',(0.,0.,-1.));
#3826=DIRECTION('ref_axis',(-1.,0.,0.));
#3827=DIRECTION('center_axis',(0.,0.,-1.));
#3828=DIRECTION('ref_axis',(-1.,0.,0.));
#3829=DIRECTION('center_axis',(0.,0.,-1.));
#3830=DIRECTION('ref_axis',(-1.,0.,0.));
#3831=DIRECTION('center_axis',(0.,0.,-1.));
#3832=DIRECTION('ref_axis',(-1.,0.,0.));
#3833=DIRECTION('center_axis',(0.498694351672068,-0.866777909046127,0.));
#3834=DIRECTION('ref_axis',(0.866777909046127,0.498694351672068,0.));
#3835=DIRECTION('',(0.866777909046127,0.498694351672068,0.));
#3836=DIRECTION('',(0.,0.,1.));
#3837=DIRECTION('',(0.866777909046127,0.498694351672068,0.));
#3838=DIRECTION('',(0.,0.,1.));
#3839=DIRECTION('center_axis',(0.999998864509138,-0.00150697725124545,0.));
#3840=DIRECTION('ref_axis',(0.00150697725124545,0.999998864509137,0.));
#3841=DIRECTION('',(0.00150697725124545,0.999998864509137,0.));
#3842=DIRECTION('',(0.00150697725124545,0.999998864509137,0.));
#3843=DIRECTION('',(0.,0.,1.));
#3844=DIRECTION('center_axis',(0.501304512837067,0.865270931794887,0.));
#3845=DIRECTION('ref_axis',(-0.865270931794887,0.501304512837067,0.));
#3846=DIRECTION('',(-0.865270931794887,0.501304512837067,0.));
#3847=DIRECTION('',(-0.865270931794887,0.501304512837067,0.));
#3848=DIRECTION('',(0.,0.,1.));
#3849=DIRECTION('center_axis',(-0.498694351672063,0.86677790904613,0.));
#3850=DIRECTION('ref_axis',(-0.86677790904613,-0.498694351672063,0.));
#3851=DIRECTION('',(-0.86677790904613,-0.498694351672063,0.));
#3852=DIRECTION('',(-0.86677790904613,-0.498694351672063,0.));
#3853=DIRECTION('',(0.,0.,1.));
#3854=DIRECTION('center_axis',(-0.50130451283707,-0.865270931794885,0.));
#3855=DIRECTION('ref_axis',(0.865270931794885,-0.50130451283707,0.));
#3856=DIRECTION('',(0.865270931794885,-0.50130451283707,0.));
#3857=DIRECTION('',(0.,0.,1.));
#3858=DIRECTION('',(0.865270931794885,-0.50130451283707,0.));
#3859=DIRECTION('center_axis',(-0.999998864509138,0.00150697725124006,0.));
#3860=DIRECTION('ref_axis',(-0.00150697725124006,-0.999998864509137,0.));
#3861=DIRECTION('',(-0.00150697725124006,-0.999998864509137,0.));
#3862=DIRECTION('',(-0.00150697725124006,-0.999998864509137,0.));
#3863=DIRECTION('center_axis',(0.,0.,-1.));
#3864=DIRECTION('ref_axis',(1.,0.,0.));
#3865=DIRECTION('center_axis',(0.,0.,-1.));
#3866=DIRECTION('ref_axis',(1.,0.,0.));
#3867=DIRECTION('center_axis',(0.,0.,1.));
#3868=DIRECTION('ref_axis',(1.,0.,0.));
#3869=DIRECTION('center_axis',(0.,0.,-1.));
#3870=DIRECTION('ref_axis',(1.,0.,0.));
#3871=DIRECTION('',(0.,0.,-1.));
#3872=DIRECTION('center_axis',(-1.,3.77948263702181E-16,0.));
#3873=DIRECTION('ref_axis',(-3.77948263702181E-16,-1.,0.));
#3874=DIRECTION('',(-3.77948263702181E-16,-1.,0.));
#3875=DIRECTION('',(0.,0.,1.));
#3876=DIRECTION('',(-3.77948263702181E-16,-1.,0.));
#3877=DIRECTION('',(0.,0.,1.));
#3878=DIRECTION('center_axis',(0.,1.,0.));
#3879=DIRECTION('ref_axis',(-1.,0.,0.));
#3880=DIRECTION('',(-1.,0.,0.));
#3881=DIRECTION('',(-1.,0.,0.));
#3882=DIRECTION('',(0.,0.,1.));
#3883=DIRECTION('center_axis',(0.,0.,1.));
#3884=DIRECTION('ref_axis',(1.,0.,0.));
#3885=DIRECTION('center_axis',(0.,0.,1.));
#3886=DIRECTION('ref_axis',(1.,0.,0.));
#3887=DIRECTION('center_axis',(0.,0.,1.));
#3888=DIRECTION('ref_axis',(1.,0.,0.));
#3889=DIRECTION('center_axis',(0.,0.,1.));
#3890=DIRECTION('ref_axis',(1.,0.,0.));
#3891=DIRECTION('center_axis',(0.,0.,1.));
#3892=DIRECTION('ref_axis',(1.,0.,0.));
#3893=CARTESIAN_POINT('',(0.,0.,0.));
#3894=CARTESIAN_POINT('Origin',(72.5024764169578,-18.2588484863671,0.));
#3895=CARTESIAN_POINT('',(69.6549593062135,-16.6091072024021,2.5));
#3896=CARTESIAN_POINT('',(72.5024764169578,-18.2588484863671,2.5));
#3897=CARTESIAN_POINT('',(41.4013820441884,-0.240077266468018,2.5));
#3898=CARTESIAN_POINT('',(69.6549593062135,-16.6091072024021,0.));
#3899=CARTESIAN_POINT('',(69.6549593062135,-16.6091072024021,0.));
#3900=CARTESIAN_POINT('',(72.5024764169578,-18.2588484863671,0.));
#3901=CARTESIAN_POINT('',(41.4013820441884,-0.240077266468018,0.));
#3902=CARTESIAN_POINT('',(72.5024764169578,-18.2588484863671,0.));
#3903=CARTESIAN_POINT('Origin',(72.4975171107443,-21.549741283965,0.));
#3904=CARTESIAN_POINT('',(72.4975171107443,-21.549741283965,2.5));
#3905=CARTESIAN_POINT('',(72.5136722570278,-10.8295211040043,2.5));
#3906=CARTESIAN_POINT('',(72.4975171107443,-21.549741283965,0.));
#3907=CARTESIAN_POINT('',(72.5136722570278,-10.8295211040043,0.));
#3908=CARTESIAN_POINT('',(72.4975171107443,-21.549741283965,0.));
#3909=CARTESIAN_POINT('Origin',(69.6450406937865,-23.1908927975979,0.));
#3910=CARTESIAN_POINT('',(69.6450406937865,-23.1908927975979,2.5));
#3911=CARTESIAN_POINT('',(48.494959573379,-35.3594377986587,2.5));
#3912=CARTESIAN_POINT('',(69.6450406937865,-23.1908927975979,0.));
#3913=CARTESIAN_POINT('',(48.494959573379,-35.3594377986587,0.));
#3914=CARTESIAN_POINT('',(69.6450406937865,-23.1908927975979,0.));
#3915=CARTESIAN_POINT('Origin',(66.7975235830422,-21.5411515136329,0.));
#3916=CARTESIAN_POINT('',(66.7975235830422,-21.5411515136329,2.5));
#3917=CARTESIAN_POINT('',(37.1201877656449,-4.34725093571647,2.5));
#3918=CARTESIAN_POINT('',(66.7975235830422,-21.5411515136329,0.));
#3919=CARTESIAN_POINT('',(37.1201877656449,-4.34725093571647,0.));
#3920=CARTESIAN_POINT('',(66.7975235830422,-21.5411515136329,0.));
#3921=CARTESIAN_POINT('Origin',(66.8024828892557,-18.250258716035,0.));
#3922=CARTESIAN_POINT('',(66.8024828892557,-18.250258716035,2.5));
#3923=CARTESIAN_POINT('',(66.8161583824325,-9.17548493487323,2.5));
#3924=CARTESIAN_POINT('',(66.8024828892557,-18.250258716035,0.));
#3925=CARTESIAN_POINT('',(66.8161583824325,-9.17548493487323,0.));
#3926=CARTESIAN_POINT('',(66.8024828892557,-18.250258716035,0.));
#3927=CARTESIAN_POINT('Origin',(69.6549593062135,-16.6091072024021,0.));
#3928=CARTESIAN_POINT('',(47.0786399773272,-29.5982279602793,2.5));
#3929=CARTESIAN_POINT('',(47.0786399773272,-29.5982279602793,0.));
#3930=CARTESIAN_POINT('Origin',(-69.6450406937865,-23.1908927975979,0.));
#3931=CARTESIAN_POINT('',(-66.7975235830422,-21.5411515136329,2.5));
#3932=CARTESIAN_POINT('',(-69.6450406937865,-23.1908927975979,2.5));
#3933=CARTESIAN_POINT('',(-38.543946321017,-5.17212157769896,2.5));
#3934=CARTESIAN_POINT('',(-66.7975235830422,-21.5411515136329,0.));
#3935=CARTESIAN_POINT('',(-66.7975235830422,-21.5411515136329,0.));
#3936=CARTESIAN_POINT('',(-69.6450406937865,-23.1908927975979,0.));
#3937=CARTESIAN_POINT('',(-38.543946321017,-5.17212157769896,0.));
#3938=CARTESIAN_POINT('',(-69.6450406937865,-23.1908927975979,0.));
#3939=CARTESIAN_POINT('Origin',(-72.4975171107443,-21.549741283965,0.));
#3940=CARTESIAN_POINT('',(-72.4975171107443,-21.549741283965,2.5));
#3941=CARTESIAN_POINT('',(-49.9211977818579,-34.5388620418423,2.5));
#3942=CARTESIAN_POINT('',(-72.4975171107443,-21.549741283965,0.));
#3943=CARTESIAN_POINT('',(-49.9211977818579,-34.5388620418423,0.));
#3944=CARTESIAN_POINT('',(-72.4975171107443,-21.549741283965,0.));
#3945=CARTESIAN_POINT('Origin',(-72.5024764169578,-18.2588484863671,0.));
#3946=CARTESIAN_POINT('',(-72.5024764169578,-18.2588484863671,2.5));
#3947=CARTESIAN_POINT('',(-72.5161519101346,-9.18407470520531,2.5));
#3948=CARTESIAN_POINT('',(-72.5024764169578,-18.2588484863671,0.));
#3949=CARTESIAN_POINT('',(-72.5161519101346,-9.18407470520531,0.));
#3950=CARTESIAN_POINT('',(-72.5024764169578,-18.2588484863671,0.));
#3951=CARTESIAN_POINT('Origin',(-69.6549593062135,-16.6091072024021,0.));
#3952=CARTESIAN_POINT('',(-69.6549593062135,-16.6091072024021,2.5));
#3953=CARTESIAN_POINT('',(-39.9776234888163,0.584793375514492,2.5));
#3954=CARTESIAN_POINT('',(-69.6549593062135,-16.6091072024021,0.));
#3955=CARTESIAN_POINT('',(-39.9776234888163,0.584793375514492,0.));
#3956=CARTESIAN_POINT('',(-69.6549593062135,-16.6091072024021,0.));
#3957=CARTESIAN_POINT('Origin',(-66.8024828892557,-18.250258716035,0.));
#3958=CARTESIAN_POINT('',(-66.8024828892557,-18.250258716035,2.5));
#3959=CARTESIAN_POINT('',(-45.6524017688483,-30.4188037170958,2.5));
#3960=CARTESIAN_POINT('',(-66.8024828892557,-18.250258716035,0.));
#3961=CARTESIAN_POINT('',(-45.6524017688483,-30.4188037170958,0.));
#3962=CARTESIAN_POINT('',(-66.8024828892557,-18.250258716035,0.));
#3963=CARTESIAN_POINT('Origin',(-66.7975235830422,-21.5411515136329,0.));
#3964=CARTESIAN_POINT('',(-66.8136787293258,-10.8209313336722,2.5));
#3965=CARTESIAN_POINT('',(-66.8136787293258,-10.8209313336722,0.));
#3966=CARTESIAN_POINT('Origin',(66.7975235830422,21.5411515136329,0.));
#3967=CARTESIAN_POINT('',(66.8024828892557,18.250258716035,2.5));
#3968=CARTESIAN_POINT('',(66.7975235830422,21.5411515136329,2.5));
#3969=CARTESIAN_POINT('',(66.8136787293258,10.8209313336722,2.5));
#3970=CARTESIAN_POINT('',(66.8024828892557,18.250258716035,0.));
#3971=CARTESIAN_POINT('',(66.8024828892557,18.250258716035,0.));
#3972=CARTESIAN_POINT('',(66.7975235830422,21.5411515136329,0.));
#3973=CARTESIAN_POINT('',(66.8136787293258,10.8209313336722,0.));
#3974=CARTESIAN_POINT('',(66.7975235830422,21.5411515136329,0.));
#3975=CARTESIAN_POINT('Origin',(69.6450406937865,23.1908927975979,0.));
#3976=CARTESIAN_POINT('',(69.6450406937865,23.1908927975979,2.5));
#3977=CARTESIAN_POINT('',(38.543946321017,5.17212157769897,2.5));
#3978=CARTESIAN_POINT('',(69.6450406937865,23.1908927975979,0.));
#3979=CARTESIAN_POINT('',(38.543946321017,5.17212157769897,0.));
#3980=CARTESIAN_POINT('',(69.6450406937865,23.1908927975979,0.));
#3981=CARTESIAN_POINT('Origin',(72.4975171107443,21.549741283965,0.));
#3982=CARTESIAN_POINT('',(72.4975171107443,21.549741283965,2.5));
#3983=CARTESIAN_POINT('',(49.9211977818579,34.5388620418423,2.5));
#3984=CARTESIAN_POINT('',(72.4975171107443,21.549741283965,0.));
#3985=CARTESIAN_POINT('',(49.9211977818579,34.5388620418423,0.));
#3986=CARTESIAN_POINT('',(72.4975171107443,21.549741283965,0.));
#3987=CARTESIAN_POINT('Origin',(72.5024764169578,18.2588484863671,0.));
#3988=CARTESIAN_POINT('',(72.5024764169578,18.2588484863671,2.5));
#3989=CARTESIAN_POINT('',(72.5161519101346,9.18407470520532,2.5));
#3990=CARTESIAN_POINT('',(72.5024764169578,18.2588484863671,0.));
#3991=CARTESIAN_POINT('',(72.5161519101346,9.18407470520532,0.));
#3992=CARTESIAN_POINT('',(72.5024764169578,18.2588484863671,0.));
#3993=CARTESIAN_POINT('Origin',(69.6549593062135,16.6091072024021,0.));
#3994=CARTESIAN_POINT('',(69.6549593062135,16.6091072024021,2.5));
#3995=CARTESIAN_POINT('',(39.9776234888163,-0.584793375514485,2.5));
#3996=CARTESIAN_POINT('',(69.6549593062135,16.6091072024021,0.));
#3997=CARTESIAN_POINT('',(39.9776234888163,-0.584793375514485,0.));
#3998=CARTESIAN_POINT('',(69.6549593062135,16.6091072024021,0.));
#3999=CARTESIAN_POINT('Origin',(66.8024828892557,18.250258716035,0.));
#4000=CARTESIAN_POINT('',(45.6524017688483,30.4188037170958,2.5));
#4001=CARTESIAN_POINT('',(45.6524017688483,30.4188037170958,0.));
#4002=CARTESIAN_POINT('Origin',(-69.6549593062135,16.6091072024021,0.));
#4003=CARTESIAN_POINT('',(-66.8024828892557,18.250258716035,2.5));
#4004=CARTESIAN_POINT('',(-69.6549593062135,16.6091072024021,2.5));
#4005=CARTESIAN_POINT('',(-47.0786399773272,29.5982279602794,2.5));
#4006=CARTESIAN_POINT('',(-66.8024828892557,18.250258716035,0.));
#4007=CARTESIAN_POINT('',(-66.8024828892557,18.250258716035,0.));
#4008=CARTESIAN_POINT('',(-69.6549593062135,16.6091072024021,0.));
#4009=CARTESIAN_POINT('',(-47.0786399773272,29.5982279602794,0.));
#4010=CARTESIAN_POINT('',(-69.6549593062135,16.6091072024021,0.));
#4011=CARTESIAN_POINT('Origin',(-72.5024764169578,18.2588484863671,0.));
#4012=CARTESIAN_POINT('',(-72.5024764169578,18.2588484863671,2.5));
#4013=CARTESIAN_POINT('',(-41.4013820441884,0.240077266468015,2.5));
#4014=CARTESIAN_POINT('',(-72.5024764169578,18.2588484863671,0.));
#4015=CARTESIAN_POINT('',(-41.4013820441884,0.240077266468015,0.));
#4016=CARTESIAN_POINT('',(-72.5024764169578,18.2588484863671,0.));
#4017=CARTESIAN_POINT('Origin',(-72.4975171107443,21.549741283965,0.));
#4018=CARTESIAN_POINT('',(-72.4975171107443,21.549741283965,2.5));
#4019=CARTESIAN_POINT('',(-72.5136722570278,10.8295211040042,2.5));
#4020=CARTESIAN_POINT('',(-72.4975171107443,21.549741283965,0.));
#4021=CARTESIAN_POINT('',(-72.5136722570278,10.8295211040042,0.));
#4022=CARTESIAN_POINT('',(-72.4975171107443,21.549741283965,0.));
#4023=CARTESIAN_POINT('Origin',(-69.6450406937865,23.1908927975979,0.));
#4024=CARTESIAN_POINT('',(-69.6450406937865,23.1908927975979,2.5));
#4025=CARTESIAN_POINT('',(-48.4949595733789,35.3594377986587,2.5));
#4026=CARTESIAN_POINT('',(-69.6450406937865,23.1908927975979,0.));
#4027=CARTESIAN_POINT('',(-48.4949595733789,35.3594377986587,0.));
#4028=CARTESIAN_POINT('',(-69.6450406937865,23.1908927975979,0.));
#4029=CARTESIAN_POINT('Origin',(-66.7975235830422,21.5411515136329,0.));
#4030=CARTESIAN_POINT('',(-66.7975235830422,21.5411515136329,2.5));
#4031=CARTESIAN_POINT('',(-37.1201877656449,4.34725093571647,2.5));
#4032=CARTESIAN_POINT('',(-66.7975235830422,21.5411515136329,0.));
#4033=CARTESIAN_POINT('',(-37.1201877656449,4.34725093571647,0.));
#4034=CARTESIAN_POINT('',(-66.7975235830422,21.5411515136329,0.));
#4035=CARTESIAN_POINT('Origin',(-66.8024828892557,18.250258716035,0.));
#4036=CARTESIAN_POINT('',(-66.8161583824325,9.17548493487332,2.5));
#4037=CARTESIAN_POINT('',(-66.8161583824325,9.17548493487332,0.));
#4038=CARTESIAN_POINT('Origin',(-45.25,-1.5,2.5));
#4039=CARTESIAN_POINT('',(-48.25,-1.5,7.5));
#4040=CARTESIAN_POINT('',(-45.25,1.5,7.5));
#4041=CARTESIAN_POINT('Origin',(-45.25,-1.5,7.5));
#4042=CARTESIAN_POINT('',(-45.25,1.5,2.5));
#4043=CARTESIAN_POINT('',(-45.25,1.5,2.5));
#4044=CARTESIAN_POINT('',(-48.25,-1.5,2.5));
#4045=CARTESIAN_POINT('Origin',(-45.25,-1.5,2.5));
#4046=CARTESIAN_POINT('',(-48.25,-1.5,2.5));
#4047=CARTESIAN_POINT('Origin',(-33.25,1.5,2.5));
#4048=CARTESIAN_POINT('',(-36.25,1.5,7.5));
#4049=CARTESIAN_POINT('',(-48.25,1.5,7.5));
#4050=CARTESIAN_POINT('',(-36.25,1.5,2.5));
#4051=CARTESIAN_POINT('',(-36.25,1.5,2.5));
#4052=CARTESIAN_POINT('',(-16.625,1.5,2.5));
#4053=CARTESIAN_POINT('Origin',(-40.75,-6.,7.5));
#4054=CARTESIAN_POINT('',(-48.25,-10.5,7.5));
#4055=CARTESIAN_POINT('',(-48.25,-13.5,7.5));
#4056=CARTESIAN_POINT('',(-45.25,-13.5,7.5));
#4057=CARTESIAN_POINT('Origin',(-45.25,-10.5,7.5));
#4058=CARTESIAN_POINT('',(-36.25,-13.5,7.5));
#4059=CARTESIAN_POINT('',(-33.25,-13.5,7.5));
#4060=CARTESIAN_POINT('',(-33.25,-10.5,7.5));
#4061=CARTESIAN_POINT('Origin',(-36.25,-10.5,7.5));
#4062=CARTESIAN_POINT('',(-33.25,-1.5,7.5));
#4063=CARTESIAN_POINT('',(-33.25,1.5,7.5));
#4064=CARTESIAN_POINT('Origin',(-36.25,-1.5,7.5));
#4065=CARTESIAN_POINT('',(-36.75,-6.,7.5));
#4066=CARTESIAN_POINT('Origin',(-40.75,-6.,7.5));
#4067=CARTESIAN_POINT('Origin',(-36.25,-1.5,2.5));
#4068=CARTESIAN_POINT('',(-33.25,-1.5,2.5));
#4069=CARTESIAN_POINT('',(-33.25,-1.5,2.5));
#4070=CARTESIAN_POINT('Origin',(-36.25,-1.5,2.5));
#4071=CARTESIAN_POINT('Origin',(-33.25,-13.5,2.5));
#4072=CARTESIAN_POINT('',(-33.25,-10.5,2.5));
#4073=CARTESIAN_POINT('',(-33.25,-10.5,2.5));
#4074=CARTESIAN_POINT('',(-33.25,-6.75,2.5));
#4075=CARTESIAN_POINT('Origin',(-45.25,-10.5,2.5));
#4076=CARTESIAN_POINT('',(-48.25,-10.5,2.5));
#4077=CARTESIAN_POINT('',(-48.25,-10.5,2.5));
#4078=CARTESIAN_POINT('',(-45.25,-13.5,2.5));
#4079=CARTESIAN_POINT('Origin',(-45.25,-10.5,2.5));
#4080=CARTESIAN_POINT('',(-45.25,-13.5,2.5));
#4081=CARTESIAN_POINT('Origin',(-48.25,1.5,2.5));
#4082=CARTESIAN_POINT('',(-48.25,0.750000000000004,2.5));
#4083=CARTESIAN_POINT('Origin',(-36.25,-10.5,2.5));
#4084=CARTESIAN_POINT('',(-36.25,-13.5,2.5));
#4085=CARTESIAN_POINT('',(-36.25,-13.5,2.5));
#4086=CARTESIAN_POINT('Origin',(-36.25,-10.5,2.5));
#4087=CARTESIAN_POINT('Origin',(21.25,-10.5,2.5));
#4088=CARTESIAN_POINT('',(21.25,-13.5,7.5));
#4089=CARTESIAN_POINT('',(18.25,-10.5,7.5));
#4090=CARTESIAN_POINT('Origin',(21.25,-10.5,7.5));
#4091=CARTESIAN_POINT('',(18.25,-10.5,2.5));
#4092=CARTESIAN_POINT('',(18.25,-10.5,2.5));
#4093=CARTESIAN_POINT('',(21.25,-13.5,2.5));
#4094=CARTESIAN_POINT('Origin',(21.25,-10.5,2.5));
#4095=CARTESIAN_POINT('',(21.25,-13.5,2.5));
#4096=CARTESIAN_POINT('Origin',(18.25,1.5,2.5));
#4097=CARTESIAN_POINT('',(18.25,-1.5,7.5));
#4098=CARTESIAN_POINT('',(18.25,-13.5,7.5));
#4099=CARTESIAN_POINT('',(18.25,-1.5,2.5));
#4100=CARTESIAN_POINT('',(18.25,-1.5,2.5));
#4101=CARTESIAN_POINT('',(18.25,0.750000000000004,2.5));
#4102=CARTESIAN_POINT('Origin',(25.75,-6.,7.5));
#4103=CARTESIAN_POINT('',(30.25,-13.5,7.5));
#4104=CARTESIAN_POINT('',(33.25,-13.5,7.5));
#4105=CARTESIAN_POINT('',(33.25,-10.5,7.5));
#4106=CARTESIAN_POINT('Origin',(30.25,-10.5,7.5));
#4107=CARTESIAN_POINT('',(33.25,-1.5,7.5));
#4108=CARTESIAN_POINT('',(33.25,1.5,7.5));
#4109=CARTESIAN_POINT('',(30.25,1.5,7.5));
#4110=CARTESIAN_POINT('Origin',(30.25,-1.5,7.5));
#4111=CARTESIAN_POINT('',(21.25,1.5,7.5));
#4112=CARTESIAN_POINT('',(18.25,1.5,7.5));
#4113=CARTESIAN_POINT('Origin',(21.25,-1.5,7.5));
#4114=CARTESIAN_POINT('',(29.75,-6.,7.5));
#4115=CARTESIAN_POINT('Origin',(25.75,-6.,7.5));
#4116=CARTESIAN_POINT('Origin',(30.25,-10.5,2.5));
#4117=CARTESIAN_POINT('',(30.25,-13.5,2.5));
#4118=CARTESIAN_POINT('',(30.25,-13.5,2.5));
#4119=CARTESIAN_POINT('',(33.25,-10.5,2.5));
#4120=CARTESIAN_POINT('Origin',(30.25,-10.5,2.5));
#4121=CARTESIAN_POINT('',(33.25,-10.5,2.5));
#4122=CARTESIAN_POINT('Origin',(33.25,-13.5,2.5));
#4123=CARTESIAN_POINT('',(33.25,-1.5,2.5));
#4124=CARTESIAN_POINT('',(33.25,-6.75,2.5));
#4125=CARTESIAN_POINT('',(33.25,-1.5,2.5));
#4126=CARTESIAN_POINT('Origin',(21.25,-1.5,2.5));
#4127=CARTESIAN_POINT('',(21.25,1.5,2.5));
#4128=CARTESIAN_POINT('',(21.25,1.5,2.5));
#4129=CARTESIAN_POINT('Origin',(21.25,-1.5,2.5));
#4130=CARTESIAN_POINT('Origin',(30.25,-1.5,2.5));
#4131=CARTESIAN_POINT('',(30.25,1.5,2.5));
#4132=CARTESIAN_POINT('Origin',(30.25,-1.5,2.5));
#4133=CARTESIAN_POINT('',(30.25,1.5,2.5));
#4134=CARTESIAN_POINT('Origin',(33.25,1.5,2.5));
#4135=CARTESIAN_POINT('',(16.625,1.5,2.5));
#4136=CARTESIAN_POINT('Origin',(-40.75,-6.,4.625));
#4137=CARTESIAN_POINT('',(-38.5,-6.,3.75));
#4138=CARTESIAN_POINT('Origin',(-40.75,-6.,3.75));
#4139=CARTESIAN_POINT('',(-36.75,-6.,5.5));
#4140=CARTESIAN_POINT('',(-37.625,-6.,4.625));
#4141=CARTESIAN_POINT('Origin',(-40.75,-6.,5.5));
#4142=CARTESIAN_POINT('Origin',(-40.75,-6.,7.5));
#4143=CARTESIAN_POINT('',(-38.5,-6.,0.));
#4144=CARTESIAN_POINT('',(-38.5,-6.,7.5));
#4145=CARTESIAN_POINT('Origin',(-40.75,-6.,0.));
#4146=CARTESIAN_POINT('Origin',(25.75,-6.,4.625));
#4147=CARTESIAN_POINT('',(28.,-6.,3.75));
#4148=CARTESIAN_POINT('Origin',(25.75,-6.,3.75));
#4149=CARTESIAN_POINT('',(29.75,-6.,5.5));
#4150=CARTESIAN_POINT('',(28.875,-6.,4.625));
#4151=CARTESIAN_POINT('Origin',(25.75,-6.,5.5));
#4152=CARTESIAN_POINT('Origin',(25.75,-6.,7.5));
#4153=CARTESIAN_POINT('',(28.,-6.,0.));
#4154=CARTESIAN_POINT('',(28.,-6.,7.5));
#4155=CARTESIAN_POINT('Origin',(25.75,-6.,0.));
#4156=CARTESIAN_POINT('Origin',(-40.75,-6.,7.5));
#4157=CARTESIAN_POINT('',(-36.75,-6.,7.5));
#4158=CARTESIAN_POINT('Origin',(25.75,-6.,7.5));
#4159=CARTESIAN_POINT('',(29.75,-6.,7.5));
#4160=CARTESIAN_POINT('Origin',(-48.25,-13.5,2.5));
#4161=CARTESIAN_POINT('',(-24.125,-13.5,2.5));
#4162=CARTESIAN_POINT('Origin',(18.25,-13.5,2.5));
#4163=CARTESIAN_POINT('',(9.12500000000001,-13.5,2.5));
#4164=CARTESIAN_POINT('Origin',(1.11022302462516E-14,-26.,3.25));
#4165=CARTESIAN_POINT('',(0.500000000000012,-26.5,5.5));
#4166=CARTESIAN_POINT('',(0.500000000000012,-26.5,15.5));
#4167=CARTESIAN_POINT('',(0.500000000000012,-26.5,3.25));
#4168=CARTESIAN_POINT('',(-0.499999999999989,-25.5,14.5));
#4169=CARTESIAN_POINT('',(0.500000000000012,-26.5,15.5));
#4170=CARTESIAN_POINT('',(-0.499999999999989,-25.5,6.5));
#4171=CARTESIAN_POINT('',(-0.499999999999989,-25.5,3.25));
#4172=CARTESIAN_POINT('',(-0.499999999999989,-25.5,6.5));
#4173=CARTESIAN_POINT('Origin',(-38.375,-26.,15.));
#4174=CARTESIAN_POINT('',(-12.5,-25.5,14.5));
#4175=CARTESIAN_POINT('',(-38.375,-25.5,14.5));
#4176=CARTESIAN_POINT('',(-13.5,-26.5,15.5));
#4177=CARTESIAN_POINT('',(-38.375,-26.5,15.5));
#4178=CARTESIAN_POINT('',(-12.5,-25.5,14.5));
#4179=CARTESIAN_POINT('Origin',(-44.375,-26.,6.));
#4180=CARTESIAN_POINT('',(-13.5,-26.5,5.5));
#4181=CARTESIAN_POINT('',(-44.375,-26.5,5.5));
#4182=CARTESIAN_POINT('',(-12.5,-25.5,6.5));
#4183=CARTESIAN_POINT('',(-44.375,-25.5,6.5));
#4184=CARTESIAN_POINT('',(-12.5,-25.5,6.5));
#4185=CARTESIAN_POINT('Origin',(-13.,-26.,7.25000000000001));
#4186=CARTESIAN_POINT('',(-13.5,-26.5,7.25000000000001));
#4187=CARTESIAN_POINT('',(-12.5,-25.5,7.25000000000001));
#4188=CARTESIAN_POINT('Origin',(-12.5,-23.5,6.5));
#4189=CARTESIAN_POINT('',(-0.499999999999989,-24.25,6.5));
#4190=CARTESIAN_POINT('',(-0.499999999999989,-23.5,6.5));
#4191=CARTESIAN_POINT('',(-12.5,-24.25,6.5));
#4192=CARTESIAN_POINT('',(30.375,-24.25,6.5));
#4193=CARTESIAN_POINT('',(-12.5,-23.5,6.5));
#4194=CARTESIAN_POINT('Origin',(-0.499999999999989,-23.5,6.5));
#4195=CARTESIAN_POINT('',(-0.499999999999989,-24.25,14.5));
#4196=CARTESIAN_POINT('',(-0.499999999999989,-23.5,14.5));
#4197=CARTESIAN_POINT('',(-0.499999999999989,-24.25,4.5));
#4198=CARTESIAN_POINT('Origin',(-76.25,-26.5,0.));
#4199=CARTESIAN_POINT('',(-73.25,-26.5,0.));
#4200=CARTESIAN_POINT('',(-73.25,-26.5,26.));
#4201=CARTESIAN_POINT('',(-73.25,-26.5,0.));
#4202=CARTESIAN_POINT('',(73.25,-26.5,0.));
#4203=CARTESIAN_POINT('',(76.25,-26.5,0.));
#4204=CARTESIAN_POINT('',(73.25,-26.5,26.));
#4205=CARTESIAN_POINT('',(73.25,-26.5,0.));
#4206=CARTESIAN_POINT('',(-76.25,-26.5,26.));
#4207=CARTESIAN_POINT('Origin',(-0.124999999999988,-23.875,4.5));
#4208=CARTESIAN_POINT('',(-0.499999999999989,-24.25,26.));
#4209=CARTESIAN_POINT('',(-0.499999999999989,-24.25,14.5));
#4210=CARTESIAN_POINT('',(0.250000000000012,-23.5,26.));
#4211=CARTESIAN_POINT('',(5.87500000000001,-17.875,26.));
#4212=CARTESIAN_POINT('',(0.250000000000012,-23.5,5.75));
#4213=CARTESIAN_POINT('',(0.250000000000012,-23.5,4.5));
#4214=CARTESIAN_POINT('',(0.250000000000012,-23.5,5.75));
#4215=CARTESIAN_POINT('Origin',(30.375,-23.875,6.125));
#4216=CARTESIAN_POINT('',(-13.25,-23.5,5.75));
#4217=CARTESIAN_POINT('',(30.375,-23.5,5.75));
#4218=CARTESIAN_POINT('',(-13.25,-23.5,5.75));
#4219=CARTESIAN_POINT('Origin',(-12.875,-23.875,8.49999999999999));
#4220=CARTESIAN_POINT('',(-13.25,-23.5,26.));
#4221=CARTESIAN_POINT('',(-13.25,-23.5,8.49999999999999));
#4222=CARTESIAN_POINT('',(-12.5,-24.25,26.));
#4223=CARTESIAN_POINT('',(-15.625,-21.125,26.));
#4224=CARTESIAN_POINT('',(-12.5,-24.25,14.5));
#4225=CARTESIAN_POINT('',(-12.5,-24.25,26.));
#4226=CARTESIAN_POINT('',(-12.5,-24.25,8.49999999999999));
#4227=CARTESIAN_POINT('Origin',(-12.5,-23.5,14.5));
#4228=CARTESIAN_POINT('',(-12.5,-23.5,14.5));
#4229=CARTESIAN_POINT('Origin',(-6.49999999999999,-24.25,20.25));
#4230=CARTESIAN_POINT('',(-3.49999999999999,-24.25,14.5));
#4231=CARTESIAN_POINT('',(-3.24999999999999,-24.25,26.));
#4232=CARTESIAN_POINT('Origin',(73.25,-23.5,2.5));
#4233=CARTESIAN_POINT('',(72.25,-23.5,26.));
#4234=CARTESIAN_POINT('',(-73.25,-23.5,26.));
#4235=CARTESIAN_POINT('',(72.25,-23.5,2.5));
#4236=CARTESIAN_POINT('',(72.25,-23.5,2.5));
#4237=CARTESIAN_POINT('',(-72.25,-23.5,2.5));
#4238=CARTESIAN_POINT('',(36.625,-23.5,2.5));
#4239=CARTESIAN_POINT('',(-72.25,-23.5,26.));
#4240=CARTESIAN_POINT('',(-72.25,-23.5,2.5));
#4241=CARTESIAN_POINT('',(-73.25,-23.5,26.));
#4242=CARTESIAN_POINT('Origin',(8.88178419700125E-15,4.44089209850063E-15,
26.));
#4243=CARTESIAN_POINT('',(-73.25,-22.5,26.));
#4244=CARTESIAN_POINT('Origin',(-72.25,-22.5,26.));
#4245=CARTESIAN_POINT('',(-73.25,-11.5,26.));
#4246=CARTESIAN_POINT('',(-73.25,23.5,26.));
#4247=CARTESIAN_POINT('',(-76.25,-11.5,26.));
#4248=CARTESIAN_POINT('',(-36.625,-11.5,26.));
#4249=CARTESIAN_POINT('',(-76.25,-23.5,26.));
#4250=CARTESIAN_POINT('',(-76.25,26.5,26.));
#4251=CARTESIAN_POINT('Origin',(-73.25,-23.5,26.));
#4252=CARTESIAN_POINT('',(76.25,-23.5,26.));
#4253=CARTESIAN_POINT('Origin',(73.25,-23.5,26.));
#4254=CARTESIAN_POINT('',(76.25,-21.8,26.));
#4255=CARTESIAN_POINT('',(76.25,-26.5,26.));
#4256=CARTESIAN_POINT('',(73.25,-21.8,26.));
#4257=CARTESIAN_POINT('',(36.625,-21.8,26.));
#4258=CARTESIAN_POINT('',(73.25,-22.5,26.));
#4259=CARTESIAN_POINT('',(73.25,-23.5,26.));
#4260=CARTESIAN_POINT('Origin',(72.25,-22.5,26.));
#4261=CARTESIAN_POINT('Origin',(73.25,9.00000000000001,6.));
#4262=CARTESIAN_POINT('',(73.25,11.,6.));
#4263=CARTESIAN_POINT('',(73.25,9.00000000000001,4.));
#4264=CARTESIAN_POINT('Origin',(73.25,9.00000000000001,6.));
#4265=CARTESIAN_POINT('',(76.25,9.00000000000001,4.));
#4266=CARTESIAN_POINT('',(73.25,9.00000000000001,4.));
#4267=CARTESIAN_POINT('',(76.25,11.,6.));
#4268=CARTESIAN_POINT('Origin',(76.25,9.,6.));
#4269=CARTESIAN_POINT('',(73.25,11.,6.));
#4270=CARTESIAN_POINT('Origin',(73.25,-17.8,4.));
#4271=CARTESIAN_POINT('',(73.25,-15.8,4.));
#4272=CARTESIAN_POINT('',(73.25,2.85,4.));
#4273=CARTESIAN_POINT('',(76.25,-15.8,4.));
#4274=CARTESIAN_POINT('',(73.25,-15.8,4.));
#4275=CARTESIAN_POINT('',(76.25,-22.15,4.));
#4276=CARTESIAN_POINT('Origin',(73.25,-15.8,6.));
#4277=CARTESIAN_POINT('',(73.25,-17.8,6.));
#4278=CARTESIAN_POINT('Origin',(73.25,-15.8,6.));
#4279=CARTESIAN_POINT('',(76.25,-17.8,6.));
#4280=CARTESIAN_POINT('',(73.25,-17.8,6.));
#4281=CARTESIAN_POINT('Origin',(76.25,-15.8,6.));
#4282=CARTESIAN_POINT('Origin',(73.25,-17.8,26.));
#4283=CARTESIAN_POINT('',(73.25,-17.8,22.));
#4284=CARTESIAN_POINT('',(73.25,-17.8,14.25));
#4285=CARTESIAN_POINT('',(76.25,-17.8,22.));
#4286=CARTESIAN_POINT('',(36.625,-17.8,22.));
#4287=CARTESIAN_POINT('',(76.25,-17.8,13.));
#4288=CARTESIAN_POINT('Origin',(-73.25,-5.49999999999999,6.));
#4289=CARTESIAN_POINT('',(-73.25,-7.5,6.));
#4290=CARTESIAN_POINT('',(-73.25,-5.49999999999999,4.));
#4291=CARTESIAN_POINT('Origin',(-73.25,-5.49999999999999,6.));
#4292=CARTESIAN_POINT('',(-76.25,-5.49999999999999,4.));
#4293=CARTESIAN_POINT('',(-73.25,-5.49999999999999,4.));
#4294=CARTESIAN_POINT('',(-76.25,-7.49999999999999,6.));
#4295=CARTESIAN_POINT('Origin',(-76.25,-5.49999999999999,6.));
#4296=CARTESIAN_POINT('',(-73.25,-7.49999999999999,6.));
#4297=CARTESIAN_POINT('Origin',(-73.25,15.5,4.));
#4298=CARTESIAN_POINT('',(-73.25,13.5,4.));
#4299=CARTESIAN_POINT('',(-73.25,-4.,4.));
#4300=CARTESIAN_POINT('',(-76.25,13.5,4.));
#4301=CARTESIAN_POINT('',(-73.25,13.5,4.));
#4302=CARTESIAN_POINT('',(-76.25,21.,4.));
#4303=CARTESIAN_POINT('Origin',(-73.25,13.5,6.));
#4304=CARTESIAN_POINT('',(-73.25,15.5,6.));
#4305=CARTESIAN_POINT('Origin',(-73.25,13.5,6.));
#4306=CARTESIAN_POINT('',(-76.25,15.5,6.));
#4307=CARTESIAN_POINT('',(-73.25,15.5,6.));
#4308=CARTESIAN_POINT('Origin',(-76.25,13.5,6.));
#4309=CARTESIAN_POINT('Origin',(-73.25,15.5,26.));
#4310=CARTESIAN_POINT('',(-73.25,15.5,22.));
#4311=CARTESIAN_POINT('',(-73.25,15.5,14.25));
#4312=CARTESIAN_POINT('',(-76.25,15.5,22.));
#4313=CARTESIAN_POINT('',(-36.625,15.5,22.));
#4314=CARTESIAN_POINT('',(-76.25,15.5,13.));
#4315=CARTESIAN_POINT('Origin',(-36.625,19.5,22.));
#4316=CARTESIAN_POINT('',(-73.25,19.5,26.));
#4317=CARTESIAN_POINT('Origin',(-73.25,19.5,22.));
#4318=CARTESIAN_POINT('',(-76.25,19.5,26.));
#4319=CARTESIAN_POINT('',(-36.625,19.5,26.));
#4320=CARTESIAN_POINT('Origin',(-76.25,19.5,22.));
#4321=CARTESIAN_POINT('Origin',(8.88178419700125E-15,4.44089209850063E-15,
26.));
#4322=CARTESIAN_POINT('',(-73.25,22.5,26.));
#4323=CARTESIAN_POINT('',(-73.25,23.5,26.));
#4324=CARTESIAN_POINT('',(-72.25,23.5,26.));
#4325=CARTESIAN_POINT('Origin',(-72.25,22.5,26.));
#4326=CARTESIAN_POINT('',(-71.35,23.5,26.));
#4327=CARTESIAN_POINT('',(73.25,23.5,26.));
#4328=CARTESIAN_POINT('',(-71.35,26.5,26.));
#4329=CARTESIAN_POINT('',(-71.35,11.75,26.));
#4330=CARTESIAN_POINT('',(-73.25,26.5,26.));
#4331=CARTESIAN_POINT('',(76.25,26.5,26.));
#4332=CARTESIAN_POINT('',(-76.25,23.5,26.));
#4333=CARTESIAN_POINT('Origin',(-73.25,23.5,26.));
#4334=CARTESIAN_POINT('',(-76.25,26.5,26.));
#4335=CARTESIAN_POINT('Origin',(-73.25,-23.5,2.5));
#4336=CARTESIAN_POINT('',(-73.25,-7.5,22.));
#4337=CARTESIAN_POINT('',(-73.25,-7.5,3.25));
#4338=CARTESIAN_POINT('Origin',(-73.25,-11.5,22.));
#4339=CARTESIAN_POINT('',(-73.25,-22.5,2.5));
#4340=CARTESIAN_POINT('',(-73.25,-22.5,2.5));
#4341=CARTESIAN_POINT('',(-73.25,22.5,2.5));
#4342=CARTESIAN_POINT('',(-73.25,-11.75,2.5));
#4343=CARTESIAN_POINT('',(-73.25,22.5,2.5));
#4344=CARTESIAN_POINT('Origin',(-71.35,11.75,22.));
#4345=CARTESIAN_POINT('',(-67.35,26.5,22.));
#4346=CARTESIAN_POINT('Origin',(-71.35,26.5,22.));
#4347=CARTESIAN_POINT('',(-67.35,23.5,22.));
#4348=CARTESIAN_POINT('Origin',(-71.35,23.5,22.));
#4349=CARTESIAN_POINT('',(-67.35,11.75,22.));
#4350=CARTESIAN_POINT('Origin',(-67.35,23.5,4.));
#4351=CARTESIAN_POINT('',(-67.35,23.5,4.));
#4352=CARTESIAN_POINT('',(-67.35,23.5,3.25));
#4353=CARTESIAN_POINT('',(-67.35,26.5,4.));
#4354=CARTESIAN_POINT('',(-67.35,23.5,4.));
#4355=CARTESIAN_POINT('',(-67.35,26.5,2.));
#4356=CARTESIAN_POINT('Origin',(-73.25,23.5,2.5));
#4357=CARTESIAN_POINT('',(-72.25,23.5,2.5));
#4358=CARTESIAN_POINT('',(-72.25,23.5,2.5));
#4359=CARTESIAN_POINT('',(72.25,23.5,2.5));
#4360=CARTESIAN_POINT('',(-36.625,23.5,2.5));
#4361=CARTESIAN_POINT('',(72.25,23.5,26.));
#4362=CARTESIAN_POINT('',(72.25,23.5,2.5));
#4363=CARTESIAN_POINT('',(70.15,23.5,26.));
#4364=CARTESIAN_POINT('',(73.25,23.5,26.));
#4365=CARTESIAN_POINT('',(66.15,23.5,22.));
#4366=CARTESIAN_POINT('Origin',(70.15,23.5,22.));
#4367=CARTESIAN_POINT('',(66.15,23.5,4.));
#4368=CARTESIAN_POINT('',(66.15,23.5,14.25));
#4369=CARTESIAN_POINT('',(-3.54999999999998,23.5,4.));
#4370=CARTESIAN_POINT('Origin',(-36.625,-11.5,22.));
#4371=CARTESIAN_POINT('',(-76.25,-7.49999999999999,22.));
#4372=CARTESIAN_POINT('Origin',(-76.25,-11.5,22.));
#4373=CARTESIAN_POINT('',(-36.625,-7.50000000000002,22.));
#4374=CARTESIAN_POINT('Origin',(70.15,11.75,22.));
#4375=CARTESIAN_POINT('',(70.15,26.5,26.));
#4376=CARTESIAN_POINT('',(70.15,11.75,26.));
#4377=CARTESIAN_POINT('',(66.15,26.5,22.));
#4378=CARTESIAN_POINT('Origin',(70.15,26.5,22.));
#4379=CARTESIAN_POINT('',(66.15,11.75,22.));
#4380=CARTESIAN_POINT('Origin',(8.88178419700125E-15,4.44089209850063E-15,
26.));
#4381=CARTESIAN_POINT('',(73.25,22.5,26.));
#4382=CARTESIAN_POINT('Origin',(72.25,22.5,26.));
#4383=CARTESIAN_POINT('',(73.25,15.,26.));
#4384=CARTESIAN_POINT('',(73.25,-23.5,26.));
#4385=CARTESIAN_POINT('',(76.25,15.,26.));
#4386=CARTESIAN_POINT('',(36.625,15.,26.));
#4387=CARTESIAN_POINT('',(76.25,23.5,26.));
#4388=CARTESIAN_POINT('',(76.25,-26.5,26.));
#4389=CARTESIAN_POINT('',(73.25,26.5,26.));
#4390=CARTESIAN_POINT('Origin',(73.25,23.5,26.));
#4391=CARTESIAN_POINT('',(76.25,26.5,26.));
#4392=CARTESIAN_POINT('Origin',(36.625,15.,22.));
#4393=CARTESIAN_POINT('',(76.25,11.,22.));
#4394=CARTESIAN_POINT('Origin',(76.25,15.,22.));
#4395=CARTESIAN_POINT('',(73.25,11.,22.));
#4396=CARTESIAN_POINT('Origin',(73.25,15.,22.));
#4397=CARTESIAN_POINT('',(36.625,11.,22.));
#4398=CARTESIAN_POINT('Origin',(73.25,11.,4.));
#4399=CARTESIAN_POINT('',(76.25,11.,2.));
#4400=CARTESIAN_POINT('',(73.25,11.,3.25));
#4401=CARTESIAN_POINT('Origin',(73.25,23.5,2.5));
#4402=CARTESIAN_POINT('',(73.25,22.5,2.5));
#4403=CARTESIAN_POINT('',(73.25,22.5,2.5));
#4404=CARTESIAN_POINT('',(73.25,-22.5,2.5));
#4405=CARTESIAN_POINT('',(73.25,11.75,2.5));
#4406=CARTESIAN_POINT('',(73.25,-22.5,2.5));
#4407=CARTESIAN_POINT('Origin',(73.25,-21.8,22.));
#4408=CARTESIAN_POINT('Origin',(36.625,-21.8,22.));
#4409=CARTESIAN_POINT('Origin',(76.25,-21.8,22.));
#4410=CARTESIAN_POINT('Origin',(72.25,-22.5,2.5));
#4411=CARTESIAN_POINT('Origin',(72.25,-22.5,2.5));
#4412=CARTESIAN_POINT('Origin',(72.25,22.5,2.5));
#4413=CARTESIAN_POINT('Origin',(72.25,22.5,2.5));
#4414=CARTESIAN_POINT('Origin',(-72.25,22.5,2.5));
#4415=CARTESIAN_POINT('Origin',(-72.25,22.5,2.5));
#4416=CARTESIAN_POINT('Origin',(-72.25,-22.5,2.5));
#4417=CARTESIAN_POINT('Origin',(-72.25,-22.5,2.5));
#4418=CARTESIAN_POINT('Origin',(-73.25,-23.5,0.));
#4419=CARTESIAN_POINT('',(-76.25,-23.5,0.));
#4420=CARTESIAN_POINT('',(-76.25,-23.5,0.));
#4421=CARTESIAN_POINT('Origin',(-73.25,-23.5,0.));
#4422=CARTESIAN_POINT('Origin',(-73.25,23.5,0.));
#4423=CARTESIAN_POINT('',(-73.25,26.5,0.));
#4424=CARTESIAN_POINT('',(-73.25,26.5,0.));
#4425=CARTESIAN_POINT('',(-76.25,23.5,0.));
#4426=CARTESIAN_POINT('Origin',(-73.25,23.5,0.));
#4427=CARTESIAN_POINT('',(-76.25,23.5,0.));
#4428=CARTESIAN_POINT('Origin',(-76.25,26.5,0.));
#4429=CARTESIAN_POINT('',(-76.25,-26.5,0.));
#4430=CARTESIAN_POINT('',(-76.25,-7.49999999999999,2.));
#4431=CARTESIAN_POINT('Origin',(73.25,-23.5,0.));
#4432=CARTESIAN_POINT('',(76.25,-23.5,0.));
#4433=CARTESIAN_POINT('Origin',(73.25,-23.5,0.));
#4434=CARTESIAN_POINT('',(76.25,-23.5,0.));
#4435=CARTESIAN_POINT('Origin',(73.25,23.5,0.));
#4436=CARTESIAN_POINT('',(76.25,23.5,0.));
#4437=CARTESIAN_POINT('',(76.25,23.5,0.));
#4438=CARTESIAN_POINT('',(73.25,26.5,0.));
#4439=CARTESIAN_POINT('Origin',(73.25,23.5,0.));
#4440=CARTESIAN_POINT('',(73.25,26.5,0.));
#4441=CARTESIAN_POINT('Origin',(76.25,26.5,0.));
#4442=CARTESIAN_POINT('',(66.15,26.5,4.));
#4443=CARTESIAN_POINT('',(71.2,26.5,4.));
#4444=CARTESIAN_POINT('',(66.15,26.5,13.));
#4445=CARTESIAN_POINT('',(-76.25,26.5,0.));
#4446=CARTESIAN_POINT('Origin',(66.15,23.5,4.));
#4447=CARTESIAN_POINT('',(66.15,23.5,4.));
#4448=CARTESIAN_POINT('Origin',(66.15,23.5,26.));
#4449=CARTESIAN_POINT('Origin',(-73.25,-7.49999999999999,4.));
#4450=CARTESIAN_POINT('Origin',(-0.499999999999989,-23.5,14.5));
#4451=CARTESIAN_POINT('Origin',(76.25,-26.5,0.));
#4452=CARTESIAN_POINT('',(76.25,26.5,0.));
#4453=CARTESIAN_POINT('Origin',(8.88178419700125E-15,4.44089209850063E-15,
2.5));
#4454=CARTESIAN_POINT('Origin',(8.88178419700125E-15,4.44089209850063E-15,
0.));
#4455=CARTESIAN_POINT('Origin',(72.5024764169578,-18.2588484863671,0.));
#4456=CARTESIAN_POINT('',(72.5024764169578,-18.2588484863671,2.5));
#4457=CARTESIAN_POINT('',(69.6549593062135,-16.6091072024021,2.5));
#4458=CARTESIAN_POINT('',(71.7905971392717,-17.8464131653758,2.5));
#4459=CARTESIAN_POINT('',(72.5024764169578,-18.2588484863671,6.));
#4460=CARTESIAN_POINT('',(72.5024764169578,-18.2588484863671,0.));
#4461=CARTESIAN_POINT('',(69.6549593062135,-16.6091072024021,6.));
#4462=CARTESIAN_POINT('',(69.6549593062135,-16.6091072024021,6.));
#4463=CARTESIAN_POINT('',(69.6549593062135,-16.6091072024021,0.));
#4464=CARTESIAN_POINT('Origin',(69.6549593062135,-16.6091072024021,0.));
#4465=CARTESIAN_POINT('',(66.8024828892557,-18.250258716035,2.5));
#4466=CARTESIAN_POINT('',(68.9418402019741,-17.0193950808103,2.5));
#4467=CARTESIAN_POINT('',(66.8024828892557,-18.250258716035,6.));
#4468=CARTESIAN_POINT('',(66.8024828892557,-18.250258716035,6.));
#4469=CARTESIAN_POINT('',(66.8024828892557,-18.250258716035,0.));
#4470=CARTESIAN_POINT('Origin',(66.8024828892557,-18.250258716035,0.));
#4471=CARTESIAN_POINT('',(66.7975235830422,-21.5411515136329,2.5));
#4472=CARTESIAN_POINT('',(66.8012430627023,-19.0729819154345,2.5));
#4473=CARTESIAN_POINT('',(66.7975235830422,-21.5411515136329,6.));
#4474=CARTESIAN_POINT('',(66.7975235830422,-21.5411515136329,6.));
#4475=CARTESIAN_POINT('',(66.7975235830422,-21.5411515136329,0.));
#4476=CARTESIAN_POINT('Origin',(66.7975235830422,-21.5411515136329,0.));
#4477=CARTESIAN_POINT('',(69.6450406937865,-23.1908927975979,2.5));
#4478=CARTESIAN_POINT('',(67.5094028607283,-21.9535868346242,2.5));
#4479=CARTESIAN_POINT('',(69.6450406937865,-23.1908927975979,6.));
#4480=CARTESIAN_POINT('',(69.6450406937865,-23.1908927975979,6.));
#4481=CARTESIAN_POINT('',(69.6450406937865,-23.1908927975979,0.));
#4482=CARTESIAN_POINT('Origin',(72.4975171107443,-21.549741283965,0.));
#4483=CARTESIAN_POINT('',(72.4975171107443,-21.549741283965,2.5));
#4484=CARTESIAN_POINT('',(72.4987569372977,-20.7270180845655,2.5));
#4485=CARTESIAN_POINT('',(72.4975171107443,-21.549741283965,6.));
#4486=CARTESIAN_POINT('',(72.4975171107443,-21.549741283965,0.));
#4487=CARTESIAN_POINT('',(72.5024764169578,-18.2588484863671,6.));
#4488=CARTESIAN_POINT('Origin',(69.6450406937865,-23.1908927975979,0.));
#4489=CARTESIAN_POINT('',(70.358159798026,-22.7806049191897,2.5));
#4490=CARTESIAN_POINT('',(72.4975171107443,-21.549741283965,6.));
#4491=CARTESIAN_POINT('Origin',(69.65,-19.9,6.));
#4492=CARTESIAN_POINT('',(71.4,-19.9,6.));
#4493=CARTESIAN_POINT('Origin',(69.65,-19.9,6.));
#4494=CARTESIAN_POINT('Origin',(69.65,-19.9,2.5));
#4495=CARTESIAN_POINT('',(71.4,-19.9,7.5));
#4496=CARTESIAN_POINT('Origin',(69.65,-19.9,7.5));
#4497=CARTESIAN_POINT('',(71.4,-19.9,2.5));
#4498=CARTESIAN_POINT('Origin',(73.25,-23.5,2.5));
#4499=CARTESIAN_POINT('',(73.25,-23.5,2.5));
#4500=CARTESIAN_POINT('',(73.25,-19.9,2.5));
#4501=CARTESIAN_POINT('',(73.25,-23.5,2.5));
#4502=CARTESIAN_POINT('',(73.25,-19.9,7.5));
#4503=CARTESIAN_POINT('',(73.25,-19.9,2.5));
#4504=CARTESIAN_POINT('',(73.25,-23.5,7.5));
#4505=CARTESIAN_POINT('',(73.25,-23.5,7.5));
#4506=CARTESIAN_POINT('',(73.25,-23.5,2.5));
#4507=CARTESIAN_POINT('Origin',(69.65,-23.5,2.5));
#4508=CARTESIAN_POINT('',(69.65,-23.5,2.5));
#4509=CARTESIAN_POINT('',(-73.25,-23.5,2.5));
#4510=CARTESIAN_POINT('',(69.65,-23.5,7.5));
#4511=CARTESIAN_POINT('',(-73.25,-23.5,7.5));
#4512=CARTESIAN_POINT('',(69.65,-23.5,2.5));
#4513=CARTESIAN_POINT('Origin',(69.65,-19.9,2.5));
#4514=CARTESIAN_POINT('Origin',(69.65,-19.9,2.5));
#4515=CARTESIAN_POINT('Origin',(69.65,-19.9,7.5));
#4516=CARTESIAN_POINT('Origin',(69.65,-19.9,7.5));
#4517=CARTESIAN_POINT('Origin',(69.65,-19.9,2.5));
#4518=CARTESIAN_POINT('Origin',(-69.6450406937865,-23.1908927975979,0.));
#4519=CARTESIAN_POINT('',(-69.6450406937865,-23.1908927975979,2.5));
#4520=CARTESIAN_POINT('',(-66.7975235830422,-21.5411515136329,2.5));
#4521=CARTESIAN_POINT('',(-68.9331614161004,-22.7784574766067,2.5));
#4522=CARTESIAN_POINT('',(-69.6450406937865,-23.1908927975979,6.));
#4523=CARTESIAN_POINT('',(-69.6450406937865,-23.1908927975979,0.));
#4524=CARTESIAN_POINT('',(-66.7975235830422,-21.5411515136329,6.));
#4525=CARTESIAN_POINT('',(-69.6450406937865,-23.1908927975979,6.));
#4526=CARTESIAN_POINT('',(-66.7975235830422,-21.5411515136329,0.));
#4527=CARTESIAN_POINT('Origin',(-66.7975235830422,-21.5411515136329,0.));
#4528=CARTESIAN_POINT('',(-66.8024828892557,-18.250258716035,2.5));
#4529=CARTESIAN_POINT('',(-66.7987634095956,-20.7184283142334,2.5));
#4530=CARTESIAN_POINT('',(-66.8024828892557,-18.250258716035,6.));
#4531=CARTESIAN_POINT('',(-66.7975235830422,-21.5411515136329,6.));
#4532=CARTESIAN_POINT('',(-66.8024828892557,-18.250258716035,0.));
#4533=CARTESIAN_POINT('Origin',(-66.8024828892557,-18.250258716035,0.));
#4534=CARTESIAN_POINT('',(-69.6549593062135,-16.6091072024021,2.5));
#4535=CARTESIAN_POINT('',(-67.5156019934952,-17.8399708376268,2.5));
#4536=CARTESIAN_POINT('',(-69.6549593062135,-16.6091072024021,6.));
#4537=CARTESIAN_POINT('',(-66.8024828892557,-18.250258716035,6.));
#4538=CARTESIAN_POINT('',(-69.6549593062135,-16.6091072024021,0.));
#4539=CARTESIAN_POINT('Origin',(-69.6549593062135,-16.6091072024021,0.));
#4540=CARTESIAN_POINT('',(-72.5024764169578,-18.2588484863671,2.5));
#4541=CARTESIAN_POINT('',(-70.3668385838996,-17.0215425233933,2.5));
#4542=CARTESIAN_POINT('',(-72.5024764169578,-18.2588484863671,6.));
#4543=CARTESIAN_POINT('',(-69.6549593062135,-16.6091072024021,6.));
#4544=CARTESIAN_POINT('',(-72.5024764169578,-18.2588484863671,0.));
#4545=CARTESIAN_POINT('Origin',(-72.4975171107443,-21.549741283965,0.));
#4546=CARTESIAN_POINT('',(-72.4975171107443,-21.549741283965,2.5));
#4547=CARTESIAN_POINT('',(-71.7843980065048,-21.9600291623732,2.5));
#4548=CARTESIAN_POINT('',(-72.4975171107443,-21.549741283965,6.));
#4549=CARTESIAN_POINT('',(-72.4975171107443,-21.549741283965,0.));
#4550=CARTESIAN_POINT('',(-72.4975171107443,-21.549741283965,6.));
#4551=CARTESIAN_POINT('Origin',(-72.5024764169578,-18.2588484863671,0.));
#4552=CARTESIAN_POINT('',(-72.5012365904044,-19.0815716857666,2.5));
#4553=CARTESIAN_POINT('',(-72.5024764169578,-18.2588484863671,6.));
#4554=CARTESIAN_POINT('Origin',(-69.65,-19.9,6.));
#4555=CARTESIAN_POINT('',(-71.4,-19.9,6.));
#4556=CARTESIAN_POINT('Origin',(-69.65,-19.9,6.));
#4557=CARTESIAN_POINT('Origin',(-69.65,-19.9,2.5));
#4558=CARTESIAN_POINT('',(-71.4,-19.9,7.5));
#4559=CARTESIAN_POINT('Origin',(-69.65,-19.9,7.5));
#4560=CARTESIAN_POINT('',(-71.4,-19.9,2.5));
#4561=CARTESIAN_POINT('Origin',(-73.25,-23.5,2.5));
#4562=CARTESIAN_POINT('',(-73.25,-23.5,2.5));
#4563=CARTESIAN_POINT('',(-73.25,-19.9,2.5));
#4564=CARTESIAN_POINT('',(-73.25,-23.5,2.5));
#4565=CARTESIAN_POINT('',(-73.25,-23.5,7.5));
#4566=CARTESIAN_POINT('',(-73.25,-23.5,2.5));
#4567=CARTESIAN_POINT('',(-73.25,-19.9,7.5));
#4568=CARTESIAN_POINT('',(-73.25,-23.5,7.5));
#4569=CARTESIAN_POINT('',(-73.25,-19.9,2.5));
#4570=CARTESIAN_POINT('Origin',(-69.65,-23.5,2.5));
#4571=CARTESIAN_POINT('',(-69.65,-23.5,2.5));
#4572=CARTESIAN_POINT('',(73.25,-23.5,2.5));
#4573=CARTESIAN_POINT('',(-69.65,-23.5,7.5));
#4574=CARTESIAN_POINT('',(-69.65,-23.5,2.5));
#4575=CARTESIAN_POINT('',(73.25,-23.5,7.5));
#4576=CARTESIAN_POINT('Origin',(-69.65,-19.9,2.5));
#4577=CARTESIAN_POINT('Origin',(-69.65,-19.9,2.5));
#4578=CARTESIAN_POINT('Origin',(-69.65,-19.9,7.5));
#4579=CARTESIAN_POINT('Origin',(-69.65,-19.9,7.5));
#4580=CARTESIAN_POINT('Origin',(-69.65,-19.9,2.5));
#4581=CARTESIAN_POINT('Origin',(66.7975235830422,21.5411515136329,0.));
#4582=CARTESIAN_POINT('',(66.7975235830422,21.5411515136329,2.5));
#4583=CARTESIAN_POINT('',(66.8024828892557,18.250258716035,2.5));
#4584=CARTESIAN_POINT('',(66.7987634095956,20.7184283142334,2.5));
#4585=CARTESIAN_POINT('',(66.7975235830422,21.5411515136329,6.));
#4586=CARTESIAN_POINT('',(66.7975235830422,21.5411515136329,0.));
#4587=CARTESIAN_POINT('',(66.8024828892557,18.250258716035,6.));
#4588=CARTESIAN_POINT('',(66.7975235830422,21.5411515136329,6.));
#4589=CARTESIAN_POINT('',(66.8024828892557,18.250258716035,0.));
#4590=CARTESIAN_POINT('Origin',(66.8024828892557,18.250258716035,0.));
#4591=CARTESIAN_POINT('',(69.6549593062135,16.6091072024021,2.5));
#4592=CARTESIAN_POINT('',(67.5156019934952,17.8399708376268,2.5));
#4593=CARTESIAN_POINT('',(69.6549593062135,16.6091072024021,6.));
#4594=CARTESIAN_POINT('',(66.8024828892557,18.250258716035,6.));
#4595=CARTESIAN_POINT('',(69.6549593062135,16.6091072024021,0.));
#4596=CARTESIAN_POINT('Origin',(69.6549593062135,16.6091072024021,0.));
#4597=CARTESIAN_POINT('',(72.5024764169578,18.2588484863671,2.5));
#4598=CARTESIAN_POINT('',(70.3668385838996,17.0215425233933,2.5));
#4599=CARTESIAN_POINT('',(72.5024764169578,18.2588484863671,6.));
#4600=CARTESIAN_POINT('',(69.6549593062135,16.6091072024021,6.));
#4601=CARTESIAN_POINT('',(72.5024764169578,18.2588484863671,0.));
#4602=CARTESIAN_POINT('Origin',(72.5024764169578,18.2588484863671,0.));
#4603=CARTESIAN_POINT('',(72.4975171107443,21.549741283965,2.5));
#4604=CARTESIAN_POINT('',(72.5012365904044,19.0815716857666,2.5));
#4605=CARTESIAN_POINT('',(72.4975171107443,21.549741283965,6.));
#4606=CARTESIAN_POINT('',(72.5024764169578,18.2588484863671,6.));
#4607=CARTESIAN_POINT('',(72.4975171107443,21.549741283965,0.));
#4608=CARTESIAN_POINT('Origin',(69.6450406937865,23.1908927975979,0.));
#4609=CARTESIAN_POINT('',(69.6450406937865,23.1908927975979,2.5));
#4610=CARTESIAN_POINT('',(68.9331614161004,22.7784574766067,2.5));
#4611=CARTESIAN_POINT('',(69.6450406937865,23.1908927975979,6.));
#4612=CARTESIAN_POINT('',(69.6450406937865,23.1908927975979,0.));
#4613=CARTESIAN_POINT('',(69.6450406937865,23.1908927975979,6.));
#4614=CARTESIAN_POINT('Origin',(72.4975171107443,21.549741283965,0.));
#4615=CARTESIAN_POINT('',(71.7843980065048,21.9600291623732,2.5));
#4616=CARTESIAN_POINT('',(72.4975171107443,21.549741283965,6.));
#4617=CARTESIAN_POINT('Origin',(69.65,19.9,6.));
#4618=CARTESIAN_POINT('',(71.4,19.9,6.));
#4619=CARTESIAN_POINT('Origin',(69.65,19.9,6.));
#4620=CARTESIAN_POINT('Origin',(69.65,19.9,2.5));
#4621=CARTESIAN_POINT('',(71.4,19.9,7.5));
#4622=CARTESIAN_POINT('Origin',(69.65,19.9,7.5));
#4623=CARTESIAN_POINT('',(71.4,19.9,2.5));
#4624=CARTESIAN_POINT('Origin',(73.25,23.5,2.5));
#4625=CARTESIAN_POINT('',(73.25,23.5,2.5));
#4626=CARTESIAN_POINT('',(73.25,19.9,2.5));
#4627=CARTESIAN_POINT('',(73.25,23.5,2.5));
#4628=CARTESIAN_POINT('',(73.25,23.5,7.5));
#4629=CARTESIAN_POINT('',(73.25,23.5,2.5));
#4630=CARTESIAN_POINT('',(73.25,19.9,7.5));
#4631=CARTESIAN_POINT('',(73.25,23.5,7.5));
#4632=CARTESIAN_POINT('',(73.25,19.9,2.5));
#4633=CARTESIAN_POINT('Origin',(69.65,23.5,2.5));
#4634=CARTESIAN_POINT('',(69.65,23.5,2.5));
#4635=CARTESIAN_POINT('',(-73.25,23.5,2.5));
#4636=CARTESIAN_POINT('',(69.65,23.5,7.5));
#4637=CARTESIAN_POINT('',(69.65,23.5,2.5));
#4638=CARTESIAN_POINT('',(-73.25,23.5,7.5));
#4639=CARTESIAN_POINT('Origin',(69.65,19.9,2.5));
#4640=CARTESIAN_POINT('Origin',(69.65,19.9,2.5));
#4641=CARTESIAN_POINT('Origin',(69.65,19.9,7.5));
#4642=CARTESIAN_POINT('Origin',(69.65,19.9,7.5));
#4643=CARTESIAN_POINT('Origin',(69.65,19.9,2.5));
#4644=CARTESIAN_POINT('Origin',(-69.6549593062135,16.6091072024021,0.));
#4645=CARTESIAN_POINT('',(-69.6549593062135,16.6091072024021,2.5));
#4646=CARTESIAN_POINT('',(-66.8024828892557,18.250258716035,2.5));
#4647=CARTESIAN_POINT('',(-68.9418402019741,17.0193950808103,2.5));
#4648=CARTESIAN_POINT('',(-69.6549593062135,16.6091072024021,6.));
#4649=CARTESIAN_POINT('',(-69.6549593062135,16.6091072024021,0.));
#4650=CARTESIAN_POINT('',(-66.8024828892557,18.250258716035,6.));
#4651=CARTESIAN_POINT('',(-66.8024828892557,18.250258716035,6.));
#4652=CARTESIAN_POINT('',(-66.8024828892557,18.250258716035,0.));
#4653=CARTESIAN_POINT('Origin',(-66.8024828892557,18.250258716035,0.));
#4654=CARTESIAN_POINT('',(-66.7975235830422,21.5411515136329,2.5));
#4655=CARTESIAN_POINT('',(-66.8012430627023,19.0729819154345,2.5));
#4656=CARTESIAN_POINT('',(-66.7975235830422,21.5411515136329,6.));
#4657=CARTESIAN_POINT('',(-66.7975235830422,21.5411515136329,6.));
#4658=CARTESIAN_POINT('',(-66.7975235830422,21.5411515136329,0.));
#4659=CARTESIAN_POINT('Origin',(-66.7975235830422,21.5411515136329,0.));
#4660=CARTESIAN_POINT('',(-69.6450406937865,23.1908927975979,2.5));
#4661=CARTESIAN_POINT('',(-67.5094028607283,21.9535868346242,2.5));
#4662=CARTESIAN_POINT('',(-69.6450406937865,23.1908927975979,6.));
#4663=CARTESIAN_POINT('',(-69.6450406937865,23.1908927975979,6.));
#4664=CARTESIAN_POINT('',(-69.6450406937865,23.1908927975979,0.));
#4665=CARTESIAN_POINT('Origin',(-69.6450406937865,23.1908927975979,0.));
#4666=CARTESIAN_POINT('',(-72.4975171107443,21.549741283965,2.5));
#4667=CARTESIAN_POINT('',(-70.358159798026,22.7806049191897,2.5));
#4668=CARTESIAN_POINT('',(-72.4975171107443,21.549741283965,6.));
#4669=CARTESIAN_POINT('',(-72.4975171107443,21.549741283965,6.));
#4670=CARTESIAN_POINT('',(-72.4975171107443,21.549741283965,0.));
#4671=CARTESIAN_POINT('Origin',(-72.5024764169578,18.2588484863671,0.));
#4672=CARTESIAN_POINT('',(-72.5024764169578,18.2588484863671,2.5));
#4673=CARTESIAN_POINT('',(-71.7905971392717,17.8464131653758,2.5));
#4674=CARTESIAN_POINT('',(-72.5024764169578,18.2588484863671,6.));
#4675=CARTESIAN_POINT('',(-72.5024764169578,18.2588484863671,0.));
#4676=CARTESIAN_POINT('',(-69.6549593062135,16.6091072024021,6.));
#4677=CARTESIAN_POINT('Origin',(-72.4975171107443,21.549741283965,0.));
#4678=CARTESIAN_POINT('',(-72.4987569372977,20.7270180845655,2.5));
#4679=CARTESIAN_POINT('',(-72.5024764169578,18.2588484863671,6.));
#4680=CARTESIAN_POINT('Origin',(-69.65,19.9,6.));
#4681=CARTESIAN_POINT('',(-71.4,19.9,6.));
#4682=CARTESIAN_POINT('Origin',(-69.65,19.9,6.));
#4683=CARTESIAN_POINT('Origin',(-69.65,19.9,2.5));
#4684=CARTESIAN_POINT('',(-71.4,19.9,7.5));
#4685=CARTESIAN_POINT('Origin',(-69.65,19.9,7.5));
#4686=CARTESIAN_POINT('',(-71.4,19.9,2.5));
#4687=CARTESIAN_POINT('Origin',(-73.25,23.5,2.5));
#4688=CARTESIAN_POINT('',(-73.25,23.5,2.5));
#4689=CARTESIAN_POINT('',(-73.25,19.9,2.5));
#4690=CARTESIAN_POINT('',(-73.25,23.5,2.5));
#4691=CARTESIAN_POINT('',(-73.25,19.9,7.5));
#4692=CARTESIAN_POINT('',(-73.25,19.9,2.5));
#4693=CARTESIAN_POINT('',(-73.25,23.5,7.5));
#4694=CARTESIAN_POINT('',(-73.25,23.5,7.5));
#4695=CARTESIAN_POINT('',(-73.25,23.5,2.5));
#4696=CARTESIAN_POINT('Origin',(-69.65,23.5,2.5));
#4697=CARTESIAN_POINT('',(-69.65,23.5,2.5));
#4698=CARTESIAN_POINT('',(73.25,23.5,2.5));
#4699=CARTESIAN_POINT('',(-69.65,23.5,7.5));
#4700=CARTESIAN_POINT('',(73.25,23.5,7.5));
#4701=CARTESIAN_POINT('',(-69.65,23.5,2.5));
#4702=CARTESIAN_POINT('Origin',(-69.65,19.9,2.5));
#4703=CARTESIAN_POINT('Origin',(-69.65,19.9,2.5));
#4704=CARTESIAN_POINT('Origin',(-69.65,19.9,7.5));
#4705=CARTESIAN_POINT('Origin',(-69.65,19.9,7.5));
#4706=CARTESIAN_POINT('Origin',(-69.65,19.9,2.5));
#4707=UNCERTAINTY_MEASURE_WITH_UNIT(LENGTH_MEASURE(0.01),#4711,
'DISTANCE_ACCURACY_VALUE',
'Maximum model space distance between geometric entities at asserted c
onnectivities');
#4708=UNCERTAINTY_MEASURE_WITH_UNIT(LENGTH_MEASURE(0.01),#4711,
'DISTANCE_ACCURACY_VALUE',
'Maximum model space distance between geometric entities at asserted c
onnectivities');
#4709=(
GEOMETRIC_REPRESENTATION_CONTEXT(3)
GLOBAL_UNCERTAINTY_ASSIGNED_CONTEXT((#4707))
GLOBAL_UNIT_ASSIGNED_CONTEXT((#4711,#4713,#4714))
REPRESENTATION_CONTEXT('','3D')
);
#4710=(
GEOMETRIC_REPRESENTATION_CONTEXT(3)
GLOBAL_UNCERTAINTY_ASSIGNED_CONTEXT((#4708))
GLOBAL_UNIT_ASSIGNED_CONTEXT((#4711,#4713,#4714))
REPRESENTATION_CONTEXT('','3D')
);
#4711=(
LENGTH_UNIT()
NAMED_UNIT(*)
SI_UNIT(.MILLI.,.METRE.)
);
#4712=(
LENGTH_UNIT()
NAMED_UNIT(*)
SI_UNIT($,.METRE.)
);
#4713=(
NAMED_UNIT(*)
PLANE_ANGLE_UNIT()
SI_UNIT($,.RADIAN.)
);
#4714=(
NAMED_UNIT(*)
SI_UNIT($,.STERADIAN.)
SOLID_ANGLE_UNIT()
);
#4715=SHAPE_DEFINITION_REPRESENTATION(#4716,#4717);
#4716=PRODUCT_DEFINITION_SHAPE('',$,#4719);
#4717=SHAPE_REPRESENTATION('',(#2883),#4709);
#4718=PRODUCT_DEFINITION_CONTEXT('part definition',#4723,'design');
#4719=PRODUCT_DEFINITION('base','base',#4720,#4718);
#4720=PRODUCT_DEFINITION_FORMATION('',$,#4725);
#4721=PRODUCT_RELATED_PRODUCT_CATEGORY('base','base',(#4725));
#4722=APPLICATION_PROTOCOL_DEFINITION('international standard',
'automotive_design',2009,#4723);
#4723=APPLICATION_CONTEXT(
'Core Data for Automotive Mechanical Design Process');
#4724=PRODUCT_CONTEXT('part definition',#4723,'mechanical');
#4725=PRODUCT('base','base',$,(#4724));
#4726=PRESENTATION_STYLE_ASSIGNMENT((#4727));
#4727=SURFACE_STYLE_USAGE(.BOTH.,#4728);
#4728=SURFACE_SIDE_STYLE('',(#4729));
#4729=SURFACE_STYLE_FILL_AREA(#4730);
#4730=FILL_AREA_STYLE('Steel - Satin',(#4731));
#4731=FILL_AREA_STYLE_COLOUR('Steel - Satin',#4732);
#4732=COLOUR_RGB('Steel - Satin',0.627450980392157,0.627450980392157,0.627450980392157);
ENDSEC;
END-ISO-10303-21;
