ISO-10303-21;
HEADER;
FILE_DESCRIPTION(('FreeCAD Model'),'2;1');
FILE_NAME('Open CASCADE Shape Model','2026-08-10T15:01:07',('FreeCAD'),(
    'FreeCAD'),'Open CASCADE STEP processor 7.9','FreeCAD','Unknown');
FILE_SCHEMA(('AUTOMOTIVE_DESIGN { 1 0 10303 214 1 1 1 1 }'));
ENDSEC;
DATA;
#1 = APPLICATION_PROTOCOL_DEFINITION('international standard',
  'automotive_design',2000,#2);
#2 = APPLICATION_CONTEXT(
  'core data for automotive mechanical design processes');
#3 = SHAPE_DEFINITION_REPRESENTATION(#4,#10);
#4 = PRODUCT_DEFINITION_SHAPE('','',#5);
#5 = PRODUCT_DEFINITION('design','',#6,#9);
#6 = PRODUCT_DEFINITION_FORMATION('','',#7);
#7 = PRODUCT('Open CASCADE STEP translator 7.9 1',
  'Open CASCADE STEP translator 7.9 1','',(#8));
#8 = PRODUCT_CONTEXT('',#2,'mechanical');
#9 = PRODUCT_DEFINITION_CONTEXT('part definition',#2,'design');
#10 = ADVANCED_BREP_SHAPE_REPRESENTATION('',(#11,#15),#3708);
#11 = AXIS2_PLACEMENT_3D('',#12,#13,#14);
#12 = CARTESIAN_POINT('',(0.,0.,0.));
#13 = DIRECTION('',(0.,0.,1.));
#14 = DIRECTION('',(1.,0.,-0.));
#15 = MANIFOLD_SOLID_BREP('',#16);
#16 = CLOSED_SHELL('',(#17,#84,#109,#176,#201,#268,#293,#335,#434,#499,
    #532,#565,#646,#745,#769,#870,#902,#945,#970,#994,#1019,#1043,#1068,
    #1085,#1116,#1140,#1164,#1181,#1206,#1230,#1254,#1278,#1303,#1346,
    #1371,#1395,#1420,#1444,#1469,#1493,#1511,#1550,#1574,#1606,#1678,
    #1745,#1770,#1806,#1831,#1895,#1957,#1969,#1994,#2056,#2078,#2100,
    #2117,#2129,#2147,#2165,#2177,#2198,#2216,#2237,#2255,#2279,#2294,
    #2325,#2349,#2615,#2640,#2660,#2685,#2705,#2730,#2755,#2775,#2800,
    #2820,#2845,#2870,#2890,#2915,#2935,#2960,#2985,#3005,#3030,#3050,
    #3075,#3100,#3120,#3145,#3165,#3190,#3215,#3235,#3260,#3280,#3305,
    #3322,#3339,#3361,#3378,#3395,#3412,#3429,#3441,#3458,#3470,#3492,
    #3509,#3526,#3543,#3560,#3572,#3594,#3611,#3628,#3645,#3662,#3674));
#17 = ADVANCED_FACE('',(#18,#68),#79,.T.);
#18 = FACE_BOUND('',#19,.T.);
#19 = EDGE_LOOP('',(#20,#30,#38,#46,#54,#62));
#20 = ORIENTED_EDGE('',*,*,#21,.F.);
#21 = EDGE_CURVE('',#22,#24,#26,.T.);
#22 = VERTEX_POINT('',#23);
#23 = CARTESIAN_POINT('',(72.497517110744,21.549741283965,6.));
#24 = VERTEX_POINT('',#25);
#25 = CARTESIAN_POINT('',(69.645040693786,23.190892797598,6.));
#26 = LINE('',#27,#28);
#27 = CARTESIAN_POINT('',(72.497517110744,21.549741283965,6.));
#28 = VECTOR('',#29,1.);
#29 = DIRECTION('',(-0.866777909046,0.498694351672,0.));
#30 = ORIENTED_EDGE('',*,*,#31,.F.);
#31 = EDGE_CURVE('',#32,#22,#34,.T.);
#32 = VERTEX_POINT('',#33);
#33 = CARTESIAN_POINT('',(72.502476416958,18.258848486367,6.));
#34 = LINE('',#35,#36);
#35 = CARTESIAN_POINT('',(72.502476416958,18.258848486367,6.));
#36 = VECTOR('',#37,1.);
#37 = DIRECTION('',(-1.506977251243E-03,0.999998864509,0.));
#38 = ORIENTED_EDGE('',*,*,#39,.F.);
#39 = EDGE_CURVE('',#40,#32,#42,.T.);
#40 = VERTEX_POINT('',#41);
#41 = CARTESIAN_POINT('',(69.654959306213,16.609107202402,6.));
#42 = LINE('',#43,#44);
#43 = CARTESIAN_POINT('',(69.654959306213,16.609107202402,6.));
#44 = VECTOR('',#45,1.);
#45 = DIRECTION('',(0.865270931795,0.501304512837,0.));
#46 = ORIENTED_EDGE('',*,*,#47,.F.);
#47 = EDGE_CURVE('',#48,#40,#50,.T.);
#48 = VERTEX_POINT('',#49);
#49 = CARTESIAN_POINT('',(66.802482889256,18.250258716035,6.));
#50 = LINE('',#51,#52);
#51 = CARTESIAN_POINT('',(66.802482889256,18.250258716035,6.));
#52 = VECTOR('',#53,1.);
#53 = DIRECTION('',(0.866777909046,-0.498694351672,0.));
#54 = ORIENTED_EDGE('',*,*,#55,.F.);
#55 = EDGE_CURVE('',#56,#48,#58,.T.);
#56 = VERTEX_POINT('',#57);
#57 = CARTESIAN_POINT('',(66.797523583042,21.541151513633,6.));
#58 = LINE('',#59,#60);
#59 = CARTESIAN_POINT('',(66.797523583042,21.541151513633,6.));
#60 = VECTOR('',#61,1.);
#61 = DIRECTION('',(1.506977251243E-03,-0.999998864509,0.));
#62 = ORIENTED_EDGE('',*,*,#63,.F.);
#63 = EDGE_CURVE('',#24,#56,#64,.T.);
#64 = LINE('',#65,#66);
#65 = CARTESIAN_POINT('',(69.645040693786,23.190892797598,6.));
#66 = VECTOR('',#67,1.);
#67 = DIRECTION('',(-0.865270931795,-0.501304512837,0.));
#68 = FACE_BOUND('',#69,.T.);
#69 = EDGE_LOOP('',(#70));
#70 = ORIENTED_EDGE('',*,*,#71,.F.);
#71 = EDGE_CURVE('',#72,#72,#74,.T.);
#72 = VERTEX_POINT('',#73);
#73 = CARTESIAN_POINT('',(71.4,19.9,6.));
#74 = CIRCLE('',#75,1.75);
#75 = AXIS2_PLACEMENT_3D('',#76,#77,#78);
#76 = CARTESIAN_POINT('',(69.65,19.9,6.));
#77 = DIRECTION('',(0.,0.,-1.));
#78 = DIRECTION('',(-1.,0.,0.));
#79 = PLANE('',#80);
#80 = AXIS2_PLACEMENT_3D('',#81,#82,#83);
#81 = CARTESIAN_POINT('',(69.65,19.9,6.));
#82 = DIRECTION('',(0.,0.,-1.));
#83 = DIRECTION('',(1.,0.,0.));
#84 = ADVANCED_FACE('',(#85),#104,.F.);
#85 = FACE_BOUND('',#86,.F.);
#86 = EDGE_LOOP('',(#87,#95,#96,#97));
#87 = ORIENTED_EDGE('',*,*,#88,.T.);
#88 = EDGE_CURVE('',#89,#72,#91,.T.);
#89 = VERTEX_POINT('',#90);
#90 = CARTESIAN_POINT('',(71.4,19.9,7.5));
#91 = LINE('',#92,#93);
#92 = CARTESIAN_POINT('',(71.4,19.9,2.5));
#93 = VECTOR('',#94,1.);
#94 = DIRECTION('',(0.,0.,-1.));
#95 = ORIENTED_EDGE('',*,*,#71,.F.);
#96 = ORIENTED_EDGE('',*,*,#88,.F.);
#97 = ORIENTED_EDGE('',*,*,#98,.F.);
#98 = EDGE_CURVE('',#89,#89,#99,.T.);
#99 = CIRCLE('',#100,1.75);
#100 = AXIS2_PLACEMENT_3D('',#101,#102,#103);
#101 = CARTESIAN_POINT('',(69.65,19.9,7.5));
#102 = DIRECTION('',(0.,0.,1.));
#103 = DIRECTION('',(-1.,0.,0.));
#104 = CYLINDRICAL_SURFACE('',#105,1.75);
#105 = AXIS2_PLACEMENT_3D('',#106,#107,#108);
#106 = CARTESIAN_POINT('',(69.65,19.9,2.5));
#107 = DIRECTION('',(0.,0.,-1.));
#108 = DIRECTION('',(-1.,0.,0.));
#109 = ADVANCED_FACE('',(#110,#160),#171,.T.);
#110 = FACE_BOUND('',#111,.T.);
#111 = EDGE_LOOP('',(#112,#122,#130,#138,#146,#154));
#112 = ORIENTED_EDGE('',*,*,#113,.F.);
#113 = EDGE_CURVE('',#114,#116,#118,.T.);
#114 = VERTEX_POINT('',#115);
#115 = CARTESIAN_POINT('',(-72.49751711074,21.549741283965,6.));
#116 = VERTEX_POINT('',#117);
#117 = CARTESIAN_POINT('',(-72.50247641695,18.258848486367,6.));
#118 = LINE('',#119,#120);
#119 = CARTESIAN_POINT('',(-72.50247641695,18.258848486367,6.));
#120 = VECTOR('',#121,1.);
#121 = DIRECTION('',(-1.50697725124E-03,-0.999998864509,0.));
#122 = ORIENTED_EDGE('',*,*,#123,.F.);
#123 = EDGE_CURVE('',#124,#114,#126,.T.);
#124 = VERTEX_POINT('',#125);
#125 = CARTESIAN_POINT('',(-69.64504069378,23.190892797598,6.));
#126 = LINE('',#127,#128);
#127 = CARTESIAN_POINT('',(-72.49751711074,21.549741283965,6.));
#128 = VECTOR('',#129,1.);
#129 = DIRECTION('',(-0.866777909046,-0.498694351672,0.));
#130 = ORIENTED_EDGE('',*,*,#131,.F.);
#131 = EDGE_CURVE('',#132,#124,#134,.T.);
#132 = VERTEX_POINT('',#133);
#133 = CARTESIAN_POINT('',(-66.79752358304,21.541151513633,6.));
#134 = LINE('',#135,#136);
#135 = CARTESIAN_POINT('',(-69.64504069378,23.190892797598,6.));
#136 = VECTOR('',#137,1.);
#137 = DIRECTION('',(-0.865270931795,0.501304512837,0.));
#138 = ORIENTED_EDGE('',*,*,#139,.F.);
#139 = EDGE_CURVE('',#140,#132,#142,.T.);
#140 = VERTEX_POINT('',#141);
#141 = CARTESIAN_POINT('',(-66.80248288925,18.250258716035,6.));
#142 = LINE('',#143,#144);
#143 = CARTESIAN_POINT('',(-66.79752358304,21.541151513633,6.));
#144 = VECTOR('',#145,1.);
#145 = DIRECTION('',(1.506977251245E-03,0.999998864509,0.));
#146 = ORIENTED_EDGE('',*,*,#147,.F.);
#147 = EDGE_CURVE('',#148,#140,#150,.T.);
#148 = VERTEX_POINT('',#149);
#149 = CARTESIAN_POINT('',(-69.65495930621,16.609107202402,6.));
#150 = LINE('',#151,#152);
#151 = CARTESIAN_POINT('',(-66.80248288925,18.250258716035,6.));
#152 = VECTOR('',#153,1.);
#153 = DIRECTION('',(0.866777909046,0.498694351672,0.));
#154 = ORIENTED_EDGE('',*,*,#155,.F.);
#155 = EDGE_CURVE('',#116,#148,#156,.T.);
#156 = LINE('',#157,#158);
#157 = CARTESIAN_POINT('',(-69.65495930621,16.609107202402,6.));
#158 = VECTOR('',#159,1.);
#159 = DIRECTION('',(0.865270931795,-0.501304512837,0.));
#160 = FACE_BOUND('',#161,.T.);
#161 = EDGE_LOOP('',(#162));
#162 = ORIENTED_EDGE('',*,*,#163,.F.);
#163 = EDGE_CURVE('',#164,#164,#166,.T.);
#164 = VERTEX_POINT('',#165);
#165 = CARTESIAN_POINT('',(-71.4,19.9,6.));
#166 = CIRCLE('',#167,1.75);
#167 = AXIS2_PLACEMENT_3D('',#168,#169,#170);
#168 = CARTESIAN_POINT('',(-69.65,19.9,6.));
#169 = DIRECTION('',(0.,0.,-1.));
#170 = DIRECTION('',(1.,0.,0.));
#171 = PLANE('',#172);
#172 = AXIS2_PLACEMENT_3D('',#173,#174,#175);
#173 = CARTESIAN_POINT('',(-69.65,19.9,6.));
#174 = DIRECTION('',(0.,0.,-1.));
#175 = DIRECTION('',(1.,0.,0.));
#176 = ADVANCED_FACE('',(#177),#196,.F.);
#177 = FACE_BOUND('',#178,.F.);
#178 = EDGE_LOOP('',(#179,#187,#188,#189));
#179 = ORIENTED_EDGE('',*,*,#180,.T.);
#180 = EDGE_CURVE('',#181,#164,#183,.T.);
#181 = VERTEX_POINT('',#182);
#182 = CARTESIAN_POINT('',(-71.4,19.9,7.5));
#183 = LINE('',#184,#185);
#184 = CARTESIAN_POINT('',(-71.4,19.9,2.5));
#185 = VECTOR('',#186,1.);
#186 = DIRECTION('',(0.,0.,-1.));
#187 = ORIENTED_EDGE('',*,*,#163,.F.);
#188 = ORIENTED_EDGE('',*,*,#180,.F.);
#189 = ORIENTED_EDGE('',*,*,#190,.T.);
#190 = EDGE_CURVE('',#181,#181,#191,.T.);
#191 = CIRCLE('',#192,1.75);
#192 = AXIS2_PLACEMENT_3D('',#193,#194,#195);
#193 = CARTESIAN_POINT('',(-69.65,19.9,7.5));
#194 = DIRECTION('',(0.,0.,-1.));
#195 = DIRECTION('',(1.,0.,0.));
#196 = CYLINDRICAL_SURFACE('',#197,1.75);
#197 = AXIS2_PLACEMENT_3D('',#198,#199,#200);
#198 = CARTESIAN_POINT('',(-69.65,19.9,2.5));
#199 = DIRECTION('',(0.,0.,1.));
#200 = DIRECTION('',(1.,0.,-0.));
#201 = ADVANCED_FACE('',(#202,#252),#263,.T.);
#202 = FACE_BOUND('',#203,.T.);
#203 = EDGE_LOOP('',(#204,#214,#222,#230,#238,#246));
#204 = ORIENTED_EDGE('',*,*,#205,.F.);
#205 = EDGE_CURVE('',#206,#208,#210,.T.);
#206 = VERTEX_POINT('',#207);
#207 = CARTESIAN_POINT('',(-72.50247641695,-18.25884848636,6.));
#208 = VERTEX_POINT('',#209);
#209 = CARTESIAN_POINT('',(-72.49751711074,-21.54974128396,6.));
#210 = LINE('',#211,#212);
#211 = CARTESIAN_POINT('',(-72.50247641695,-18.25884848636,6.));
#212 = VECTOR('',#213,1.);
#213 = DIRECTION('',(1.506977251243E-03,-0.999998864509,0.));
#214 = ORIENTED_EDGE('',*,*,#215,.F.);
#215 = EDGE_CURVE('',#216,#206,#218,.T.);
#216 = VERTEX_POINT('',#217);
#217 = CARTESIAN_POINT('',(-69.65495930621,-16.6091072024,6.));
#218 = LINE('',#219,#220);
#219 = CARTESIAN_POINT('',(-69.65495930621,-16.6091072024,6.));
#220 = VECTOR('',#221,1.);
#221 = DIRECTION('',(-0.865270931795,-0.501304512837,0.));
#222 = ORIENTED_EDGE('',*,*,#223,.F.);
#223 = EDGE_CURVE('',#224,#216,#226,.T.);
#224 = VERTEX_POINT('',#225);
#225 = CARTESIAN_POINT('',(-66.80248288925,-18.25025871603,6.));
#226 = LINE('',#227,#228);
#227 = CARTESIAN_POINT('',(-66.80248288925,-18.25025871603,6.));
#228 = VECTOR('',#229,1.);
#229 = DIRECTION('',(-0.866777909046,0.498694351672,0.));
#230 = ORIENTED_EDGE('',*,*,#231,.F.);
#231 = EDGE_CURVE('',#232,#224,#234,.T.);
#232 = VERTEX_POINT('',#233);
#233 = CARTESIAN_POINT('',(-66.79752358304,-21.54115151363,6.));
#234 = LINE('',#235,#236);
#235 = CARTESIAN_POINT('',(-66.79752358304,-21.54115151363,6.));
#236 = VECTOR('',#237,1.);
#237 = DIRECTION('',(-1.506977251243E-03,0.999998864509,0.));
#238 = ORIENTED_EDGE('',*,*,#239,.F.);
#239 = EDGE_CURVE('',#240,#232,#242,.T.);
#240 = VERTEX_POINT('',#241);
#241 = CARTESIAN_POINT('',(-69.64504069378,-23.19089279759,6.));
#242 = LINE('',#243,#244);
#243 = CARTESIAN_POINT('',(-69.64504069378,-23.19089279759,6.));
#244 = VECTOR('',#245,1.);
#245 = DIRECTION('',(0.865270931795,0.501304512837,0.));
#246 = ORIENTED_EDGE('',*,*,#247,.F.);
#247 = EDGE_CURVE('',#208,#240,#248,.T.);
#248 = LINE('',#249,#250);
#249 = CARTESIAN_POINT('',(-72.49751711074,-21.54974128396,6.));
#250 = VECTOR('',#251,1.);
#251 = DIRECTION('',(0.866777909046,-0.498694351672,0.));
#252 = FACE_BOUND('',#253,.T.);
#253 = EDGE_LOOP('',(#254));
#254 = ORIENTED_EDGE('',*,*,#255,.F.);
#255 = EDGE_CURVE('',#256,#256,#258,.T.);
#256 = VERTEX_POINT('',#257);
#257 = CARTESIAN_POINT('',(-71.4,-19.9,6.));
#258 = CIRCLE('',#259,1.75);
#259 = AXIS2_PLACEMENT_3D('',#260,#261,#262);
#260 = CARTESIAN_POINT('',(-69.65,-19.9,6.));
#261 = DIRECTION('',(0.,0.,-1.));
#262 = DIRECTION('',(1.,0.,0.));
#263 = PLANE('',#264);
#264 = AXIS2_PLACEMENT_3D('',#265,#266,#267);
#265 = CARTESIAN_POINT('',(-69.65,-19.9,6.));
#266 = DIRECTION('',(0.,0.,-1.));
#267 = DIRECTION('',(1.,0.,0.));
#268 = ADVANCED_FACE('',(#269),#288,.F.);
#269 = FACE_BOUND('',#270,.F.);
#270 = EDGE_LOOP('',(#271,#279,#280,#281));
#271 = ORIENTED_EDGE('',*,*,#272,.T.);
#272 = EDGE_CURVE('',#273,#256,#275,.T.);
#273 = VERTEX_POINT('',#274);
#274 = CARTESIAN_POINT('',(-71.4,-19.9,7.5));
#275 = LINE('',#276,#277);
#276 = CARTESIAN_POINT('',(-71.4,-19.9,2.5));
#277 = VECTOR('',#278,1.);
#278 = DIRECTION('',(0.,0.,-1.));
#279 = ORIENTED_EDGE('',*,*,#255,.F.);
#280 = ORIENTED_EDGE('',*,*,#272,.F.);
#281 = ORIENTED_EDGE('',*,*,#282,.F.);
#282 = EDGE_CURVE('',#273,#273,#283,.T.);
#283 = CIRCLE('',#284,1.75);
#284 = AXIS2_PLACEMENT_3D('',#285,#286,#287);
#285 = CARTESIAN_POINT('',(-69.65,-19.9,7.5));
#286 = DIRECTION('',(0.,0.,1.));
#287 = DIRECTION('',(1.,0.,-0.));
#288 = CYLINDRICAL_SURFACE('',#289,1.75);
#289 = AXIS2_PLACEMENT_3D('',#290,#291,#292);
#290 = CARTESIAN_POINT('',(-69.65,-19.9,2.5));
#291 = DIRECTION('',(0.,0.,-1.));
#292 = DIRECTION('',(1.,0.,0.));
#293 = ADVANCED_FACE('',(#294),#330,.T.);
#294 = FACE_BOUND('',#295,.T.);
#295 = EDGE_LOOP('',(#296,#307,#315,#324));
#296 = ORIENTED_EDGE('',*,*,#297,.T.);
#297 = EDGE_CURVE('',#298,#300,#302,.T.);
#298 = VERTEX_POINT('',#299);
#299 = CARTESIAN_POINT('',(-73.25,-26.5,26.));
#300 = VERTEX_POINT('',#301);
#301 = CARTESIAN_POINT('',(-76.25,-23.5,26.));
#302 = CIRCLE('',#303,3.);
#303 = AXIS2_PLACEMENT_3D('',#304,#305,#306);
#304 = CARTESIAN_POINT('',(-73.25,-23.5,26.));
#305 = DIRECTION('',(0.,0.,-1.));
#306 = DIRECTION('',(-0.707106781187,-0.707106781187,-0.));
#307 = ORIENTED_EDGE('',*,*,#308,.T.);
#308 = EDGE_CURVE('',#300,#309,#311,.T.);
#309 = VERTEX_POINT('',#310);
#310 = CARTESIAN_POINT('',(-76.25,-23.5,0.));
#311 = LINE('',#312,#313);
#312 = CARTESIAN_POINT('',(-76.25,-23.5,0.));
#313 = VECTOR('',#314,1.);
#314 = DIRECTION('',(0.,0.,-1.));
#315 = ORIENTED_EDGE('',*,*,#316,.T.);
#316 = EDGE_CURVE('',#309,#317,#319,.T.);
#317 = VERTEX_POINT('',#318);
#318 = CARTESIAN_POINT('',(-73.25,-26.5,0.));
#319 = CIRCLE('',#320,3.);
#320 = AXIS2_PLACEMENT_3D('',#321,#322,#323);
#321 = CARTESIAN_POINT('',(-73.25,-23.5,0.));
#322 = DIRECTION('',(0.,0.,1.));
#323 = DIRECTION('',(-0.707106781187,-0.707106781187,0.));
#324 = ORIENTED_EDGE('',*,*,#325,.T.);
#325 = EDGE_CURVE('',#317,#298,#326,.T.);
#326 = LINE('',#327,#328);
#327 = CARTESIAN_POINT('',(-73.25,-26.5,0.));
#328 = VECTOR('',#329,1.);
#329 = DIRECTION('',(0.,0.,1.));
#330 = CYLINDRICAL_SURFACE('',#331,3.);
#331 = AXIS2_PLACEMENT_3D('',#332,#333,#334);
#332 = CARTESIAN_POINT('',(-73.25,-23.5,0.));
#333 = DIRECTION('',(0.,0.,1.));
#334 = DIRECTION('',(-0.707106781187,-0.707106781187,0.));
#335 = ADVANCED_FACE('',(#336),#429,.T.);
#336 = FACE_BOUND('',#337,.T.);
#337 = EDGE_LOOP('',(#338,#349,#357,#365,#371,#372,#380,#389,#397,#406,
    #414,#423));
#338 = ORIENTED_EDGE('',*,*,#339,.F.);
#339 = EDGE_CURVE('',#340,#342,#344,.T.);
#340 = VERTEX_POINT('',#341);
#341 = CARTESIAN_POINT('',(-76.25,19.5,26.));
#342 = VERTEX_POINT('',#343);
#343 = CARTESIAN_POINT('',(-76.25,15.5,22.));
#344 = CIRCLE('',#345,4.);
#345 = AXIS2_PLACEMENT_3D('',#346,#347,#348);
#346 = CARTESIAN_POINT('',(-76.25,19.5,22.));
#347 = DIRECTION('',(1.,-1.675808339057E-16,-1.232595164408E-32));
#348 = DIRECTION('',(-1.184975440516E-16,-0.707106781187,0.707106781187)
  );
#349 = ORIENTED_EDGE('',*,*,#350,.F.);
#350 = EDGE_CURVE('',#351,#340,#353,.T.);
#351 = VERTEX_POINT('',#352);
#352 = CARTESIAN_POINT('',(-76.25,23.5,26.));
#353 = LINE('',#354,#355);
#354 = CARTESIAN_POINT('',(-76.25,26.5,26.));
#355 = VECTOR('',#356,1.);
#356 = DIRECTION('',(-1.675808339057E-16,-1.,0.));
#357 = ORIENTED_EDGE('',*,*,#358,.F.);
#358 = EDGE_CURVE('',#359,#351,#361,.T.);
#359 = VERTEX_POINT('',#360);
#360 = CARTESIAN_POINT('',(-76.25,23.5,0.));
#361 = LINE('',#362,#363);
#362 = CARTESIAN_POINT('',(-76.25,23.5,0.));
#363 = VECTOR('',#364,1.);
#364 = DIRECTION('',(0.,0.,1.));
#365 = ORIENTED_EDGE('',*,*,#366,.F.);
#366 = EDGE_CURVE('',#309,#359,#367,.T.);
#367 = LINE('',#368,#369);
#368 = CARTESIAN_POINT('',(-76.25,-26.5,0.));
#369 = VECTOR('',#370,1.);
#370 = DIRECTION('',(1.675808339057E-16,1.,0.));
#371 = ORIENTED_EDGE('',*,*,#308,.F.);
#372 = ORIENTED_EDGE('',*,*,#373,.F.);
#373 = EDGE_CURVE('',#374,#300,#376,.T.);
#374 = VERTEX_POINT('',#375);
#375 = CARTESIAN_POINT('',(-76.25,-11.5,26.));
#376 = LINE('',#377,#378);
#377 = CARTESIAN_POINT('',(-76.25,26.5,26.));
#378 = VECTOR('',#379,1.);
#379 = DIRECTION('',(-1.675808339057E-16,-1.,0.));
#380 = ORIENTED_EDGE('',*,*,#381,.F.);
#381 = EDGE_CURVE('',#382,#374,#384,.T.);
#382 = VERTEX_POINT('',#383);
#383 = CARTESIAN_POINT('',(-76.25,-7.5,22.));
#384 = CIRCLE('',#385,4.);
#385 = AXIS2_PLACEMENT_3D('',#386,#387,#388);
#386 = CARTESIAN_POINT('',(-76.25,-11.5,22.));
#387 = DIRECTION('',(1.,-1.675808339057E-16,1.232595164408E-32));
#388 = DIRECTION('',(1.184975440516E-16,0.707106781187,0.707106781187));
#389 = ORIENTED_EDGE('',*,*,#390,.T.);
#390 = EDGE_CURVE('',#382,#391,#393,.T.);
#391 = VERTEX_POINT('',#392);
#392 = CARTESIAN_POINT('',(-76.25,-7.5,6.));
#393 = LINE('',#394,#395);
#394 = CARTESIAN_POINT('',(-76.25,-7.5,2.));
#395 = VECTOR('',#396,1.);
#396 = DIRECTION('',(0.,0.,-1.));
#397 = ORIENTED_EDGE('',*,*,#398,.F.);
#398 = EDGE_CURVE('',#399,#391,#401,.T.);
#399 = VERTEX_POINT('',#400);
#400 = CARTESIAN_POINT('',(-76.25,-5.5,4.));
#401 = CIRCLE('',#402,2.);
#402 = AXIS2_PLACEMENT_3D('',#403,#404,#405);
#403 = CARTESIAN_POINT('',(-76.25,-5.5,6.));
#404 = DIRECTION('',(-1.,1.675808339057E-16,0.));
#405 = DIRECTION('',(-1.184975440516E-16,-0.707106781187,-0.707106781187
    ));
#406 = ORIENTED_EDGE('',*,*,#407,.T.);
#407 = EDGE_CURVE('',#399,#408,#410,.T.);
#408 = VERTEX_POINT('',#409);
#409 = CARTESIAN_POINT('',(-76.25,13.5,4.));
#410 = LINE('',#411,#412);
#411 = CARTESIAN_POINT('',(-76.25,21.,4.));
#412 = VECTOR('',#413,1.);
#413 = DIRECTION('',(1.675808339057E-16,1.,0.));
#414 = ORIENTED_EDGE('',*,*,#415,.F.);
#415 = EDGE_CURVE('',#416,#408,#418,.T.);
#416 = VERTEX_POINT('',#417);
#417 = CARTESIAN_POINT('',(-76.25,15.5,6.));
#418 = CIRCLE('',#419,2.);
#419 = AXIS2_PLACEMENT_3D('',#420,#421,#422);
#420 = CARTESIAN_POINT('',(-76.25,13.5,6.));
#421 = DIRECTION('',(-1.,1.675808339057E-16,0.));
#422 = DIRECTION('',(1.184975440516E-16,0.707106781187,-0.707106781187)
  );
#423 = ORIENTED_EDGE('',*,*,#424,.T.);
#424 = EDGE_CURVE('',#416,#342,#425,.T.);
#425 = LINE('',#426,#427);
#426 = CARTESIAN_POINT('',(-76.25,15.5,13.));
#427 = VECTOR('',#428,1.);
#428 = DIRECTION('',(0.,0.,1.));
#429 = PLANE('',#430);
#430 = AXIS2_PLACEMENT_3D('',#431,#432,#433);
#431 = CARTESIAN_POINT('',(-76.25,26.5,0.));
#432 = DIRECTION('',(-1.,1.675808339057E-16,0.));
#433 = DIRECTION('',(-1.675808339057E-16,-1.,0.));
#434 = ADVANCED_FACE('',(#435,#460),#494,.T.);
#435 = FACE_BOUND('',#436,.T.);
#436 = EDGE_LOOP('',(#437,#438,#446,#454));
#437 = ORIENTED_EDGE('',*,*,#325,.F.);
#438 = ORIENTED_EDGE('',*,*,#439,.F.);
#439 = EDGE_CURVE('',#440,#317,#442,.T.);
#440 = VERTEX_POINT('',#441);
#441 = CARTESIAN_POINT('',(73.25,-26.5,0.));
#442 = LINE('',#443,#444);
#443 = CARTESIAN_POINT('',(76.25,-26.5,0.));
#444 = VECTOR('',#445,1.);
#445 = DIRECTION('',(-1.,0.,0.));
#446 = ORIENTED_EDGE('',*,*,#447,.F.);
#447 = EDGE_CURVE('',#448,#440,#450,.T.);
#448 = VERTEX_POINT('',#449);
#449 = CARTESIAN_POINT('',(73.25,-26.5,26.));
#450 = LINE('',#451,#452);
#451 = CARTESIAN_POINT('',(73.25,-26.5,0.));
#452 = VECTOR('',#453,1.);
#453 = DIRECTION('',(0.,0.,-1.));
#454 = ORIENTED_EDGE('',*,*,#455,.F.);
#455 = EDGE_CURVE('',#298,#448,#456,.T.);
#456 = LINE('',#457,#458);
#457 = CARTESIAN_POINT('',(-76.25,-26.5,26.));
#458 = VECTOR('',#459,1.);
#459 = DIRECTION('',(1.,0.,0.));
#460 = FACE_BOUND('',#461,.T.);
#461 = EDGE_LOOP('',(#462,#472,#480,#488));
#462 = ORIENTED_EDGE('',*,*,#463,.F.);
#463 = EDGE_CURVE('',#464,#466,#468,.T.);
#464 = VERTEX_POINT('',#465);
#465 = CARTESIAN_POINT('',(0.5,-26.5,5.5));
#466 = VERTEX_POINT('',#467);
#467 = CARTESIAN_POINT('',(0.5,-26.5,15.5));
#468 = LINE('',#469,#470);
#469 = CARTESIAN_POINT('',(0.5,-26.5,3.25));
#470 = VECTOR('',#471,1.);
#471 = DIRECTION('',(0.,0.,1.));
#472 = ORIENTED_EDGE('',*,*,#473,.F.);
#473 = EDGE_CURVE('',#474,#464,#476,.T.);
#474 = VERTEX_POINT('',#475);
#475 = CARTESIAN_POINT('',(-13.5,-26.5,5.5));
#476 = LINE('',#477,#478);
#477 = CARTESIAN_POINT('',(-44.375,-26.5,5.5));
#478 = VECTOR('',#479,1.);
#479 = DIRECTION('',(1.,0.,0.));
#480 = ORIENTED_EDGE('',*,*,#481,.F.);
#481 = EDGE_CURVE('',#482,#474,#484,.T.);
#482 = VERTEX_POINT('',#483);
#483 = CARTESIAN_POINT('',(-13.5,-26.5,15.5));
#484 = LINE('',#485,#486);
#485 = CARTESIAN_POINT('',(-13.5,-26.5,7.25));
#486 = VECTOR('',#487,1.);
#487 = DIRECTION('',(2.775557561563E-16,0.,-1.));
#488 = ORIENTED_EDGE('',*,*,#489,.F.);
#489 = EDGE_CURVE('',#466,#482,#490,.T.);
#490 = LINE('',#491,#492);
#491 = CARTESIAN_POINT('',(-38.375,-26.5,15.5));
#492 = VECTOR('',#493,1.);
#493 = DIRECTION('',(-1.,0.,0.));
#494 = PLANE('',#495);
#495 = AXIS2_PLACEMENT_3D('',#496,#497,#498);
#496 = CARTESIAN_POINT('',(-76.25,-26.5,0.));
#497 = DIRECTION('',(0.,-1.,0.));
#498 = DIRECTION('',(1.,0.,0.));
#499 = ADVANCED_FACE('',(#500),#527,.T.);
#500 = FACE_BOUND('',#501,.T.);
#501 = EDGE_LOOP('',(#502,#511,#519,#526));
#502 = ORIENTED_EDGE('',*,*,#503,.T.);
#503 = EDGE_CURVE('',#351,#504,#506,.T.);
#504 = VERTEX_POINT('',#505);
#505 = CARTESIAN_POINT('',(-73.25,26.5,26.));
#506 = CIRCLE('',#507,3.);
#507 = AXIS2_PLACEMENT_3D('',#508,#509,#510);
#508 = CARTESIAN_POINT('',(-73.25,23.5,26.));
#509 = DIRECTION('',(0.,0.,-1.));
#510 = DIRECTION('',(-0.707106781187,0.707106781187,0.));
#511 = ORIENTED_EDGE('',*,*,#512,.T.);
#512 = EDGE_CURVE('',#504,#513,#515,.T.);
#513 = VERTEX_POINT('',#514);
#514 = CARTESIAN_POINT('',(-73.25,26.5,0.));
#515 = LINE('',#516,#517);
#516 = CARTESIAN_POINT('',(-73.25,26.5,0.));
#517 = VECTOR('',#518,1.);
#518 = DIRECTION('',(0.,0.,-1.));
#519 = ORIENTED_EDGE('',*,*,#520,.T.);
#520 = EDGE_CURVE('',#513,#359,#521,.T.);
#521 = CIRCLE('',#522,3.);
#522 = AXIS2_PLACEMENT_3D('',#523,#524,#525);
#523 = CARTESIAN_POINT('',(-73.25,23.5,0.));
#524 = DIRECTION('',(0.,0.,1.));
#525 = DIRECTION('',(-0.707106781187,0.707106781187,0.));
#526 = ORIENTED_EDGE('',*,*,#358,.T.);
#527 = CYLINDRICAL_SURFACE('',#528,3.);
#528 = AXIS2_PLACEMENT_3D('',#529,#530,#531);
#529 = CARTESIAN_POINT('',(-73.25,23.5,0.));
#530 = DIRECTION('',(0.,0.,1.));
#531 = DIRECTION('',(-0.707106781187,0.707106781187,0.));
#532 = ADVANCED_FACE('',(#533),#560,.T.);
#533 = FACE_BOUND('',#534,.T.);
#534 = EDGE_LOOP('',(#535,#544,#545,#554));
#535 = ORIENTED_EDGE('',*,*,#536,.T.);
#536 = EDGE_CURVE('',#537,#448,#539,.T.);
#537 = VERTEX_POINT('',#538);
#538 = CARTESIAN_POINT('',(76.25,-23.5,26.));
#539 = CIRCLE('',#540,3.);
#540 = AXIS2_PLACEMENT_3D('',#541,#542,#543);
#541 = CARTESIAN_POINT('',(73.25,-23.5,26.));
#542 = DIRECTION('',(0.,0.,-1.));
#543 = DIRECTION('',(0.707106781187,-0.707106781187,0.));
#544 = ORIENTED_EDGE('',*,*,#447,.T.);
#545 = ORIENTED_EDGE('',*,*,#546,.T.);
#546 = EDGE_CURVE('',#440,#547,#549,.T.);
#547 = VERTEX_POINT('',#548);
#548 = CARTESIAN_POINT('',(76.25,-23.5,0.));
#549 = CIRCLE('',#550,3.);
#550 = AXIS2_PLACEMENT_3D('',#551,#552,#553);
#551 = CARTESIAN_POINT('',(73.25,-23.5,0.));
#552 = DIRECTION('',(0.,0.,1.));
#553 = DIRECTION('',(0.707106781187,-0.707106781187,0.));
#554 = ORIENTED_EDGE('',*,*,#555,.T.);
#555 = EDGE_CURVE('',#547,#537,#556,.T.);
#556 = LINE('',#557,#558);
#557 = CARTESIAN_POINT('',(76.25,-23.5,0.));
#558 = VECTOR('',#559,1.);
#559 = DIRECTION('',(0.,0.,1.));
#560 = CYLINDRICAL_SURFACE('',#561,3.);
#561 = AXIS2_PLACEMENT_3D('',#562,#563,#564);
#562 = CARTESIAN_POINT('',(73.25,-23.5,0.));
#563 = DIRECTION('',(0.,0.,1.));
#564 = DIRECTION('',(0.707106781187,-0.707106781187,0.));
#565 = ADVANCED_FACE('',(#566),#641,.T.);
#566 = FACE_BOUND('',#567,.T.);
#567 = EDGE_LOOP('',(#568,#579,#587,#595,#603,#612,#620,#628,#634,#635)
  );
#568 = ORIENTED_EDGE('',*,*,#569,.F.);
#569 = EDGE_CURVE('',#570,#572,#574,.T.);
#570 = VERTEX_POINT('',#571);
#571 = CARTESIAN_POINT('',(-67.35,26.5,22.));
#572 = VERTEX_POINT('',#573);
#573 = CARTESIAN_POINT('',(-71.35,26.5,26.));
#574 = CIRCLE('',#575,4.);
#575 = AXIS2_PLACEMENT_3D('',#576,#577,#578);
#576 = CARTESIAN_POINT('',(-71.35,26.5,22.));
#577 = DIRECTION('',(0.,-1.,0.));
#578 = DIRECTION('',(0.707106781187,0.,0.707106781187));
#579 = ORIENTED_EDGE('',*,*,#580,.T.);
#580 = EDGE_CURVE('',#570,#581,#583,.T.);
#581 = VERTEX_POINT('',#582);
#582 = CARTESIAN_POINT('',(-67.35,26.5,4.));
#583 = LINE('',#584,#585);
#584 = CARTESIAN_POINT('',(-67.35,26.5,2.));
#585 = VECTOR('',#586,1.);
#586 = DIRECTION('',(0.,0.,-1.));
#587 = ORIENTED_EDGE('',*,*,#588,.T.);
#588 = EDGE_CURVE('',#581,#589,#591,.T.);
#589 = VERTEX_POINT('',#590);
#590 = CARTESIAN_POINT('',(66.15,26.5,4.));
#591 = LINE('',#592,#593);
#592 = CARTESIAN_POINT('',(71.2,26.5,4.));
#593 = VECTOR('',#594,1.);
#594 = DIRECTION('',(1.,0.,0.));
#595 = ORIENTED_EDGE('',*,*,#596,.T.);
#596 = EDGE_CURVE('',#589,#597,#599,.T.);
#597 = VERTEX_POINT('',#598);
#598 = CARTESIAN_POINT('',(66.15,26.5,22.));
#599 = LINE('',#600,#601);
#600 = CARTESIAN_POINT('',(66.15,26.5,13.));
#601 = VECTOR('',#602,1.);
#602 = DIRECTION('',(0.,0.,1.));
#603 = ORIENTED_EDGE('',*,*,#604,.F.);
#604 = EDGE_CURVE('',#605,#597,#607,.T.);
#605 = VERTEX_POINT('',#606);
#606 = CARTESIAN_POINT('',(70.15,26.5,26.));
#607 = CIRCLE('',#608,4.);
#608 = AXIS2_PLACEMENT_3D('',#609,#610,#611);
#609 = CARTESIAN_POINT('',(70.15,26.5,22.));
#610 = DIRECTION('',(0.,-1.,0.));
#611 = DIRECTION('',(-0.707106781187,0.,0.707106781187));
#612 = ORIENTED_EDGE('',*,*,#613,.F.);
#613 = EDGE_CURVE('',#614,#605,#616,.T.);
#614 = VERTEX_POINT('',#615);
#615 = CARTESIAN_POINT('',(73.25,26.5,26.));
#616 = LINE('',#617,#618);
#617 = CARTESIAN_POINT('',(76.25,26.5,26.));
#618 = VECTOR('',#619,1.);
#619 = DIRECTION('',(-1.,0.,0.));
#620 = ORIENTED_EDGE('',*,*,#621,.F.);
#621 = EDGE_CURVE('',#622,#614,#624,.T.);
#622 = VERTEX_POINT('',#623);
#623 = CARTESIAN_POINT('',(73.25,26.5,0.));
#624 = LINE('',#625,#626);
#625 = CARTESIAN_POINT('',(73.25,26.5,0.));
#626 = VECTOR('',#627,1.);
#627 = DIRECTION('',(0.,0.,1.));
#628 = ORIENTED_EDGE('',*,*,#629,.F.);
#629 = EDGE_CURVE('',#513,#622,#630,.T.);
#630 = LINE('',#631,#632);
#631 = CARTESIAN_POINT('',(-76.25,26.5,0.));
#632 = VECTOR('',#633,1.);
#633 = DIRECTION('',(1.,0.,0.));
#634 = ORIENTED_EDGE('',*,*,#512,.F.);
#635 = ORIENTED_EDGE('',*,*,#636,.F.);
#636 = EDGE_CURVE('',#572,#504,#637,.T.);
#637 = LINE('',#638,#639);
#638 = CARTESIAN_POINT('',(76.25,26.5,26.));
#639 = VECTOR('',#640,1.);
#640 = DIRECTION('',(-1.,0.,0.));
#641 = PLANE('',#642);
#642 = AXIS2_PLACEMENT_3D('',#643,#644,#645);
#643 = CARTESIAN_POINT('',(76.25,26.5,0.));
#644 = DIRECTION('',(0.,1.,0.));
#645 = DIRECTION('',(-1.,0.,0.));
#646 = ADVANCED_FACE('',(#647),#740,.T.);
#647 = FACE_BOUND('',#648,.T.);
#648 = EDGE_LOOP('',(#649,#660,#668,#677,#685,#694,#702,#711,#717,#718,
    #726,#734));
#649 = ORIENTED_EDGE('',*,*,#650,.F.);
#650 = EDGE_CURVE('',#651,#653,#655,.T.);
#651 = VERTEX_POINT('',#652);
#652 = CARTESIAN_POINT('',(76.25,11.,22.));
#653 = VERTEX_POINT('',#654);
#654 = CARTESIAN_POINT('',(76.25,15.,26.));
#655 = CIRCLE('',#656,4.);
#656 = AXIS2_PLACEMENT_3D('',#657,#658,#659);
#657 = CARTESIAN_POINT('',(76.25,15.,22.));
#658 = DIRECTION('',(-1.,-1.675808339057E-16,-1.232595164408E-32));
#659 = DIRECTION('',(1.184975440516E-16,-0.707106781187,0.707106781187)
  );
#660 = ORIENTED_EDGE('',*,*,#661,.T.);
#661 = EDGE_CURVE('',#651,#662,#664,.T.);
#662 = VERTEX_POINT('',#663);
#663 = CARTESIAN_POINT('',(76.25,11.,6.));
#664 = LINE('',#665,#666);
#665 = CARTESIAN_POINT('',(76.25,11.,2.));
#666 = VECTOR('',#667,1.);
#667 = DIRECTION('',(0.,0.,-1.));
#668 = ORIENTED_EDGE('',*,*,#669,.F.);
#669 = EDGE_CURVE('',#670,#662,#672,.T.);
#670 = VERTEX_POINT('',#671);
#671 = CARTESIAN_POINT('',(76.25,9.,4.));
#672 = CIRCLE('',#673,2.);
#673 = AXIS2_PLACEMENT_3D('',#674,#675,#676);
#674 = CARTESIAN_POINT('',(76.25,9.,6.));
#675 = DIRECTION('',(1.,1.675808339057E-16,1.232595164408E-32));
#676 = DIRECTION('',(-1.184975440516E-16,0.707106781187,-0.707106781187)
  );
#677 = ORIENTED_EDGE('',*,*,#678,.T.);
#678 = EDGE_CURVE('',#670,#679,#681,.T.);
#679 = VERTEX_POINT('',#680);
#680 = CARTESIAN_POINT('',(76.25,-15.8,4.));
#681 = LINE('',#682,#683);
#682 = CARTESIAN_POINT('',(76.25,-22.15,4.));
#683 = VECTOR('',#684,1.);
#684 = DIRECTION('',(1.675808339057E-16,-1.,0.));
#685 = ORIENTED_EDGE('',*,*,#686,.F.);
#686 = EDGE_CURVE('',#687,#679,#689,.T.);
#687 = VERTEX_POINT('',#688);
#688 = CARTESIAN_POINT('',(76.25,-17.8,6.));
#689 = CIRCLE('',#690,2.);
#690 = AXIS2_PLACEMENT_3D('',#691,#692,#693);
#691 = CARTESIAN_POINT('',(76.25,-15.8,6.));
#692 = DIRECTION('',(1.,1.675808339057E-16,0.));
#693 = DIRECTION('',(1.184975440516E-16,-0.707106781187,-0.707106781187)
  );
#694 = ORIENTED_EDGE('',*,*,#695,.T.);
#695 = EDGE_CURVE('',#687,#696,#698,.T.);
#696 = VERTEX_POINT('',#697);
#697 = CARTESIAN_POINT('',(76.25,-17.8,22.));
#698 = LINE('',#699,#700);
#699 = CARTESIAN_POINT('',(76.25,-17.8,13.));
#700 = VECTOR('',#701,1.);
#701 = DIRECTION('',(0.,0.,1.));
#702 = ORIENTED_EDGE('',*,*,#703,.F.);
#703 = EDGE_CURVE('',#704,#696,#706,.T.);
#704 = VERTEX_POINT('',#705);
#705 = CARTESIAN_POINT('',(76.25,-21.8,26.));
#706 = CIRCLE('',#707,4.);
#707 = AXIS2_PLACEMENT_3D('',#708,#709,#710);
#708 = CARTESIAN_POINT('',(76.25,-21.8,22.));
#709 = DIRECTION('',(-1.,-1.675808339057E-16,1.232595164408E-32));
#710 = DIRECTION('',(-1.184975440516E-16,0.707106781187,0.707106781187)
  );
#711 = ORIENTED_EDGE('',*,*,#712,.F.);
#712 = EDGE_CURVE('',#537,#704,#713,.T.);
#713 = LINE('',#714,#715);
#714 = CARTESIAN_POINT('',(76.25,-26.5,26.));
#715 = VECTOR('',#716,1.);
#716 = DIRECTION('',(-1.675808339057E-16,1.,0.));
#717 = ORIENTED_EDGE('',*,*,#555,.F.);
#718 = ORIENTED_EDGE('',*,*,#719,.F.);
#719 = EDGE_CURVE('',#720,#547,#722,.T.);
#720 = VERTEX_POINT('',#721);
#721 = CARTESIAN_POINT('',(76.25,23.5,0.));
#722 = LINE('',#723,#724);
#723 = CARTESIAN_POINT('',(76.25,26.5,0.));
#724 = VECTOR('',#725,1.);
#725 = DIRECTION('',(1.675808339057E-16,-1.,0.));
#726 = ORIENTED_EDGE('',*,*,#727,.F.);
#727 = EDGE_CURVE('',#728,#720,#730,.T.);
#728 = VERTEX_POINT('',#729);
#729 = CARTESIAN_POINT('',(76.25,23.5,26.));
#730 = LINE('',#731,#732);
#731 = CARTESIAN_POINT('',(76.25,23.5,0.));
#732 = VECTOR('',#733,1.);
#733 = DIRECTION('',(0.,0.,-1.));
#734 = ORIENTED_EDGE('',*,*,#735,.F.);
#735 = EDGE_CURVE('',#653,#728,#736,.T.);
#736 = LINE('',#737,#738);
#737 = CARTESIAN_POINT('',(76.25,-26.5,26.));
#738 = VECTOR('',#739,1.);
#739 = DIRECTION('',(-1.675808339057E-16,1.,0.));
#740 = PLANE('',#741);
#741 = AXIS2_PLACEMENT_3D('',#742,#743,#744);
#742 = CARTESIAN_POINT('',(76.25,-26.5,0.));
#743 = DIRECTION('',(1.,1.675808339057E-16,0.));
#744 = DIRECTION('',(-1.675808339057E-16,1.,0.));
#745 = ADVANCED_FACE('',(#746),#764,.T.);
#746 = FACE_BOUND('',#747,.T.);
#747 = EDGE_LOOP('',(#748,#755,#756,#763));
#748 = ORIENTED_EDGE('',*,*,#749,.T.);
#749 = EDGE_CURVE('',#614,#728,#750,.T.);
#750 = CIRCLE('',#751,3.);
#751 = AXIS2_PLACEMENT_3D('',#752,#753,#754);
#752 = CARTESIAN_POINT('',(73.25,23.5,26.));
#753 = DIRECTION('',(0.,0.,-1.));
#754 = DIRECTION('',(0.707106781187,0.707106781187,0.));
#755 = ORIENTED_EDGE('',*,*,#727,.T.);
#756 = ORIENTED_EDGE('',*,*,#757,.T.);
#757 = EDGE_CURVE('',#720,#622,#758,.T.);
#758 = CIRCLE('',#759,3.);
#759 = AXIS2_PLACEMENT_3D('',#760,#761,#762);
#760 = CARTESIAN_POINT('',(73.25,23.5,0.));
#761 = DIRECTION('',(0.,0.,1.));
#762 = DIRECTION('',(0.707106781187,0.707106781187,-0.));
#763 = ORIENTED_EDGE('',*,*,#621,.T.);
#764 = CYLINDRICAL_SURFACE('',#765,3.);
#765 = AXIS2_PLACEMENT_3D('',#766,#767,#768);
#766 = CARTESIAN_POINT('',(73.25,23.5,0.));
#767 = DIRECTION('',(0.,0.,1.));
#768 = DIRECTION('',(0.707106781187,0.707106781187,-0.));
#769 = ADVANCED_FACE('',(#770),#865,.T.);
#770 = FACE_BOUND('',#771,.T.);
#771 = EDGE_LOOP('',(#772,#782,#790,#798,#806,#815,#823,#829,#830,#831,
    #832,#833,#834,#842,#850,#859));
#772 = ORIENTED_EDGE('',*,*,#773,.F.);
#773 = EDGE_CURVE('',#774,#776,#778,.T.);
#774 = VERTEX_POINT('',#775);
#775 = CARTESIAN_POINT('',(-0.5,-24.25,26.));
#776 = VERTEX_POINT('',#777);
#777 = CARTESIAN_POINT('',(0.25,-23.5,26.));
#778 = LINE('',#779,#780);
#779 = CARTESIAN_POINT('',(5.875,-17.875,26.));
#780 = VECTOR('',#781,1.);
#781 = DIRECTION('',(0.707106781187,0.707106781187,0.));
#782 = ORIENTED_EDGE('',*,*,#783,.T.);
#783 = EDGE_CURVE('',#774,#784,#786,.T.);
#784 = VERTEX_POINT('',#785);
#785 = CARTESIAN_POINT('',(-12.5,-24.25,26.));
#786 = LINE('',#787,#788);
#787 = CARTESIAN_POINT('',(-3.25,-24.25,26.));
#788 = VECTOR('',#789,1.);
#789 = DIRECTION('',(-1.,0.,0.));
#790 = ORIENTED_EDGE('',*,*,#791,.F.);
#791 = EDGE_CURVE('',#792,#784,#794,.T.);
#792 = VERTEX_POINT('',#793);
#793 = CARTESIAN_POINT('',(-13.25,-23.5,26.));
#794 = LINE('',#795,#796);
#795 = CARTESIAN_POINT('',(-15.625,-21.125,26.));
#796 = VECTOR('',#797,1.);
#797 = DIRECTION('',(0.707106781187,-0.707106781187,0.));
#798 = ORIENTED_EDGE('',*,*,#799,.T.);
#799 = EDGE_CURVE('',#792,#800,#802,.T.);
#800 = VERTEX_POINT('',#801);
#801 = CARTESIAN_POINT('',(-72.25,-23.5,26.));
#802 = LINE('',#803,#804);
#803 = CARTESIAN_POINT('',(-73.25,-23.5,26.));
#804 = VECTOR('',#805,1.);
#805 = DIRECTION('',(-1.,0.,0.));
#806 = ORIENTED_EDGE('',*,*,#807,.F.);
#807 = EDGE_CURVE('',#808,#800,#810,.T.);
#808 = VERTEX_POINT('',#809);
#809 = CARTESIAN_POINT('',(-73.25,-22.5,26.));
#810 = CIRCLE('',#811,1.);
#811 = AXIS2_PLACEMENT_3D('',#812,#813,#814);
#812 = CARTESIAN_POINT('',(-72.25,-22.5,26.));
#813 = DIRECTION('',(0.,0.,1.));
#814 = DIRECTION('',(-0.707106781187,-0.707106781187,0.));
#815 = ORIENTED_EDGE('',*,*,#816,.T.);
#816 = EDGE_CURVE('',#808,#817,#819,.T.);
#817 = VERTEX_POINT('',#818);
#818 = CARTESIAN_POINT('',(-73.25,-11.5,26.));
#819 = LINE('',#820,#821);
#820 = CARTESIAN_POINT('',(-73.25,23.5,26.));
#821 = VECTOR('',#822,1.);
#822 = DIRECTION('',(3.779482637022E-16,1.,0.));
#823 = ORIENTED_EDGE('',*,*,#824,.F.);
#824 = EDGE_CURVE('',#374,#817,#825,.T.);
#825 = LINE('',#826,#827);
#826 = CARTESIAN_POINT('',(-36.625,-11.5,26.));
#827 = VECTOR('',#828,1.);
#828 = DIRECTION('',(1.,-6.728624391668E-16,0.));
#829 = ORIENTED_EDGE('',*,*,#373,.T.);
#830 = ORIENTED_EDGE('',*,*,#297,.F.);
#831 = ORIENTED_EDGE('',*,*,#455,.T.);
#832 = ORIENTED_EDGE('',*,*,#536,.F.);
#833 = ORIENTED_EDGE('',*,*,#712,.T.);
#834 = ORIENTED_EDGE('',*,*,#835,.F.);
#835 = EDGE_CURVE('',#836,#704,#838,.T.);
#836 = VERTEX_POINT('',#837);
#837 = CARTESIAN_POINT('',(73.25,-21.8,26.));
#838 = LINE('',#839,#840);
#839 = CARTESIAN_POINT('',(36.625,-21.8,26.));
#840 = VECTOR('',#841,1.);
#841 = DIRECTION('',(1.,-6.728624391668E-16,0.));
#842 = ORIENTED_EDGE('',*,*,#843,.T.);
#843 = EDGE_CURVE('',#836,#844,#846,.T.);
#844 = VERTEX_POINT('',#845);
#845 = CARTESIAN_POINT('',(73.25,-22.5,26.));
#846 = LINE('',#847,#848);
#847 = CARTESIAN_POINT('',(73.25,-23.5,26.));
#848 = VECTOR('',#849,1.);
#849 = DIRECTION('',(-3.779482637022E-16,-1.,0.));
#850 = ORIENTED_EDGE('',*,*,#851,.F.);
#851 = EDGE_CURVE('',#852,#844,#854,.T.);
#852 = VERTEX_POINT('',#853);
#853 = CARTESIAN_POINT('',(72.25,-23.5,26.));
#854 = CIRCLE('',#855,1.);
#855 = AXIS2_PLACEMENT_3D('',#856,#857,#858);
#856 = CARTESIAN_POINT('',(72.25,-22.5,26.));
#857 = DIRECTION('',(0.,0.,1.));
#858 = DIRECTION('',(0.707106781187,-0.707106781187,0.));
#859 = ORIENTED_EDGE('',*,*,#860,.T.);
#860 = EDGE_CURVE('',#852,#776,#861,.T.);
#861 = LINE('',#862,#863);
#862 = CARTESIAN_POINT('',(-73.25,-23.5,26.));
#863 = VECTOR('',#864,1.);
#864 = DIRECTION('',(-1.,0.,0.));
#865 = PLANE('',#866);
#866 = AXIS2_PLACEMENT_3D('',#867,#868,#869);
#867 = CARTESIAN_POINT('',(8.881784197001E-15,4.440892098501E-15,26.));
#868 = DIRECTION('',(0.,0.,1.));
#869 = DIRECTION('',(1.,0.,-0.));
#870 = ADVANCED_FACE('',(#871),#897,.T.);
#871 = FACE_BOUND('',#872,.T.);
#872 = EDGE_LOOP('',(#873,#884,#890,#891));
#873 = ORIENTED_EDGE('',*,*,#874,.T.);
#874 = EDGE_CURVE('',#875,#877,#879,.T.);
#875 = VERTEX_POINT('',#876);
#876 = CARTESIAN_POINT('',(-73.25,15.5,22.));
#877 = VERTEX_POINT('',#878);
#878 = CARTESIAN_POINT('',(-73.25,19.5,26.));
#879 = CIRCLE('',#880,4.);
#880 = AXIS2_PLACEMENT_3D('',#881,#882,#883);
#881 = CARTESIAN_POINT('',(-73.25,19.5,22.));
#882 = DIRECTION('',(-1.,3.779482637022E-16,2.465190328816E-32));
#883 = DIRECTION('',(-2.672497802015E-16,-0.707106781187,0.707106781187)
  );
#884 = ORIENTED_EDGE('',*,*,#885,.T.);
#885 = EDGE_CURVE('',#877,#340,#886,.T.);
#886 = LINE('',#887,#888);
#887 = CARTESIAN_POINT('',(-36.625,19.5,26.));
#888 = VECTOR('',#889,1.);
#889 = DIRECTION('',(-1.,6.728624391668E-16,0.));
#890 = ORIENTED_EDGE('',*,*,#339,.T.);
#891 = ORIENTED_EDGE('',*,*,#892,.T.);
#892 = EDGE_CURVE('',#342,#875,#893,.T.);
#893 = LINE('',#894,#895);
#894 = CARTESIAN_POINT('',(-36.625,15.5,22.));
#895 = VECTOR('',#896,1.);
#896 = DIRECTION('',(1.,-6.728624391668E-16,0.));
#897 = CYLINDRICAL_SURFACE('',#898,4.);
#898 = AXIS2_PLACEMENT_3D('',#899,#900,#901);
#899 = CARTESIAN_POINT('',(-36.625,19.5,22.));
#900 = DIRECTION('',(1.,-6.728624391668E-16,0.));
#901 = DIRECTION('',(-4.757855935405E-16,-0.707106781187,0.707106781187)
  );
#902 = ADVANCED_FACE('',(#903),#940,.T.);
#903 = FACE_BOUND('',#904,.T.);
#904 = EDGE_LOOP('',(#905,#906,#914,#923,#931,#937,#938,#939));
#905 = ORIENTED_EDGE('',*,*,#885,.F.);
#906 = ORIENTED_EDGE('',*,*,#907,.T.);
#907 = EDGE_CURVE('',#877,#908,#910,.T.);
#908 = VERTEX_POINT('',#909);
#909 = CARTESIAN_POINT('',(-73.25,22.5,26.));
#910 = LINE('',#911,#912);
#911 = CARTESIAN_POINT('',(-73.25,23.5,26.));
#912 = VECTOR('',#913,1.);
#913 = DIRECTION('',(3.779482637022E-16,1.,0.));
#914 = ORIENTED_EDGE('',*,*,#915,.F.);
#915 = EDGE_CURVE('',#916,#908,#918,.T.);
#916 = VERTEX_POINT('',#917);
#917 = CARTESIAN_POINT('',(-72.25,23.5,26.));
#918 = CIRCLE('',#919,1.);
#919 = AXIS2_PLACEMENT_3D('',#920,#921,#922);
#920 = CARTESIAN_POINT('',(-72.25,22.5,26.));
#921 = DIRECTION('',(0.,0.,1.));
#922 = DIRECTION('',(-0.707106781187,0.707106781187,0.));
#923 = ORIENTED_EDGE('',*,*,#924,.T.);
#924 = EDGE_CURVE('',#916,#925,#927,.T.);
#925 = VERTEX_POINT('',#926);
#926 = CARTESIAN_POINT('',(-71.35,23.5,26.));
#927 = LINE('',#928,#929);
#928 = CARTESIAN_POINT('',(73.25,23.5,26.));
#929 = VECTOR('',#930,1.);
#930 = DIRECTION('',(1.,0.,0.));
#931 = ORIENTED_EDGE('',*,*,#932,.F.);
#932 = EDGE_CURVE('',#572,#925,#933,.T.);
#933 = LINE('',#934,#935);
#934 = CARTESIAN_POINT('',(-71.35,11.75,26.));
#935 = VECTOR('',#936,1.);
#936 = DIRECTION('',(0.,-1.,0.));
#937 = ORIENTED_EDGE('',*,*,#636,.T.);
#938 = ORIENTED_EDGE('',*,*,#503,.F.);
#939 = ORIENTED_EDGE('',*,*,#350,.T.);
#940 = PLANE('',#941);
#941 = AXIS2_PLACEMENT_3D('',#942,#943,#944);
#942 = CARTESIAN_POINT('',(8.881784197001E-15,4.440892098501E-15,26.));
#943 = DIRECTION('',(0.,0.,1.));
#944 = DIRECTION('',(1.,0.,-0.));
#945 = ADVANCED_FACE('',(#946),#965,.T.);
#946 = FACE_BOUND('',#947,.T.);
#947 = EDGE_LOOP('',(#948,#949,#950,#959));
#948 = ORIENTED_EDGE('',*,*,#381,.T.);
#949 = ORIENTED_EDGE('',*,*,#824,.T.);
#950 = ORIENTED_EDGE('',*,*,#951,.T.);
#951 = EDGE_CURVE('',#817,#952,#954,.T.);
#952 = VERTEX_POINT('',#953);
#953 = CARTESIAN_POINT('',(-73.25,-7.5,22.));
#954 = CIRCLE('',#955,4.);
#955 = AXIS2_PLACEMENT_3D('',#956,#957,#958);
#956 = CARTESIAN_POINT('',(-73.25,-11.5,22.));
#957 = DIRECTION('',(-1.,3.779482637022E-16,-2.465190328816E-32));
#958 = DIRECTION('',(2.672497802015E-16,0.707106781187,0.707106781187));
#959 = ORIENTED_EDGE('',*,*,#960,.T.);
#960 = EDGE_CURVE('',#952,#382,#961,.T.);
#961 = LINE('',#962,#963);
#962 = CARTESIAN_POINT('',(-36.625,-7.5,22.));
#963 = VECTOR('',#964,1.);
#964 = DIRECTION('',(-1.,6.728624391668E-16,0.));
#965 = CYLINDRICAL_SURFACE('',#966,4.);
#966 = AXIS2_PLACEMENT_3D('',#967,#968,#969);
#967 = CARTESIAN_POINT('',(-36.625,-11.5,22.));
#968 = DIRECTION('',(-1.,6.728624391668E-16,0.));
#969 = DIRECTION('',(4.757855935405E-16,0.707106781187,0.707106781187));
#970 = ADVANCED_FACE('',(#971),#989,.F.);
#971 = FACE_BOUND('',#972,.T.);
#972 = EDGE_LOOP('',(#973,#981,#982,#983));
#973 = ORIENTED_EDGE('',*,*,#974,.F.);
#974 = EDGE_CURVE('',#391,#975,#977,.T.);
#975 = VERTEX_POINT('',#976);
#976 = CARTESIAN_POINT('',(-73.25,-7.5,6.));
#977 = LINE('',#978,#979);
#978 = CARTESIAN_POINT('',(-73.25,-7.5,6.));
#979 = VECTOR('',#980,1.);
#980 = DIRECTION('',(1.,-6.728624391668E-16,0.));
#981 = ORIENTED_EDGE('',*,*,#390,.F.);
#982 = ORIENTED_EDGE('',*,*,#960,.F.);
#983 = ORIENTED_EDGE('',*,*,#984,.F.);
#984 = EDGE_CURVE('',#975,#952,#985,.T.);
#985 = LINE('',#986,#987);
#986 = CARTESIAN_POINT('',(-73.25,-7.5,3.25));
#987 = VECTOR('',#988,1.);
#988 = DIRECTION('',(0.,0.,1.));
#989 = PLANE('',#990);
#990 = AXIS2_PLACEMENT_3D('',#991,#992,#993);
#991 = CARTESIAN_POINT('',(-73.25,-7.5,4.));
#992 = DIRECTION('',(-6.728624391668E-16,-1.,0.));
#993 = DIRECTION('',(0.,0.,1.));
#994 = ADVANCED_FACE('',(#995),#1014,.F.);
#995 = FACE_BOUND('',#996,.F.);
#996 = EDGE_LOOP('',(#997,#998,#999,#1007));
#997 = ORIENTED_EDGE('',*,*,#974,.F.);
#998 = ORIENTED_EDGE('',*,*,#398,.F.);
#999 = ORIENTED_EDGE('',*,*,#1000,.F.);
#1000 = EDGE_CURVE('',#1001,#399,#1003,.T.);
#1001 = VERTEX_POINT('',#1002);
#1002 = CARTESIAN_POINT('',(-73.25,-5.5,4.));
#1003 = LINE('',#1004,#1005);
#1004 = CARTESIAN_POINT('',(-73.25,-5.5,4.));
#1005 = VECTOR('',#1006,1.);
#1006 = DIRECTION('',(-1.,6.728624391668E-16,0.));
#1007 = ORIENTED_EDGE('',*,*,#1008,.F.);
#1008 = EDGE_CURVE('',#975,#1001,#1009,.T.);
#1009 = CIRCLE('',#1010,2.);
#1010 = AXIS2_PLACEMENT_3D('',#1011,#1012,#1013);
#1011 = CARTESIAN_POINT('',(-73.25,-5.5,6.));
#1012 = DIRECTION('',(1.,-3.779482637022E-16,0.));
#1013 = DIRECTION('',(-2.672497802015E-16,-0.707106781187,
    -0.707106781187));
#1014 = CYLINDRICAL_SURFACE('',#1015,2.);
#1015 = AXIS2_PLACEMENT_3D('',#1016,#1017,#1018);
#1016 = CARTESIAN_POINT('',(-73.25,-5.5,6.));
#1017 = DIRECTION('',(-1.,6.728624391668E-16,0.));
#1018 = DIRECTION('',(-4.757855935405E-16,-0.707106781187,
    -0.707106781187));
#1019 = ADVANCED_FACE('',(#1020),#1038,.F.);
#1020 = FACE_BOUND('',#1021,.T.);
#1021 = EDGE_LOOP('',(#1022,#1023,#1031,#1037));
#1022 = ORIENTED_EDGE('',*,*,#1000,.F.);
#1023 = ORIENTED_EDGE('',*,*,#1024,.F.);
#1024 = EDGE_CURVE('',#1025,#1001,#1027,.T.);
#1025 = VERTEX_POINT('',#1026);
#1026 = CARTESIAN_POINT('',(-73.25,13.5,4.));
#1027 = LINE('',#1028,#1029);
#1028 = CARTESIAN_POINT('',(-73.25,-4.,4.));
#1029 = VECTOR('',#1030,1.);
#1030 = DIRECTION('',(-3.779482637022E-16,-1.,0.));
#1031 = ORIENTED_EDGE('',*,*,#1032,.F.);
#1032 = EDGE_CURVE('',#408,#1025,#1033,.T.);
#1033 = LINE('',#1034,#1035);
#1034 = CARTESIAN_POINT('',(-73.25,13.5,4.));
#1035 = VECTOR('',#1036,1.);
#1036 = DIRECTION('',(1.,-6.728624391668E-16,0.));
#1037 = ORIENTED_EDGE('',*,*,#407,.F.);
#1038 = PLANE('',#1039);
#1039 = AXIS2_PLACEMENT_3D('',#1040,#1041,#1042);
#1040 = CARTESIAN_POINT('',(-73.25,15.5,4.));
#1041 = DIRECTION('',(0.,0.,-1.));
#1042 = DIRECTION('',(-3.779482637022E-16,-1.,-0.));
#1043 = ADVANCED_FACE('',(#1044),#1063,.F.);
#1044 = FACE_BOUND('',#1045,.F.);
#1045 = EDGE_LOOP('',(#1046,#1047,#1048,#1056));
#1046 = ORIENTED_EDGE('',*,*,#1032,.F.);
#1047 = ORIENTED_EDGE('',*,*,#415,.F.);
#1048 = ORIENTED_EDGE('',*,*,#1049,.F.);
#1049 = EDGE_CURVE('',#1050,#416,#1052,.T.);
#1050 = VERTEX_POINT('',#1051);
#1051 = CARTESIAN_POINT('',(-73.25,15.5,6.));
#1052 = LINE('',#1053,#1054);
#1053 = CARTESIAN_POINT('',(-73.25,15.5,6.));
#1054 = VECTOR('',#1055,1.);
#1055 = DIRECTION('',(-1.,6.728624391668E-16,0.));
#1056 = ORIENTED_EDGE('',*,*,#1057,.F.);
#1057 = EDGE_CURVE('',#1025,#1050,#1058,.T.);
#1058 = CIRCLE('',#1059,2.);
#1059 = AXIS2_PLACEMENT_3D('',#1060,#1061,#1062);
#1060 = CARTESIAN_POINT('',(-73.25,13.5,6.));
#1061 = DIRECTION('',(1.,-3.779482637022E-16,0.));
#1062 = DIRECTION('',(2.672497802015E-16,0.707106781187,-0.707106781187)
  );
#1063 = CYLINDRICAL_SURFACE('',#1064,2.);
#1064 = AXIS2_PLACEMENT_3D('',#1065,#1066,#1067);
#1065 = CARTESIAN_POINT('',(-73.25,13.5,6.));
#1066 = DIRECTION('',(-1.,6.728624391668E-16,0.));
#1067 = DIRECTION('',(4.757855935405E-16,0.707106781187,-0.707106781187)
  );
#1068 = ADVANCED_FACE('',(#1069),#1080,.F.);
#1069 = FACE_BOUND('',#1070,.T.);
#1070 = EDGE_LOOP('',(#1071,#1072,#1078,#1079));
#1071 = ORIENTED_EDGE('',*,*,#1049,.F.);
#1072 = ORIENTED_EDGE('',*,*,#1073,.F.);
#1073 = EDGE_CURVE('',#875,#1050,#1074,.T.);
#1074 = LINE('',#1075,#1076);
#1075 = CARTESIAN_POINT('',(-73.25,15.5,14.25));
#1076 = VECTOR('',#1077,1.);
#1077 = DIRECTION('',(0.,0.,-1.));
#1078 = ORIENTED_EDGE('',*,*,#892,.F.);
#1079 = ORIENTED_EDGE('',*,*,#424,.F.);
#1080 = PLANE('',#1081);
#1081 = AXIS2_PLACEMENT_3D('',#1082,#1083,#1084);
#1082 = CARTESIAN_POINT('',(-73.25,15.5,26.));
#1083 = DIRECTION('',(6.728624391668E-16,1.,0.));
#1084 = DIRECTION('',(0.,0.,-1.));
#1085 = ADVANCED_FACE('',(#1086),#1111,.T.);
#1086 = FACE_BOUND('',#1087,.T.);
#1087 = EDGE_LOOP('',(#1088,#1089,#1097,#1105));
#1088 = ORIENTED_EDGE('',*,*,#463,.T.);
#1089 = ORIENTED_EDGE('',*,*,#1090,.T.);
#1090 = EDGE_CURVE('',#466,#1091,#1093,.T.);
#1091 = VERTEX_POINT('',#1092);
#1092 = CARTESIAN_POINT('',(-0.5,-25.5,14.5));
#1093 = LINE('',#1094,#1095);
#1094 = CARTESIAN_POINT('',(0.5,-26.5,15.5));
#1095 = VECTOR('',#1096,1.);
#1096 = DIRECTION('',(-0.57735026919,0.57735026919,-0.57735026919));
#1097 = ORIENTED_EDGE('',*,*,#1098,.T.);
#1098 = EDGE_CURVE('',#1091,#1099,#1101,.T.);
#1099 = VERTEX_POINT('',#1100);
#1100 = CARTESIAN_POINT('',(-0.5,-25.5,6.5));
#1101 = LINE('',#1102,#1103);
#1102 = CARTESIAN_POINT('',(-0.5,-25.5,3.25));
#1103 = VECTOR('',#1104,1.);
#1104 = DIRECTION('',(0.,0.,-1.));
#1105 = ORIENTED_EDGE('',*,*,#1106,.T.);
#1106 = EDGE_CURVE('',#1099,#464,#1107,.T.);
#1107 = LINE('',#1108,#1109);
#1108 = CARTESIAN_POINT('',(-0.5,-25.5,6.5));
#1109 = VECTOR('',#1110,1.);
#1110 = DIRECTION('',(0.57735026919,-0.57735026919,-0.57735026919));
#1111 = PLANE('',#1112);
#1112 = AXIS2_PLACEMENT_3D('',#1113,#1114,#1115);
#1113 = CARTESIAN_POINT('',(1.110223024625E-14,-26.,3.25));
#1114 = DIRECTION('',(-0.707106781187,-0.707106781187,0.));
#1115 = DIRECTION('',(0.,0.,1.));
#1116 = ADVANCED_FACE('',(#1117),#1135,.T.);
#1117 = FACE_BOUND('',#1118,.T.);
#1118 = EDGE_LOOP('',(#1119,#1120,#1121,#1129));
#1119 = ORIENTED_EDGE('',*,*,#473,.T.);
#1120 = ORIENTED_EDGE('',*,*,#1106,.F.);
#1121 = ORIENTED_EDGE('',*,*,#1122,.T.);
#1122 = EDGE_CURVE('',#1099,#1123,#1125,.T.);
#1123 = VERTEX_POINT('',#1124);
#1124 = CARTESIAN_POINT('',(-12.5,-25.5,6.5));
#1125 = LINE('',#1126,#1127);
#1126 = CARTESIAN_POINT('',(-44.375,-25.5,6.5));
#1127 = VECTOR('',#1128,1.);
#1128 = DIRECTION('',(-1.,0.,0.));
#1129 = ORIENTED_EDGE('',*,*,#1130,.T.);
#1130 = EDGE_CURVE('',#1123,#474,#1131,.T.);
#1131 = LINE('',#1132,#1133);
#1132 = CARTESIAN_POINT('',(-12.5,-25.5,6.5));
#1133 = VECTOR('',#1134,1.);
#1134 = DIRECTION('',(-0.57735026919,-0.57735026919,-0.57735026919));
#1135 = PLANE('',#1136);
#1136 = AXIS2_PLACEMENT_3D('',#1137,#1138,#1139);
#1137 = CARTESIAN_POINT('',(-44.375,-26.,6.));
#1138 = DIRECTION('',(0.,-0.707106781187,0.707106781187));
#1139 = DIRECTION('',(1.,0.,0.));
#1140 = ADVANCED_FACE('',(#1141),#1159,.T.);
#1141 = FACE_BOUND('',#1142,.T.);
#1142 = EDGE_LOOP('',(#1143,#1144,#1145,#1153));
#1143 = ORIENTED_EDGE('',*,*,#481,.T.);
#1144 = ORIENTED_EDGE('',*,*,#1130,.F.);
#1145 = ORIENTED_EDGE('',*,*,#1146,.T.);
#1146 = EDGE_CURVE('',#1123,#1147,#1149,.T.);
#1147 = VERTEX_POINT('',#1148);
#1148 = CARTESIAN_POINT('',(-12.5,-25.5,14.5));
#1149 = LINE('',#1150,#1151);
#1150 = CARTESIAN_POINT('',(-12.5,-25.5,7.25));
#1151 = VECTOR('',#1152,1.);
#1152 = DIRECTION('',(-2.775557561563E-16,0.,1.));
#1153 = ORIENTED_EDGE('',*,*,#1154,.T.);
#1154 = EDGE_CURVE('',#1147,#482,#1155,.T.);
#1155 = LINE('',#1156,#1157);
#1156 = CARTESIAN_POINT('',(-12.5,-25.5,14.5));
#1157 = VECTOR('',#1158,1.);
#1158 = DIRECTION('',(-0.57735026919,-0.57735026919,0.57735026919));
#1159 = PLANE('',#1160);
#1160 = AXIS2_PLACEMENT_3D('',#1161,#1162,#1163);
#1161 = CARTESIAN_POINT('',(-13.,-26.,7.25));
#1162 = DIRECTION('',(0.707106781187,-0.707106781187,1.962615573355E-16)
  );
#1163 = DIRECTION('',(2.775557561563E-16,-2.465190328816E-31,-1.));
#1164 = ADVANCED_FACE('',(#1165),#1176,.T.);
#1165 = FACE_BOUND('',#1166,.T.);
#1166 = EDGE_LOOP('',(#1167,#1173,#1174,#1175));
#1167 = ORIENTED_EDGE('',*,*,#1168,.T.);
#1168 = EDGE_CURVE('',#1147,#1091,#1169,.T.);
#1169 = LINE('',#1170,#1171);
#1170 = CARTESIAN_POINT('',(-38.375,-25.5,14.5));
#1171 = VECTOR('',#1172,1.);
#1172 = DIRECTION('',(1.,0.,0.));
#1173 = ORIENTED_EDGE('',*,*,#1090,.F.);
#1174 = ORIENTED_EDGE('',*,*,#489,.T.);
#1175 = ORIENTED_EDGE('',*,*,#1154,.F.);
#1176 = PLANE('',#1177);
#1177 = AXIS2_PLACEMENT_3D('',#1178,#1179,#1180);
#1178 = CARTESIAN_POINT('',(-38.375,-26.,15.));
#1179 = DIRECTION('',(0.,-0.707106781187,-0.707106781187));
#1180 = DIRECTION('',(-1.,-0.,0.));
#1181 = ADVANCED_FACE('',(#1182),#1201,.T.);
#1182 = FACE_BOUND('',#1183,.T.);
#1183 = EDGE_LOOP('',(#1184,#1185,#1186,#1195));
#1184 = ORIENTED_EDGE('',*,*,#569,.T.);
#1185 = ORIENTED_EDGE('',*,*,#932,.T.);
#1186 = ORIENTED_EDGE('',*,*,#1187,.T.);
#1187 = EDGE_CURVE('',#925,#1188,#1190,.T.);
#1188 = VERTEX_POINT('',#1189);
#1189 = CARTESIAN_POINT('',(-67.35,23.5,22.));
#1190 = CIRCLE('',#1191,4.);
#1191 = AXIS2_PLACEMENT_3D('',#1192,#1193,#1194);
#1192 = CARTESIAN_POINT('',(-71.35,23.5,22.));
#1193 = DIRECTION('',(0.,1.,0.));
#1194 = DIRECTION('',(0.707106781187,-0.,0.707106781187));
#1195 = ORIENTED_EDGE('',*,*,#1196,.T.);
#1196 = EDGE_CURVE('',#1188,#570,#1197,.T.);
#1197 = LINE('',#1198,#1199);
#1198 = CARTESIAN_POINT('',(-67.35,11.75,22.));
#1199 = VECTOR('',#1200,1.);
#1200 = DIRECTION('',(0.,1.,0.));
#1201 = CYLINDRICAL_SURFACE('',#1202,4.);
#1202 = AXIS2_PLACEMENT_3D('',#1203,#1204,#1205);
#1203 = CARTESIAN_POINT('',(-71.35,11.75,22.));
#1204 = DIRECTION('',(0.,1.,0.));
#1205 = DIRECTION('',(0.707106781187,-0.,0.707106781187));
#1206 = ADVANCED_FACE('',(#1207),#1225,.F.);
#1207 = FACE_BOUND('',#1208,.T.);
#1208 = EDGE_LOOP('',(#1209,#1210,#1218,#1224));
#1209 = ORIENTED_EDGE('',*,*,#1196,.F.);
#1210 = ORIENTED_EDGE('',*,*,#1211,.F.);
#1211 = EDGE_CURVE('',#1212,#1188,#1214,.T.);
#1212 = VERTEX_POINT('',#1213);
#1213 = CARTESIAN_POINT('',(-67.35,23.5,4.));
#1214 = LINE('',#1215,#1216);
#1215 = CARTESIAN_POINT('',(-67.35,23.5,3.25));
#1216 = VECTOR('',#1217,1.);
#1217 = DIRECTION('',(0.,0.,1.));
#1218 = ORIENTED_EDGE('',*,*,#1219,.T.);
#1219 = EDGE_CURVE('',#1212,#581,#1220,.T.);
#1220 = LINE('',#1221,#1222);
#1221 = CARTESIAN_POINT('',(-67.35,23.5,4.));
#1222 = VECTOR('',#1223,1.);
#1223 = DIRECTION('',(0.,1.,0.));
#1224 = ORIENTED_EDGE('',*,*,#580,.F.);
#1225 = PLANE('',#1226);
#1226 = AXIS2_PLACEMENT_3D('',#1227,#1228,#1229);
#1227 = CARTESIAN_POINT('',(-67.35,23.5,4.));
#1228 = DIRECTION('',(-1.,0.,0.));
#1229 = DIRECTION('',(0.,0.,1.));
#1230 = ADVANCED_FACE('',(#1231),#1249,.F.);
#1231 = FACE_BOUND('',#1232,.T.);
#1232 = EDGE_LOOP('',(#1233,#1234,#1235,#1243));
#1233 = ORIENTED_EDGE('',*,*,#588,.F.);
#1234 = ORIENTED_EDGE('',*,*,#1219,.F.);
#1235 = ORIENTED_EDGE('',*,*,#1236,.F.);
#1236 = EDGE_CURVE('',#1237,#1212,#1239,.T.);
#1237 = VERTEX_POINT('',#1238);
#1238 = CARTESIAN_POINT('',(66.15,23.5,4.));
#1239 = LINE('',#1240,#1241);
#1240 = CARTESIAN_POINT('',(-3.55,23.5,4.));
#1241 = VECTOR('',#1242,1.);
#1242 = DIRECTION('',(-1.,0.,0.));
#1243 = ORIENTED_EDGE('',*,*,#1244,.T.);
#1244 = EDGE_CURVE('',#1237,#589,#1245,.T.);
#1245 = LINE('',#1246,#1247);
#1246 = CARTESIAN_POINT('',(66.15,23.5,4.));
#1247 = VECTOR('',#1248,1.);
#1248 = DIRECTION('',(0.,1.,0.));
#1249 = PLANE('',#1250);
#1250 = AXIS2_PLACEMENT_3D('',#1251,#1252,#1253);
#1251 = CARTESIAN_POINT('',(66.15,23.5,4.));
#1252 = DIRECTION('',(0.,0.,-1.));
#1253 = DIRECTION('',(-1.,0.,0.));
#1254 = ADVANCED_FACE('',(#1255),#1273,.F.);
#1255 = FACE_BOUND('',#1256,.T.);
#1256 = EDGE_LOOP('',(#1257,#1265,#1266,#1267));
#1257 = ORIENTED_EDGE('',*,*,#1258,.F.);
#1258 = EDGE_CURVE('',#597,#1259,#1261,.T.);
#1259 = VERTEX_POINT('',#1260);
#1260 = CARTESIAN_POINT('',(66.15,23.5,22.));
#1261 = LINE('',#1262,#1263);
#1262 = CARTESIAN_POINT('',(66.15,11.75,22.));
#1263 = VECTOR('',#1264,1.);
#1264 = DIRECTION('',(0.,-1.,0.));
#1265 = ORIENTED_EDGE('',*,*,#596,.F.);
#1266 = ORIENTED_EDGE('',*,*,#1244,.F.);
#1267 = ORIENTED_EDGE('',*,*,#1268,.F.);
#1268 = EDGE_CURVE('',#1259,#1237,#1269,.T.);
#1269 = LINE('',#1270,#1271);
#1270 = CARTESIAN_POINT('',(66.15,23.5,14.25));
#1271 = VECTOR('',#1272,1.);
#1272 = DIRECTION('',(0.,0.,-1.));
#1273 = PLANE('',#1274);
#1274 = AXIS2_PLACEMENT_3D('',#1275,#1276,#1277);
#1275 = CARTESIAN_POINT('',(66.15,23.5,26.));
#1276 = DIRECTION('',(1.,0.,0.));
#1277 = DIRECTION('',(0.,0.,-1.));
#1278 = ADVANCED_FACE('',(#1279),#1298,.T.);
#1279 = FACE_BOUND('',#1280,.T.);
#1280 = EDGE_LOOP('',(#1281,#1290,#1296,#1297));
#1281 = ORIENTED_EDGE('',*,*,#1282,.T.);
#1282 = EDGE_CURVE('',#1259,#1283,#1285,.T.);
#1283 = VERTEX_POINT('',#1284);
#1284 = CARTESIAN_POINT('',(70.15,23.5,26.));
#1285 = CIRCLE('',#1286,4.);
#1286 = AXIS2_PLACEMENT_3D('',#1287,#1288,#1289);
#1287 = CARTESIAN_POINT('',(70.15,23.5,22.));
#1288 = DIRECTION('',(0.,1.,0.));
#1289 = DIRECTION('',(-0.707106781187,0.,0.707106781187));
#1290 = ORIENTED_EDGE('',*,*,#1291,.T.);
#1291 = EDGE_CURVE('',#1283,#605,#1292,.T.);
#1292 = LINE('',#1293,#1294);
#1293 = CARTESIAN_POINT('',(70.15,11.75,26.));
#1294 = VECTOR('',#1295,1.);
#1295 = DIRECTION('',(0.,1.,0.));
#1296 = ORIENTED_EDGE('',*,*,#604,.T.);
#1297 = ORIENTED_EDGE('',*,*,#1258,.T.);
#1298 = CYLINDRICAL_SURFACE('',#1299,4.);
#1299 = AXIS2_PLACEMENT_3D('',#1300,#1301,#1302);
#1300 = CARTESIAN_POINT('',(70.15,11.75,22.));
#1301 = DIRECTION('',(0.,-1.,0.));
#1302 = DIRECTION('',(-0.707106781187,0.,0.707106781187));
#1303 = ADVANCED_FACE('',(#1304),#1341,.T.);
#1304 = FACE_BOUND('',#1305,.T.);
#1305 = EDGE_LOOP('',(#1306,#1307,#1315,#1324,#1332,#1338,#1339,#1340));
#1306 = ORIENTED_EDGE('',*,*,#1291,.F.);
#1307 = ORIENTED_EDGE('',*,*,#1308,.T.);
#1308 = EDGE_CURVE('',#1283,#1309,#1311,.T.);
#1309 = VERTEX_POINT('',#1310);
#1310 = CARTESIAN_POINT('',(72.25,23.5,26.));
#1311 = LINE('',#1312,#1313);
#1312 = CARTESIAN_POINT('',(73.25,23.5,26.));
#1313 = VECTOR('',#1314,1.);
#1314 = DIRECTION('',(1.,0.,0.));
#1315 = ORIENTED_EDGE('',*,*,#1316,.F.);
#1316 = EDGE_CURVE('',#1317,#1309,#1319,.T.);
#1317 = VERTEX_POINT('',#1318);
#1318 = CARTESIAN_POINT('',(73.25,22.5,26.));
#1319 = CIRCLE('',#1320,1.);
#1320 = AXIS2_PLACEMENT_3D('',#1321,#1322,#1323);
#1321 = CARTESIAN_POINT('',(72.25,22.5,26.));
#1322 = DIRECTION('',(0.,0.,1.));
#1323 = DIRECTION('',(0.707106781187,0.707106781187,-0.));
#1324 = ORIENTED_EDGE('',*,*,#1325,.T.);
#1325 = EDGE_CURVE('',#1317,#1326,#1328,.T.);
#1326 = VERTEX_POINT('',#1327);
#1327 = CARTESIAN_POINT('',(73.25,15.,26.));
#1328 = LINE('',#1329,#1330);
#1329 = CARTESIAN_POINT('',(73.25,-23.5,26.));
#1330 = VECTOR('',#1331,1.);
#1331 = DIRECTION('',(-3.779482637022E-16,-1.,0.));
#1332 = ORIENTED_EDGE('',*,*,#1333,.F.);
#1333 = EDGE_CURVE('',#653,#1326,#1334,.T.);
#1334 = LINE('',#1335,#1336);
#1335 = CARTESIAN_POINT('',(36.625,15.,26.));
#1336 = VECTOR('',#1337,1.);
#1337 = DIRECTION('',(-1.,6.728624391668E-16,0.));
#1338 = ORIENTED_EDGE('',*,*,#735,.T.);
#1339 = ORIENTED_EDGE('',*,*,#749,.F.);
#1340 = ORIENTED_EDGE('',*,*,#613,.T.);
#1341 = PLANE('',#1342);
#1342 = AXIS2_PLACEMENT_3D('',#1343,#1344,#1345);
#1343 = CARTESIAN_POINT('',(8.881784197001E-15,4.440892098501E-15,26.));
#1344 = DIRECTION('',(0.,0.,1.));
#1345 = DIRECTION('',(1.,0.,-0.));
#1346 = ADVANCED_FACE('',(#1347),#1366,.T.);
#1347 = FACE_BOUND('',#1348,.T.);
#1348 = EDGE_LOOP('',(#1349,#1350,#1351,#1360));
#1349 = ORIENTED_EDGE('',*,*,#650,.T.);
#1350 = ORIENTED_EDGE('',*,*,#1333,.T.);
#1351 = ORIENTED_EDGE('',*,*,#1352,.T.);
#1352 = EDGE_CURVE('',#1326,#1353,#1355,.T.);
#1353 = VERTEX_POINT('',#1354);
#1354 = CARTESIAN_POINT('',(73.25,11.,22.));
#1355 = CIRCLE('',#1356,4.);
#1356 = AXIS2_PLACEMENT_3D('',#1357,#1358,#1359);
#1357 = CARTESIAN_POINT('',(73.25,15.,22.));
#1358 = DIRECTION('',(1.,-3.779482637022E-16,-2.465190328816E-32));
#1359 = DIRECTION('',(-2.672497802015E-16,-0.707106781187,0.707106781187
    ));
#1360 = ORIENTED_EDGE('',*,*,#1361,.T.);
#1361 = EDGE_CURVE('',#1353,#651,#1362,.T.);
#1362 = LINE('',#1363,#1364);
#1363 = CARTESIAN_POINT('',(36.625,11.,22.));
#1364 = VECTOR('',#1365,1.);
#1365 = DIRECTION('',(1.,-6.728624391668E-16,0.));
#1366 = CYLINDRICAL_SURFACE('',#1367,4.);
#1367 = AXIS2_PLACEMENT_3D('',#1368,#1369,#1370);
#1368 = CARTESIAN_POINT('',(36.625,15.,22.));
#1369 = DIRECTION('',(1.,-6.728624391668E-16,0.));
#1370 = DIRECTION('',(-4.757855935405E-16,-0.707106781187,0.707106781187
    ));
#1371 = ADVANCED_FACE('',(#1372),#1390,.F.);
#1372 = FACE_BOUND('',#1373,.T.);
#1373 = EDGE_LOOP('',(#1374,#1382,#1383,#1384));
#1374 = ORIENTED_EDGE('',*,*,#1375,.F.);
#1375 = EDGE_CURVE('',#662,#1376,#1378,.T.);
#1376 = VERTEX_POINT('',#1377);
#1377 = CARTESIAN_POINT('',(73.25,11.,6.));
#1378 = LINE('',#1379,#1380);
#1379 = CARTESIAN_POINT('',(73.25,11.,6.));
#1380 = VECTOR('',#1381,1.);
#1381 = DIRECTION('',(-1.,6.728624391668E-16,0.));
#1382 = ORIENTED_EDGE('',*,*,#661,.F.);
#1383 = ORIENTED_EDGE('',*,*,#1361,.F.);
#1384 = ORIENTED_EDGE('',*,*,#1385,.F.);
#1385 = EDGE_CURVE('',#1376,#1353,#1386,.T.);
#1386 = LINE('',#1387,#1388);
#1387 = CARTESIAN_POINT('',(73.25,11.,3.25));
#1388 = VECTOR('',#1389,1.);
#1389 = DIRECTION('',(0.,0.,1.));
#1390 = PLANE('',#1391);
#1391 = AXIS2_PLACEMENT_3D('',#1392,#1393,#1394);
#1392 = CARTESIAN_POINT('',(73.25,11.,4.));
#1393 = DIRECTION('',(6.728624391668E-16,1.,0.));
#1394 = DIRECTION('',(0.,-0.,1.));
#1395 = ADVANCED_FACE('',(#1396),#1415,.F.);
#1396 = FACE_BOUND('',#1397,.F.);
#1397 = EDGE_LOOP('',(#1398,#1399,#1400,#1408));
#1398 = ORIENTED_EDGE('',*,*,#1375,.F.);
#1399 = ORIENTED_EDGE('',*,*,#669,.F.);
#1400 = ORIENTED_EDGE('',*,*,#1401,.F.);
#1401 = EDGE_CURVE('',#1402,#670,#1404,.T.);
#1402 = VERTEX_POINT('',#1403);
#1403 = CARTESIAN_POINT('',(73.25,9.,4.));
#1404 = LINE('',#1405,#1406);
#1405 = CARTESIAN_POINT('',(73.25,9.,4.));
#1406 = VECTOR('',#1407,1.);
#1407 = DIRECTION('',(1.,-6.728624391668E-16,0.));
#1408 = ORIENTED_EDGE('',*,*,#1409,.F.);
#1409 = EDGE_CURVE('',#1376,#1402,#1410,.T.);
#1410 = CIRCLE('',#1411,2.);
#1411 = AXIS2_PLACEMENT_3D('',#1412,#1413,#1414);
#1412 = CARTESIAN_POINT('',(73.25,9.,6.));
#1413 = DIRECTION('',(-1.,3.779482637022E-16,2.465190328816E-32));
#1414 = DIRECTION('',(2.672497802015E-16,0.707106781187,-0.707106781187)
  );
#1415 = CYLINDRICAL_SURFACE('',#1416,2.);
#1416 = AXIS2_PLACEMENT_3D('',#1417,#1418,#1419);
#1417 = CARTESIAN_POINT('',(73.25,9.,6.));
#1418 = DIRECTION('',(1.,-6.728624391668E-16,0.));
#1419 = DIRECTION('',(4.757855935405E-16,0.707106781187,-0.707106781187)
  );
#1420 = ADVANCED_FACE('',(#1421),#1439,.F.);
#1421 = FACE_BOUND('',#1422,.T.);
#1422 = EDGE_LOOP('',(#1423,#1424,#1432,#1438));
#1423 = ORIENTED_EDGE('',*,*,#1401,.F.);
#1424 = ORIENTED_EDGE('',*,*,#1425,.F.);
#1425 = EDGE_CURVE('',#1426,#1402,#1428,.T.);
#1426 = VERTEX_POINT('',#1427);
#1427 = CARTESIAN_POINT('',(73.25,-15.8,4.));
#1428 = LINE('',#1429,#1430);
#1429 = CARTESIAN_POINT('',(73.25,2.85,4.));
#1430 = VECTOR('',#1431,1.);
#1431 = DIRECTION('',(3.779482637022E-16,1.,0.));
#1432 = ORIENTED_EDGE('',*,*,#1433,.F.);
#1433 = EDGE_CURVE('',#679,#1426,#1434,.T.);
#1434 = LINE('',#1435,#1436);
#1435 = CARTESIAN_POINT('',(73.25,-15.8,4.));
#1436 = VECTOR('',#1437,1.);
#1437 = DIRECTION('',(-1.,6.728624391668E-16,0.));
#1438 = ORIENTED_EDGE('',*,*,#678,.F.);
#1439 = PLANE('',#1440);
#1440 = AXIS2_PLACEMENT_3D('',#1441,#1442,#1443);
#1441 = CARTESIAN_POINT('',(73.25,-17.8,4.));
#1442 = DIRECTION('',(0.,0.,-1.));
#1443 = DIRECTION('',(3.779482637022E-16,1.,0.));
#1444 = ADVANCED_FACE('',(#1445),#1464,.F.);
#1445 = FACE_BOUND('',#1446,.F.);
#1446 = EDGE_LOOP('',(#1447,#1448,#1449,#1457));
#1447 = ORIENTED_EDGE('',*,*,#1433,.F.);
#1448 = ORIENTED_EDGE('',*,*,#686,.F.);
#1449 = ORIENTED_EDGE('',*,*,#1450,.F.);
#1450 = EDGE_CURVE('',#1451,#687,#1453,.T.);
#1451 = VERTEX_POINT('',#1452);
#1452 = CARTESIAN_POINT('',(73.25,-17.8,6.));
#1453 = LINE('',#1454,#1455);
#1454 = CARTESIAN_POINT('',(73.25,-17.8,6.));
#1455 = VECTOR('',#1456,1.);
#1456 = DIRECTION('',(1.,-6.728624391668E-16,0.));
#1457 = ORIENTED_EDGE('',*,*,#1458,.F.);
#1458 = EDGE_CURVE('',#1426,#1451,#1459,.T.);
#1459 = CIRCLE('',#1460,2.);
#1460 = AXIS2_PLACEMENT_3D('',#1461,#1462,#1463);
#1461 = CARTESIAN_POINT('',(73.25,-15.8,6.));
#1462 = DIRECTION('',(-1.,3.779482637022E-16,0.));
#1463 = DIRECTION('',(-2.672497802015E-16,-0.707106781187,
    -0.707106781187));
#1464 = CYLINDRICAL_SURFACE('',#1465,2.);
#1465 = AXIS2_PLACEMENT_3D('',#1466,#1467,#1468);
#1466 = CARTESIAN_POINT('',(73.25,-15.8,6.));
#1467 = DIRECTION('',(1.,-6.728624391668E-16,0.));
#1468 = DIRECTION('',(-4.757855935405E-16,-0.707106781187,
    -0.707106781187));
#1469 = ADVANCED_FACE('',(#1470),#1488,.F.);
#1470 = FACE_BOUND('',#1471,.T.);
#1471 = EDGE_LOOP('',(#1472,#1473,#1481,#1487));
#1472 = ORIENTED_EDGE('',*,*,#1450,.F.);
#1473 = ORIENTED_EDGE('',*,*,#1474,.F.);
#1474 = EDGE_CURVE('',#1475,#1451,#1477,.T.);
#1475 = VERTEX_POINT('',#1476);
#1476 = CARTESIAN_POINT('',(73.25,-17.8,22.));
#1477 = LINE('',#1478,#1479);
#1478 = CARTESIAN_POINT('',(73.25,-17.8,14.25));
#1479 = VECTOR('',#1480,1.);
#1480 = DIRECTION('',(0.,0.,-1.));
#1481 = ORIENTED_EDGE('',*,*,#1482,.F.);
#1482 = EDGE_CURVE('',#696,#1475,#1483,.T.);
#1483 = LINE('',#1484,#1485);
#1484 = CARTESIAN_POINT('',(36.625,-17.8,22.));
#1485 = VECTOR('',#1486,1.);
#1486 = DIRECTION('',(-1.,6.728624391668E-16,0.));
#1487 = ORIENTED_EDGE('',*,*,#695,.F.);
#1488 = PLANE('',#1489);
#1489 = AXIS2_PLACEMENT_3D('',#1490,#1491,#1492);
#1490 = CARTESIAN_POINT('',(73.25,-17.8,26.));
#1491 = DIRECTION('',(-6.728624391668E-16,-1.,0.));
#1492 = DIRECTION('',(-0.,0.,-1.));
#1493 = ADVANCED_FACE('',(#1494),#1506,.T.);
#1494 = FACE_BOUND('',#1495,.T.);
#1495 = EDGE_LOOP('',(#1496,#1497,#1498,#1505));
#1496 = ORIENTED_EDGE('',*,*,#703,.T.);
#1497 = ORIENTED_EDGE('',*,*,#1482,.T.);
#1498 = ORIENTED_EDGE('',*,*,#1499,.T.);
#1499 = EDGE_CURVE('',#1475,#836,#1500,.T.);
#1500 = CIRCLE('',#1501,4.);
#1501 = AXIS2_PLACEMENT_3D('',#1502,#1503,#1504);
#1502 = CARTESIAN_POINT('',(73.25,-21.8,22.));
#1503 = DIRECTION('',(1.,-3.779482637022E-16,2.465190328816E-32));
#1504 = DIRECTION('',(2.672497802015E-16,0.707106781187,0.707106781187)
  );
#1505 = ORIENTED_EDGE('',*,*,#835,.T.);
#1506 = CYLINDRICAL_SURFACE('',#1507,4.);
#1507 = AXIS2_PLACEMENT_3D('',#1508,#1509,#1510);
#1508 = CARTESIAN_POINT('',(36.625,-21.8,22.));
#1509 = DIRECTION('',(-1.,6.728624391668E-16,0.));
#1510 = DIRECTION('',(4.757855935405E-16,0.707106781187,0.707106781187)
  );
#1511 = ADVANCED_FACE('',(#1512),#1545,.T.);
#1512 = FACE_BOUND('',#1513,.T.);
#1513 = EDGE_LOOP('',(#1514,#1524,#1530,#1531,#1539));
#1514 = ORIENTED_EDGE('',*,*,#1515,.T.);
#1515 = EDGE_CURVE('',#1516,#1518,#1520,.T.);
#1516 = VERTEX_POINT('',#1517);
#1517 = CARTESIAN_POINT('',(-0.5,-24.25,6.5));
#1518 = VERTEX_POINT('',#1519);
#1519 = CARTESIAN_POINT('',(-0.5,-24.25,14.5));
#1520 = LINE('',#1521,#1522);
#1521 = CARTESIAN_POINT('',(-0.5,-24.25,4.5));
#1522 = VECTOR('',#1523,1.);
#1523 = DIRECTION('',(0.,0.,1.));
#1524 = ORIENTED_EDGE('',*,*,#1525,.T.);
#1525 = EDGE_CURVE('',#1518,#774,#1526,.T.);
#1526 = LINE('',#1527,#1528);
#1527 = CARTESIAN_POINT('',(-0.5,-24.25,14.5));
#1528 = VECTOR('',#1529,1.);
#1529 = DIRECTION('',(0.,0.,1.));
#1530 = ORIENTED_EDGE('',*,*,#773,.T.);
#1531 = ORIENTED_EDGE('',*,*,#1532,.T.);
#1532 = EDGE_CURVE('',#776,#1533,#1535,.T.);
#1533 = VERTEX_POINT('',#1534);
#1534 = CARTESIAN_POINT('',(0.25,-23.5,5.75));
#1535 = LINE('',#1536,#1537);
#1536 = CARTESIAN_POINT('',(0.25,-23.5,4.5));
#1537 = VECTOR('',#1538,1.);
#1538 = DIRECTION('',(0.,0.,-1.));
#1539 = ORIENTED_EDGE('',*,*,#1540,.T.);
#1540 = EDGE_CURVE('',#1533,#1516,#1541,.T.);
#1541 = LINE('',#1542,#1543);
#1542 = CARTESIAN_POINT('',(0.25,-23.5,5.75));
#1543 = VECTOR('',#1544,1.);
#1544 = DIRECTION('',(-0.57735026919,-0.57735026919,0.57735026919));
#1545 = PLANE('',#1546);
#1546 = AXIS2_PLACEMENT_3D('',#1547,#1548,#1549);
#1547 = CARTESIAN_POINT('',(-0.125,-23.875,4.5));
#1548 = DIRECTION('',(-0.707106781187,0.707106781187,0.));
#1549 = DIRECTION('',(0.,0.,1.));
#1550 = ADVANCED_FACE('',(#1551),#1569,.F.);
#1551 = FACE_BOUND('',#1552,.T.);
#1552 = EDGE_LOOP('',(#1553,#1561,#1567,#1568));
#1553 = ORIENTED_EDGE('',*,*,#1554,.F.);
#1554 = EDGE_CURVE('',#1555,#1518,#1557,.T.);
#1555 = VERTEX_POINT('',#1556);
#1556 = CARTESIAN_POINT('',(-12.5,-24.25,14.5));
#1557 = LINE('',#1558,#1559);
#1558 = CARTESIAN_POINT('',(-3.5,-24.25,14.5));
#1559 = VECTOR('',#1560,1.);
#1560 = DIRECTION('',(1.,0.,0.));
#1561 = ORIENTED_EDGE('',*,*,#1562,.F.);
#1562 = EDGE_CURVE('',#784,#1555,#1563,.T.);
#1563 = LINE('',#1564,#1565);
#1564 = CARTESIAN_POINT('',(-12.5,-24.25,26.));
#1565 = VECTOR('',#1566,1.);
#1566 = DIRECTION('',(0.,0.,-1.));
#1567 = ORIENTED_EDGE('',*,*,#783,.F.);
#1568 = ORIENTED_EDGE('',*,*,#1525,.F.);
#1569 = PLANE('',#1570);
#1570 = AXIS2_PLACEMENT_3D('',#1571,#1572,#1573);
#1571 = CARTESIAN_POINT('',(-6.5,-24.25,20.25));
#1572 = DIRECTION('',(0.,-1.,0.));
#1573 = DIRECTION('',(0.,0.,-1.));
#1574 = ADVANCED_FACE('',(#1575),#1601,.T.);
#1575 = FACE_BOUND('',#1576,.T.);
#1576 = EDGE_LOOP('',(#1577,#1585,#1586,#1587,#1595));
#1577 = ORIENTED_EDGE('',*,*,#1578,.T.);
#1578 = EDGE_CURVE('',#1579,#792,#1581,.T.);
#1579 = VERTEX_POINT('',#1580);
#1580 = CARTESIAN_POINT('',(-13.25,-23.5,5.75));
#1581 = LINE('',#1582,#1583);
#1582 = CARTESIAN_POINT('',(-13.25,-23.5,8.5));
#1583 = VECTOR('',#1584,1.);
#1584 = DIRECTION('',(-2.775557561563E-16,0.,1.));
#1585 = ORIENTED_EDGE('',*,*,#791,.T.);
#1586 = ORIENTED_EDGE('',*,*,#1562,.T.);
#1587 = ORIENTED_EDGE('',*,*,#1588,.T.);
#1588 = EDGE_CURVE('',#1555,#1589,#1591,.T.);
#1589 = VERTEX_POINT('',#1590);
#1590 = CARTESIAN_POINT('',(-12.5,-24.25,6.5));
#1591 = LINE('',#1592,#1593);
#1592 = CARTESIAN_POINT('',(-12.5,-24.25,8.5));
#1593 = VECTOR('',#1594,1.);
#1594 = DIRECTION('',(2.775557561563E-16,0.,-1.));
#1595 = ORIENTED_EDGE('',*,*,#1596,.F.);
#1596 = EDGE_CURVE('',#1579,#1589,#1597,.T.);
#1597 = LINE('',#1598,#1599);
#1598 = CARTESIAN_POINT('',(-13.25,-23.5,5.75));
#1599 = VECTOR('',#1600,1.);
#1600 = DIRECTION('',(0.57735026919,-0.57735026919,0.57735026919));
#1601 = PLANE('',#1602);
#1602 = AXIS2_PLACEMENT_3D('',#1603,#1604,#1605);
#1603 = CARTESIAN_POINT('',(-12.875,-23.875,8.5));
#1604 = DIRECTION('',(0.707106781187,0.707106781187,1.962615573355E-16)
  );
#1605 = DIRECTION('',(2.775557561563E-16,1.479114197289E-31,-1.));
#1606 = ADVANCED_FACE('',(#1607),#1673,.T.);
#1607 = FACE_BOUND('',#1608,.T.);
#1608 = EDGE_LOOP('',(#1609,#1610,#1611,#1619,#1627,#1635,#1643,#1651,
    #1659,#1665,#1666,#1667));
#1609 = ORIENTED_EDGE('',*,*,#1532,.F.);
#1610 = ORIENTED_EDGE('',*,*,#860,.F.);
#1611 = ORIENTED_EDGE('',*,*,#1612,.F.);
#1612 = EDGE_CURVE('',#1613,#852,#1615,.T.);
#1613 = VERTEX_POINT('',#1614);
#1614 = CARTESIAN_POINT('',(72.25,-23.5,7.5));
#1615 = LINE('',#1616,#1617);
#1616 = CARTESIAN_POINT('',(72.25,-23.5,2.5));
#1617 = VECTOR('',#1618,1.);
#1618 = DIRECTION('',(0.,0.,1.));
#1619 = ORIENTED_EDGE('',*,*,#1620,.F.);
#1620 = EDGE_CURVE('',#1621,#1613,#1623,.T.);
#1621 = VERTEX_POINT('',#1622);
#1622 = CARTESIAN_POINT('',(69.65,-23.5,7.5));
#1623 = LINE('',#1624,#1625);
#1624 = CARTESIAN_POINT('',(-73.25,-23.5,7.5));
#1625 = VECTOR('',#1626,1.);
#1626 = DIRECTION('',(1.,0.,0.));
#1627 = ORIENTED_EDGE('',*,*,#1628,.F.);
#1628 = EDGE_CURVE('',#1629,#1621,#1631,.T.);
#1629 = VERTEX_POINT('',#1630);
#1630 = CARTESIAN_POINT('',(69.65,-23.5,2.5));
#1631 = LINE('',#1632,#1633);
#1632 = CARTESIAN_POINT('',(69.65,-23.5,2.5));
#1633 = VECTOR('',#1634,1.);
#1634 = DIRECTION('',(0.,0.,1.));
#1635 = ORIENTED_EDGE('',*,*,#1636,.F.);
#1636 = EDGE_CURVE('',#1637,#1629,#1639,.T.);
#1637 = VERTEX_POINT('',#1638);
#1638 = CARTESIAN_POINT('',(-69.65,-23.5,2.5));
#1639 = LINE('',#1640,#1641);
#1640 = CARTESIAN_POINT('',(36.625,-23.5,2.5));
#1641 = VECTOR('',#1642,1.);
#1642 = DIRECTION('',(1.,0.,0.));
#1643 = ORIENTED_EDGE('',*,*,#1644,.T.);
#1644 = EDGE_CURVE('',#1637,#1645,#1647,.T.);
#1645 = VERTEX_POINT('',#1646);
#1646 = CARTESIAN_POINT('',(-69.65,-23.5,7.5));
#1647 = LINE('',#1648,#1649);
#1648 = CARTESIAN_POINT('',(-69.65,-23.5,2.5));
#1649 = VECTOR('',#1650,1.);
#1650 = DIRECTION('',(0.,0.,1.));
#1651 = ORIENTED_EDGE('',*,*,#1652,.T.);
#1652 = EDGE_CURVE('',#1645,#1653,#1655,.T.);
#1653 = VERTEX_POINT('',#1654);
#1654 = CARTESIAN_POINT('',(-72.25,-23.5,7.5));
#1655 = LINE('',#1656,#1657);
#1656 = CARTESIAN_POINT('',(73.25,-23.5,7.5));
#1657 = VECTOR('',#1658,1.);
#1658 = DIRECTION('',(-1.,0.,0.));
#1659 = ORIENTED_EDGE('',*,*,#1660,.F.);
#1660 = EDGE_CURVE('',#800,#1653,#1661,.T.);
#1661 = LINE('',#1662,#1663);
#1662 = CARTESIAN_POINT('',(-72.25,-23.5,2.5));
#1663 = VECTOR('',#1664,1.);
#1664 = DIRECTION('',(0.,0.,-1.));
#1665 = ORIENTED_EDGE('',*,*,#799,.F.);
#1666 = ORIENTED_EDGE('',*,*,#1578,.F.);
#1667 = ORIENTED_EDGE('',*,*,#1668,.F.);
#1668 = EDGE_CURVE('',#1533,#1579,#1669,.T.);
#1669 = LINE('',#1670,#1671);
#1670 = CARTESIAN_POINT('',(30.375,-23.5,5.75));
#1671 = VECTOR('',#1672,1.);
#1672 = DIRECTION('',(-1.,0.,0.));
#1673 = PLANE('',#1674);
#1674 = AXIS2_PLACEMENT_3D('',#1675,#1676,#1677);
#1675 = CARTESIAN_POINT('',(73.25,-23.5,2.5));
#1676 = DIRECTION('',(0.,1.,0.));
#1677 = DIRECTION('',(-1.,0.,0.));
#1678 = ADVANCED_FACE('',(#1679,#1729),#1740,.T.);
#1679 = FACE_BOUND('',#1680,.T.);
#1680 = EDGE_LOOP('',(#1681,#1691,#1699,#1707,#1715,#1723));
#1681 = ORIENTED_EDGE('',*,*,#1682,.F.);
#1682 = EDGE_CURVE('',#1683,#1685,#1687,.T.);
#1683 = VERTEX_POINT('',#1684);
#1684 = CARTESIAN_POINT('',(69.645040693786,-23.19089279759,6.));
#1685 = VERTEX_POINT('',#1686);
#1686 = CARTESIAN_POINT('',(72.497517110744,-21.54974128396,6.));
#1687 = LINE('',#1688,#1689);
#1688 = CARTESIAN_POINT('',(72.497517110744,-21.54974128396,6.));
#1689 = VECTOR('',#1690,1.);
#1690 = DIRECTION('',(0.866777909046,0.498694351672,0.));
#1691 = ORIENTED_EDGE('',*,*,#1692,.F.);
#1692 = EDGE_CURVE('',#1693,#1683,#1695,.T.);
#1693 = VERTEX_POINT('',#1694);
#1694 = CARTESIAN_POINT('',(66.797523583042,-21.54115151363,6.));
#1695 = LINE('',#1696,#1697);
#1696 = CARTESIAN_POINT('',(69.645040693786,-23.19089279759,6.));
#1697 = VECTOR('',#1698,1.);
#1698 = DIRECTION('',(0.865270931795,-0.501304512837,0.));
#1699 = ORIENTED_EDGE('',*,*,#1700,.F.);
#1700 = EDGE_CURVE('',#1701,#1693,#1703,.T.);
#1701 = VERTEX_POINT('',#1702);
#1702 = CARTESIAN_POINT('',(66.802482889256,-18.25025871603,6.));
#1703 = LINE('',#1704,#1705);
#1704 = CARTESIAN_POINT('',(66.797523583042,-21.54115151363,6.));
#1705 = VECTOR('',#1706,1.);
#1706 = DIRECTION('',(-1.506977251243E-03,-0.999998864509,0.));
#1707 = ORIENTED_EDGE('',*,*,#1708,.F.);
#1708 = EDGE_CURVE('',#1709,#1701,#1711,.T.);
#1709 = VERTEX_POINT('',#1710);
#1710 = CARTESIAN_POINT('',(69.654959306213,-16.6091072024,6.));
#1711 = LINE('',#1712,#1713);
#1712 = CARTESIAN_POINT('',(66.802482889256,-18.25025871603,6.));
#1713 = VECTOR('',#1714,1.);
#1714 = DIRECTION('',(-0.866777909046,-0.498694351672,0.));
#1715 = ORIENTED_EDGE('',*,*,#1716,.F.);
#1716 = EDGE_CURVE('',#1717,#1709,#1719,.T.);
#1717 = VERTEX_POINT('',#1718);
#1718 = CARTESIAN_POINT('',(72.502476416958,-18.25884848636,6.));
#1719 = LINE('',#1720,#1721);
#1720 = CARTESIAN_POINT('',(69.654959306213,-16.6091072024,6.));
#1721 = VECTOR('',#1722,1.);
#1722 = DIRECTION('',(-0.865270931795,0.501304512837,0.));
#1723 = ORIENTED_EDGE('',*,*,#1724,.F.);
#1724 = EDGE_CURVE('',#1685,#1717,#1725,.T.);
#1725 = LINE('',#1726,#1727);
#1726 = CARTESIAN_POINT('',(72.502476416958,-18.25884848636,6.));
#1727 = VECTOR('',#1728,1.);
#1728 = DIRECTION('',(1.506977251243E-03,0.999998864509,0.));
#1729 = FACE_BOUND('',#1730,.T.);
#1730 = EDGE_LOOP('',(#1731));
#1731 = ORIENTED_EDGE('',*,*,#1732,.F.);
#1732 = EDGE_CURVE('',#1733,#1733,#1735,.T.);
#1733 = VERTEX_POINT('',#1734);
#1734 = CARTESIAN_POINT('',(71.4,-19.9,6.));
#1735 = CIRCLE('',#1736,1.75);
#1736 = AXIS2_PLACEMENT_3D('',#1737,#1738,#1739);
#1737 = CARTESIAN_POINT('',(69.65,-19.9,6.));
#1738 = DIRECTION('',(0.,0.,-1.));
#1739 = DIRECTION('',(-1.,0.,0.));
#1740 = PLANE('',#1741);
#1741 = AXIS2_PLACEMENT_3D('',#1742,#1743,#1744);
#1742 = CARTESIAN_POINT('',(69.65,-19.9,6.));
#1743 = DIRECTION('',(0.,0.,-1.));
#1744 = DIRECTION('',(1.,0.,0.));
#1745 = ADVANCED_FACE('',(#1746),#1765,.F.);
#1746 = FACE_BOUND('',#1747,.F.);
#1747 = EDGE_LOOP('',(#1748,#1756,#1757,#1758));
#1748 = ORIENTED_EDGE('',*,*,#1749,.T.);
#1749 = EDGE_CURVE('',#1750,#1733,#1752,.T.);
#1750 = VERTEX_POINT('',#1751);
#1751 = CARTESIAN_POINT('',(71.4,-19.9,7.5));
#1752 = LINE('',#1753,#1754);
#1753 = CARTESIAN_POINT('',(71.4,-19.9,2.5));
#1754 = VECTOR('',#1755,1.);
#1755 = DIRECTION('',(0.,0.,-1.));
#1756 = ORIENTED_EDGE('',*,*,#1732,.F.);
#1757 = ORIENTED_EDGE('',*,*,#1749,.F.);
#1758 = ORIENTED_EDGE('',*,*,#1759,.T.);
#1759 = EDGE_CURVE('',#1750,#1750,#1760,.T.);
#1760 = CIRCLE('',#1761,1.75);
#1761 = AXIS2_PLACEMENT_3D('',#1762,#1763,#1764);
#1762 = CARTESIAN_POINT('',(69.65,-19.9,7.5));
#1763 = DIRECTION('',(0.,0.,-1.));
#1764 = DIRECTION('',(-1.,0.,0.));
#1765 = CYLINDRICAL_SURFACE('',#1766,1.75);
#1766 = AXIS2_PLACEMENT_3D('',#1767,#1768,#1769);
#1767 = CARTESIAN_POINT('',(69.65,-19.9,2.5));
#1768 = DIRECTION('',(0.,0.,1.));
#1769 = DIRECTION('',(-1.,0.,0.));
#1770 = ADVANCED_FACE('',(#1771,#1798),#1801,.T.);
#1771 = FACE_BOUND('',#1772,.T.);
#1772 = EDGE_LOOP('',(#1773,#1783,#1790,#1791));
#1773 = ORIENTED_EDGE('',*,*,#1774,.T.);
#1774 = EDGE_CURVE('',#1775,#1777,#1779,.T.);
#1775 = VERTEX_POINT('',#1776);
#1776 = CARTESIAN_POINT('',(73.25,-22.5,7.5));
#1777 = VERTEX_POINT('',#1778);
#1778 = CARTESIAN_POINT('',(73.25,-19.9,7.5));
#1779 = LINE('',#1780,#1781);
#1780 = CARTESIAN_POINT('',(73.25,-23.5,7.5));
#1781 = VECTOR('',#1782,1.);
#1782 = DIRECTION('',(3.779482637022E-16,1.,0.));
#1783 = ORIENTED_EDGE('',*,*,#1784,.T.);
#1784 = EDGE_CURVE('',#1777,#1621,#1785,.T.);
#1785 = CIRCLE('',#1786,3.6);
#1786 = AXIS2_PLACEMENT_3D('',#1787,#1788,#1789);
#1787 = CARTESIAN_POINT('',(69.65,-19.9,7.5));
#1788 = DIRECTION('',(0.,0.,1.));
#1789 = DIRECTION('',(-1.,0.,0.));
#1790 = ORIENTED_EDGE('',*,*,#1620,.T.);
#1791 = ORIENTED_EDGE('',*,*,#1792,.T.);
#1792 = EDGE_CURVE('',#1613,#1775,#1793,.T.);
#1793 = CIRCLE('',#1794,1.);
#1794 = AXIS2_PLACEMENT_3D('',#1795,#1796,#1797);
#1795 = CARTESIAN_POINT('',(72.25,-22.5,7.5));
#1796 = DIRECTION('',(0.,0.,1.));
#1797 = DIRECTION('',(0.707106781187,-0.707106781187,0.));
#1798 = FACE_BOUND('',#1799,.T.);
#1799 = EDGE_LOOP('',(#1800));
#1800 = ORIENTED_EDGE('',*,*,#1759,.T.);
#1801 = PLANE('',#1802);
#1802 = AXIS2_PLACEMENT_3D('',#1803,#1804,#1805);
#1803 = CARTESIAN_POINT('',(69.65,-19.9,7.5));
#1804 = DIRECTION('',(0.,0.,1.));
#1805 = DIRECTION('',(-1.,0.,0.));
#1806 = ADVANCED_FACE('',(#1807),#1826,.F.);
#1807 = FACE_BOUND('',#1808,.F.);
#1808 = EDGE_LOOP('',(#1809,#1810,#1811,#1819));
#1809 = ORIENTED_EDGE('',*,*,#1660,.F.);
#1810 = ORIENTED_EDGE('',*,*,#807,.F.);
#1811 = ORIENTED_EDGE('',*,*,#1812,.F.);
#1812 = EDGE_CURVE('',#1813,#808,#1815,.T.);
#1813 = VERTEX_POINT('',#1814);
#1814 = CARTESIAN_POINT('',(-73.25,-22.5,7.5));
#1815 = LINE('',#1816,#1817);
#1816 = CARTESIAN_POINT('',(-73.25,-22.5,2.5));
#1817 = VECTOR('',#1818,1.);
#1818 = DIRECTION('',(0.,0.,1.));
#1819 = ORIENTED_EDGE('',*,*,#1820,.T.);
#1820 = EDGE_CURVE('',#1813,#1653,#1821,.T.);
#1821 = CIRCLE('',#1822,1.);
#1822 = AXIS2_PLACEMENT_3D('',#1823,#1824,#1825);
#1823 = CARTESIAN_POINT('',(-72.25,-22.5,7.5));
#1824 = DIRECTION('',(0.,0.,1.));
#1825 = DIRECTION('',(-0.707106781187,-0.707106781187,0.));
#1826 = CYLINDRICAL_SURFACE('',#1827,1.);
#1827 = AXIS2_PLACEMENT_3D('',#1828,#1829,#1830);
#1828 = CARTESIAN_POINT('',(-72.25,-22.5,2.5));
#1829 = DIRECTION('',(0.,0.,1.));
#1830 = DIRECTION('',(-0.707106781187,-0.707106781187,0.));
#1831 = ADVANCED_FACE('',(#1832),#1890,.T.);
#1832 = FACE_BOUND('',#1833,.T.);
#1833 = EDGE_LOOP('',(#1834,#1835,#1836,#1837,#1838,#1839,#1840,#1841,
    #1842,#1843,#1851,#1859,#1867,#1875,#1883,#1889));
#1834 = ORIENTED_EDGE('',*,*,#874,.F.);
#1835 = ORIENTED_EDGE('',*,*,#1073,.T.);
#1836 = ORIENTED_EDGE('',*,*,#1057,.F.);
#1837 = ORIENTED_EDGE('',*,*,#1024,.T.);
#1838 = ORIENTED_EDGE('',*,*,#1008,.F.);
#1839 = ORIENTED_EDGE('',*,*,#984,.T.);
#1840 = ORIENTED_EDGE('',*,*,#951,.F.);
#1841 = ORIENTED_EDGE('',*,*,#816,.F.);
#1842 = ORIENTED_EDGE('',*,*,#1812,.F.);
#1843 = ORIENTED_EDGE('',*,*,#1844,.T.);
#1844 = EDGE_CURVE('',#1813,#1845,#1847,.T.);
#1845 = VERTEX_POINT('',#1846);
#1846 = CARTESIAN_POINT('',(-73.25,-19.9,7.5));
#1847 = LINE('',#1848,#1849);
#1848 = CARTESIAN_POINT('',(-73.25,-23.5,7.5));
#1849 = VECTOR('',#1850,1.);
#1850 = DIRECTION('',(-3.779482637022E-16,1.,0.));
#1851 = ORIENTED_EDGE('',*,*,#1852,.F.);
#1852 = EDGE_CURVE('',#1853,#1845,#1855,.T.);
#1853 = VERTEX_POINT('',#1854);
#1854 = CARTESIAN_POINT('',(-73.25,-19.9,2.5));
#1855 = LINE('',#1856,#1857);
#1856 = CARTESIAN_POINT('',(-73.25,-19.9,2.5));
#1857 = VECTOR('',#1858,1.);
#1858 = DIRECTION('',(0.,0.,1.));
#1859 = ORIENTED_EDGE('',*,*,#1860,.F.);
#1860 = EDGE_CURVE('',#1861,#1853,#1863,.T.);
#1861 = VERTEX_POINT('',#1862);
#1862 = CARTESIAN_POINT('',(-73.25,19.9,2.5));
#1863 = LINE('',#1864,#1865);
#1864 = CARTESIAN_POINT('',(-73.25,-11.75,2.5));
#1865 = VECTOR('',#1866,1.);
#1866 = DIRECTION('',(-3.779482637022E-16,-1.,0.));
#1867 = ORIENTED_EDGE('',*,*,#1868,.T.);
#1868 = EDGE_CURVE('',#1861,#1869,#1871,.T.);
#1869 = VERTEX_POINT('',#1870);
#1870 = CARTESIAN_POINT('',(-73.25,19.9,7.5));
#1871 = LINE('',#1872,#1873);
#1872 = CARTESIAN_POINT('',(-73.25,19.9,2.5));
#1873 = VECTOR('',#1874,1.);
#1874 = DIRECTION('',(0.,0.,1.));
#1875 = ORIENTED_EDGE('',*,*,#1876,.F.);
#1876 = EDGE_CURVE('',#1877,#1869,#1879,.T.);
#1877 = VERTEX_POINT('',#1878);
#1878 = CARTESIAN_POINT('',(-73.25,22.5,7.5));
#1879 = LINE('',#1880,#1881);
#1880 = CARTESIAN_POINT('',(-73.25,23.5,7.5));
#1881 = VECTOR('',#1882,1.);
#1882 = DIRECTION('',(-3.779482637022E-16,-1.,0.));
#1883 = ORIENTED_EDGE('',*,*,#1884,.F.);
#1884 = EDGE_CURVE('',#908,#1877,#1885,.T.);
#1885 = LINE('',#1886,#1887);
#1886 = CARTESIAN_POINT('',(-73.25,22.5,2.5));
#1887 = VECTOR('',#1888,1.);
#1888 = DIRECTION('',(0.,0.,-1.));
#1889 = ORIENTED_EDGE('',*,*,#907,.F.);
#1890 = PLANE('',#1891);
#1891 = AXIS2_PLACEMENT_3D('',#1892,#1893,#1894);
#1892 = CARTESIAN_POINT('',(-73.25,-23.5,2.5));
#1893 = DIRECTION('',(1.,-3.779482637022E-16,0.));
#1894 = DIRECTION('',(3.779482637022E-16,1.,0.));
#1895 = ADVANCED_FACE('',(#1896),#1952,.T.);
#1896 = FACE_BOUND('',#1897,.T.);
#1897 = EDGE_LOOP('',(#1898,#1899,#1900,#1908,#1916,#1924,#1932,#1938,
    #1939,#1945,#1946,#1947,#1948,#1949,#1950,#1951));
#1898 = ORIENTED_EDGE('',*,*,#1352,.F.);
#1899 = ORIENTED_EDGE('',*,*,#1325,.F.);
#1900 = ORIENTED_EDGE('',*,*,#1901,.F.);
#1901 = EDGE_CURVE('',#1902,#1317,#1904,.T.);
#1902 = VERTEX_POINT('',#1903);
#1903 = CARTESIAN_POINT('',(73.25,22.5,7.5));
#1904 = LINE('',#1905,#1906);
#1905 = CARTESIAN_POINT('',(73.25,22.5,2.5));
#1906 = VECTOR('',#1907,1.);
#1907 = DIRECTION('',(0.,0.,1.));
#1908 = ORIENTED_EDGE('',*,*,#1909,.T.);
#1909 = EDGE_CURVE('',#1902,#1910,#1912,.T.);
#1910 = VERTEX_POINT('',#1911);
#1911 = CARTESIAN_POINT('',(73.25,19.9,7.5));
#1912 = LINE('',#1913,#1914);
#1913 = CARTESIAN_POINT('',(73.25,23.5,7.5));
#1914 = VECTOR('',#1915,1.);
#1915 = DIRECTION('',(3.779482637022E-16,-1.,0.));
#1916 = ORIENTED_EDGE('',*,*,#1917,.F.);
#1917 = EDGE_CURVE('',#1918,#1910,#1920,.T.);
#1918 = VERTEX_POINT('',#1919);
#1919 = CARTESIAN_POINT('',(73.25,19.9,2.5));
#1920 = LINE('',#1921,#1922);
#1921 = CARTESIAN_POINT('',(73.25,19.9,2.5));
#1922 = VECTOR('',#1923,1.);
#1923 = DIRECTION('',(0.,0.,1.));
#1924 = ORIENTED_EDGE('',*,*,#1925,.F.);
#1925 = EDGE_CURVE('',#1926,#1918,#1928,.T.);
#1926 = VERTEX_POINT('',#1927);
#1927 = CARTESIAN_POINT('',(73.25,-19.9,2.5));
#1928 = LINE('',#1929,#1930);
#1929 = CARTESIAN_POINT('',(73.25,11.75,2.5));
#1930 = VECTOR('',#1931,1.);
#1931 = DIRECTION('',(3.779482637022E-16,1.,0.));
#1932 = ORIENTED_EDGE('',*,*,#1933,.T.);
#1933 = EDGE_CURVE('',#1926,#1777,#1934,.T.);
#1934 = LINE('',#1935,#1936);
#1935 = CARTESIAN_POINT('',(73.25,-19.9,2.5));
#1936 = VECTOR('',#1937,1.);
#1937 = DIRECTION('',(0.,0.,1.));
#1938 = ORIENTED_EDGE('',*,*,#1774,.F.);
#1939 = ORIENTED_EDGE('',*,*,#1940,.F.);
#1940 = EDGE_CURVE('',#844,#1775,#1941,.T.);
#1941 = LINE('',#1942,#1943);
#1942 = CARTESIAN_POINT('',(73.25,-22.5,2.5));
#1943 = VECTOR('',#1944,1.);
#1944 = DIRECTION('',(0.,0.,-1.));
#1945 = ORIENTED_EDGE('',*,*,#843,.F.);
#1946 = ORIENTED_EDGE('',*,*,#1499,.F.);
#1947 = ORIENTED_EDGE('',*,*,#1474,.T.);
#1948 = ORIENTED_EDGE('',*,*,#1458,.F.);
#1949 = ORIENTED_EDGE('',*,*,#1425,.T.);
#1950 = ORIENTED_EDGE('',*,*,#1409,.F.);
#1951 = ORIENTED_EDGE('',*,*,#1385,.T.);
#1952 = PLANE('',#1953);
#1953 = AXIS2_PLACEMENT_3D('',#1954,#1955,#1956);
#1954 = CARTESIAN_POINT('',(73.25,23.5,2.5));
#1955 = DIRECTION('',(-1.,3.779482637022E-16,0.));
#1956 = DIRECTION('',(-3.779482637022E-16,-1.,0.));
#1957 = ADVANCED_FACE('',(#1958),#1964,.F.);
#1958 = FACE_BOUND('',#1959,.F.);
#1959 = EDGE_LOOP('',(#1960,#1961,#1962,#1963));
#1960 = ORIENTED_EDGE('',*,*,#1940,.F.);
#1961 = ORIENTED_EDGE('',*,*,#851,.F.);
#1962 = ORIENTED_EDGE('',*,*,#1612,.F.);
#1963 = ORIENTED_EDGE('',*,*,#1792,.T.);
#1964 = CYLINDRICAL_SURFACE('',#1965,1.);
#1965 = AXIS2_PLACEMENT_3D('',#1966,#1967,#1968);
#1966 = CARTESIAN_POINT('',(72.25,-22.5,2.5));
#1967 = DIRECTION('',(0.,0.,1.));
#1968 = DIRECTION('',(0.707106781187,-0.707106781187,0.));
#1969 = ADVANCED_FACE('',(#1970),#1989,.F.);
#1970 = FACE_BOUND('',#1971,.F.);
#1971 = EDGE_LOOP('',(#1972,#1973,#1974,#1982));
#1972 = ORIENTED_EDGE('',*,*,#1884,.F.);
#1973 = ORIENTED_EDGE('',*,*,#915,.F.);
#1974 = ORIENTED_EDGE('',*,*,#1975,.F.);
#1975 = EDGE_CURVE('',#1976,#916,#1978,.T.);
#1976 = VERTEX_POINT('',#1977);
#1977 = CARTESIAN_POINT('',(-72.25,23.5,7.5));
#1978 = LINE('',#1979,#1980);
#1979 = CARTESIAN_POINT('',(-72.25,23.5,2.5));
#1980 = VECTOR('',#1981,1.);
#1981 = DIRECTION('',(0.,0.,1.));
#1982 = ORIENTED_EDGE('',*,*,#1983,.T.);
#1983 = EDGE_CURVE('',#1976,#1877,#1984,.T.);
#1984 = CIRCLE('',#1985,1.);
#1985 = AXIS2_PLACEMENT_3D('',#1986,#1987,#1988);
#1986 = CARTESIAN_POINT('',(-72.25,22.5,7.5));
#1987 = DIRECTION('',(0.,0.,1.));
#1988 = DIRECTION('',(-0.707106781187,0.707106781187,0.));
#1989 = CYLINDRICAL_SURFACE('',#1990,1.);
#1990 = AXIS2_PLACEMENT_3D('',#1991,#1992,#1993);
#1991 = CARTESIAN_POINT('',(-72.25,22.5,2.5));
#1992 = DIRECTION('',(0.,0.,1.));
#1993 = DIRECTION('',(-0.707106781187,0.707106781187,0.));
#1994 = ADVANCED_FACE('',(#1995),#2051,.T.);
#1995 = FACE_BOUND('',#1996,.T.);
#1996 = EDGE_LOOP('',(#1997,#1998,#1999,#2000,#2008,#2016,#2024,#2032,
    #2040,#2046,#2047,#2048,#2049,#2050));
#1997 = ORIENTED_EDGE('',*,*,#1187,.F.);
#1998 = ORIENTED_EDGE('',*,*,#924,.F.);
#1999 = ORIENTED_EDGE('',*,*,#1975,.F.);
#2000 = ORIENTED_EDGE('',*,*,#2001,.F.);
#2001 = EDGE_CURVE('',#2002,#1976,#2004,.T.);
#2002 = VERTEX_POINT('',#2003);
#2003 = CARTESIAN_POINT('',(-69.65,23.5,7.5));
#2004 = LINE('',#2005,#2006);
#2005 = CARTESIAN_POINT('',(73.25,23.5,7.5));
#2006 = VECTOR('',#2007,1.);
#2007 = DIRECTION('',(-1.,0.,0.));
#2008 = ORIENTED_EDGE('',*,*,#2009,.F.);
#2009 = EDGE_CURVE('',#2010,#2002,#2012,.T.);
#2010 = VERTEX_POINT('',#2011);
#2011 = CARTESIAN_POINT('',(-69.65,23.5,2.5));
#2012 = LINE('',#2013,#2014);
#2013 = CARTESIAN_POINT('',(-69.65,23.5,2.5));
#2014 = VECTOR('',#2015,1.);
#2015 = DIRECTION('',(0.,0.,1.));
#2016 = ORIENTED_EDGE('',*,*,#2017,.F.);
#2017 = EDGE_CURVE('',#2018,#2010,#2020,.T.);
#2018 = VERTEX_POINT('',#2019);
#2019 = CARTESIAN_POINT('',(69.65,23.5,2.5));
#2020 = LINE('',#2021,#2022);
#2021 = CARTESIAN_POINT('',(-36.625,23.5,2.5));
#2022 = VECTOR('',#2023,1.);
#2023 = DIRECTION('',(-1.,0.,0.));
#2024 = ORIENTED_EDGE('',*,*,#2025,.T.);
#2025 = EDGE_CURVE('',#2018,#2026,#2028,.T.);
#2026 = VERTEX_POINT('',#2027);
#2027 = CARTESIAN_POINT('',(69.65,23.5,7.5));
#2028 = LINE('',#2029,#2030);
#2029 = CARTESIAN_POINT('',(69.65,23.5,2.5));
#2030 = VECTOR('',#2031,1.);
#2031 = DIRECTION('',(0.,0.,1.));
#2032 = ORIENTED_EDGE('',*,*,#2033,.T.);
#2033 = EDGE_CURVE('',#2026,#2034,#2036,.T.);
#2034 = VERTEX_POINT('',#2035);
#2035 = CARTESIAN_POINT('',(72.25,23.5,7.5));
#2036 = LINE('',#2037,#2038);
#2037 = CARTESIAN_POINT('',(-73.25,23.5,7.5));
#2038 = VECTOR('',#2039,1.);
#2039 = DIRECTION('',(1.,0.,0.));
#2040 = ORIENTED_EDGE('',*,*,#2041,.F.);
#2041 = EDGE_CURVE('',#1309,#2034,#2042,.T.);
#2042 = LINE('',#2043,#2044);
#2043 = CARTESIAN_POINT('',(72.25,23.5,2.5));
#2044 = VECTOR('',#2045,1.);
#2045 = DIRECTION('',(0.,0.,-1.));
#2046 = ORIENTED_EDGE('',*,*,#1308,.F.);
#2047 = ORIENTED_EDGE('',*,*,#1282,.F.);
#2048 = ORIENTED_EDGE('',*,*,#1268,.T.);
#2049 = ORIENTED_EDGE('',*,*,#1236,.T.);
#2050 = ORIENTED_EDGE('',*,*,#1211,.T.);
#2051 = PLANE('',#2052);
#2052 = AXIS2_PLACEMENT_3D('',#2053,#2054,#2055);
#2053 = CARTESIAN_POINT('',(-73.25,23.5,2.5));
#2054 = DIRECTION('',(0.,-1.,0.));
#2055 = DIRECTION('',(1.,0.,0.));
#2056 = ADVANCED_FACE('',(#2057),#2073,.F.);
#2057 = FACE_BOUND('',#2058,.T.);
#2058 = EDGE_LOOP('',(#2059,#2060,#2066,#2067));
#2059 = ORIENTED_EDGE('',*,*,#1098,.F.);
#2060 = ORIENTED_EDGE('',*,*,#2061,.F.);
#2061 = EDGE_CURVE('',#1518,#1091,#2062,.T.);
#2062 = LINE('',#2063,#2064);
#2063 = CARTESIAN_POINT('',(-0.5,-23.5,14.5));
#2064 = VECTOR('',#2065,1.);
#2065 = DIRECTION('',(0.,-1.,0.));
#2066 = ORIENTED_EDGE('',*,*,#1515,.F.);
#2067 = ORIENTED_EDGE('',*,*,#2068,.T.);
#2068 = EDGE_CURVE('',#1516,#1099,#2069,.T.);
#2069 = LINE('',#2070,#2071);
#2070 = CARTESIAN_POINT('',(-0.5,-23.5,6.5));
#2071 = VECTOR('',#2072,1.);
#2072 = DIRECTION('',(0.,-1.,0.));
#2073 = PLANE('',#2074);
#2074 = AXIS2_PLACEMENT_3D('',#2075,#2076,#2077);
#2075 = CARTESIAN_POINT('',(-0.5,-23.5,6.5));
#2076 = DIRECTION('',(1.,0.,0.));
#2077 = DIRECTION('',(0.,0.,1.));
#2078 = ADVANCED_FACE('',(#2079),#2095,.F.);
#2079 = FACE_BOUND('',#2080,.T.);
#2080 = EDGE_LOOP('',(#2081,#2082,#2083,#2089));
#2081 = ORIENTED_EDGE('',*,*,#1122,.F.);
#2082 = ORIENTED_EDGE('',*,*,#2068,.F.);
#2083 = ORIENTED_EDGE('',*,*,#2084,.F.);
#2084 = EDGE_CURVE('',#1589,#1516,#2085,.T.);
#2085 = LINE('',#2086,#2087);
#2086 = CARTESIAN_POINT('',(30.375,-24.25,6.5));
#2087 = VECTOR('',#2088,1.);
#2088 = DIRECTION('',(1.,0.,0.));
#2089 = ORIENTED_EDGE('',*,*,#2090,.T.);
#2090 = EDGE_CURVE('',#1589,#1123,#2091,.T.);
#2091 = LINE('',#2092,#2093);
#2092 = CARTESIAN_POINT('',(-12.5,-23.5,6.5));
#2093 = VECTOR('',#2094,1.);
#2094 = DIRECTION('',(0.,-1.,0.));
#2095 = PLANE('',#2096);
#2096 = AXIS2_PLACEMENT_3D('',#2097,#2098,#2099);
#2097 = CARTESIAN_POINT('',(-12.5,-23.5,6.5));
#2098 = DIRECTION('',(0.,0.,-1.));
#2099 = DIRECTION('',(1.,0.,0.));
#2100 = ADVANCED_FACE('',(#2101),#2112,.F.);
#2101 = FACE_BOUND('',#2102,.T.);
#2102 = EDGE_LOOP('',(#2103,#2104,#2105,#2106));
#2103 = ORIENTED_EDGE('',*,*,#1146,.F.);
#2104 = ORIENTED_EDGE('',*,*,#2090,.F.);
#2105 = ORIENTED_EDGE('',*,*,#1588,.F.);
#2106 = ORIENTED_EDGE('',*,*,#2107,.T.);
#2107 = EDGE_CURVE('',#1555,#1147,#2108,.T.);
#2108 = LINE('',#2109,#2110);
#2109 = CARTESIAN_POINT('',(-12.5,-23.5,14.5));
#2110 = VECTOR('',#2111,1.);
#2111 = DIRECTION('',(0.,-1.,0.));
#2112 = PLANE('',#2113);
#2113 = AXIS2_PLACEMENT_3D('',#2114,#2115,#2116);
#2114 = CARTESIAN_POINT('',(-12.5,-23.5,14.5));
#2115 = DIRECTION('',(-1.,0.,-2.775557561563E-16));
#2116 = DIRECTION('',(2.775557561563E-16,0.,-1.));
#2117 = ADVANCED_FACE('',(#2118),#2124,.F.);
#2118 = FACE_BOUND('',#2119,.T.);
#2119 = EDGE_LOOP('',(#2120,#2121,#2122,#2123));
#2120 = ORIENTED_EDGE('',*,*,#1168,.F.);
#2121 = ORIENTED_EDGE('',*,*,#2107,.F.);
#2122 = ORIENTED_EDGE('',*,*,#1554,.T.);
#2123 = ORIENTED_EDGE('',*,*,#2061,.T.);
#2124 = PLANE('',#2125);
#2125 = AXIS2_PLACEMENT_3D('',#2126,#2127,#2128);
#2126 = CARTESIAN_POINT('',(-0.5,-23.5,14.5));
#2127 = DIRECTION('',(0.,0.,1.));
#2128 = DIRECTION('',(-1.,0.,0.));
#2129 = ADVANCED_FACE('',(#2130),#2142,.F.);
#2130 = FACE_BOUND('',#2131,.F.);
#2131 = EDGE_LOOP('',(#2132,#2133,#2134,#2135));
#2132 = ORIENTED_EDGE('',*,*,#2041,.F.);
#2133 = ORIENTED_EDGE('',*,*,#1316,.F.);
#2134 = ORIENTED_EDGE('',*,*,#1901,.F.);
#2135 = ORIENTED_EDGE('',*,*,#2136,.T.);
#2136 = EDGE_CURVE('',#1902,#2034,#2137,.T.);
#2137 = CIRCLE('',#2138,1.);
#2138 = AXIS2_PLACEMENT_3D('',#2139,#2140,#2141);
#2139 = CARTESIAN_POINT('',(72.25,22.5,7.5));
#2140 = DIRECTION('',(0.,0.,1.));
#2141 = DIRECTION('',(0.707106781187,0.707106781187,-0.));
#2142 = CYLINDRICAL_SURFACE('',#2143,1.);
#2143 = AXIS2_PLACEMENT_3D('',#2144,#2145,#2146);
#2144 = CARTESIAN_POINT('',(72.25,22.5,2.5));
#2145 = DIRECTION('',(0.,0.,1.));
#2146 = DIRECTION('',(0.707106781187,0.707106781187,-0.));
#2147 = ADVANCED_FACE('',(#2148),#2160,.T.);
#2148 = FACE_BOUND('',#2149,.T.);
#2149 = EDGE_LOOP('',(#2150,#2157,#2158,#2159));
#2150 = ORIENTED_EDGE('',*,*,#2151,.T.);
#2151 = EDGE_CURVE('',#1926,#1629,#2152,.T.);
#2152 = CIRCLE('',#2153,3.6);
#2153 = AXIS2_PLACEMENT_3D('',#2154,#2155,#2156);
#2154 = CARTESIAN_POINT('',(69.65,-19.9,2.5));
#2155 = DIRECTION('',(0.,0.,1.));
#2156 = DIRECTION('',(-1.,0.,0.));
#2157 = ORIENTED_EDGE('',*,*,#1628,.T.);
#2158 = ORIENTED_EDGE('',*,*,#1784,.F.);
#2159 = ORIENTED_EDGE('',*,*,#1933,.F.);
#2160 = CYLINDRICAL_SURFACE('',#2161,3.6);
#2161 = AXIS2_PLACEMENT_3D('',#2162,#2163,#2164);
#2162 = CARTESIAN_POINT('',(69.65,-19.9,2.5));
#2163 = DIRECTION('',(0.,0.,1.));
#2164 = DIRECTION('',(-1.,0.,0.));
#2165 = ADVANCED_FACE('',(#2166),#2172,.T.);
#2166 = FACE_BOUND('',#2167,.T.);
#2167 = EDGE_LOOP('',(#2168,#2169,#2170,#2171));
#2168 = ORIENTED_EDGE('',*,*,#2084,.T.);
#2169 = ORIENTED_EDGE('',*,*,#1540,.F.);
#2170 = ORIENTED_EDGE('',*,*,#1668,.T.);
#2171 = ORIENTED_EDGE('',*,*,#1596,.T.);
#2172 = PLANE('',#2173);
#2173 = AXIS2_PLACEMENT_3D('',#2174,#2175,#2176);
#2174 = CARTESIAN_POINT('',(30.375,-23.875,6.125));
#2175 = DIRECTION('',(0.,0.707106781187,0.707106781187));
#2176 = DIRECTION('',(1.,0.,-0.));
#2177 = ADVANCED_FACE('',(#2178,#2190),#2193,.F.);
#2178 = FACE_BOUND('',#2179,.F.);
#2179 = EDGE_LOOP('',(#2180,#2181,#2188,#2189));
#2180 = ORIENTED_EDGE('',*,*,#1844,.T.);
#2181 = ORIENTED_EDGE('',*,*,#2182,.T.);
#2182 = EDGE_CURVE('',#1845,#1645,#2183,.T.);
#2183 = CIRCLE('',#2184,3.6);
#2184 = AXIS2_PLACEMENT_3D('',#2185,#2186,#2187);
#2185 = CARTESIAN_POINT('',(-69.65,-19.9,7.5));
#2186 = DIRECTION('',(0.,0.,-1.));
#2187 = DIRECTION('',(1.,0.,0.));
#2188 = ORIENTED_EDGE('',*,*,#1652,.T.);
#2189 = ORIENTED_EDGE('',*,*,#1820,.F.);
#2190 = FACE_BOUND('',#2191,.F.);
#2191 = EDGE_LOOP('',(#2192));
#2192 = ORIENTED_EDGE('',*,*,#282,.T.);
#2193 = PLANE('',#2194);
#2194 = AXIS2_PLACEMENT_3D('',#2195,#2196,#2197);
#2195 = CARTESIAN_POINT('',(-69.65,-19.9,7.5));
#2196 = DIRECTION('',(0.,0.,-1.));
#2197 = DIRECTION('',(1.,0.,0.));
#2198 = ADVANCED_FACE('',(#2199),#2211,.T.);
#2199 = FACE_BOUND('',#2200,.T.);
#2200 = EDGE_LOOP('',(#2201,#2208,#2209,#2210));
#2201 = ORIENTED_EDGE('',*,*,#2202,.F.);
#2202 = EDGE_CURVE('',#1853,#1637,#2203,.T.);
#2203 = CIRCLE('',#2204,3.6);
#2204 = AXIS2_PLACEMENT_3D('',#2205,#2206,#2207);
#2205 = CARTESIAN_POINT('',(-69.65,-19.9,2.5));
#2206 = DIRECTION('',(0.,0.,-1.));
#2207 = DIRECTION('',(1.,0.,0.));
#2208 = ORIENTED_EDGE('',*,*,#1852,.T.);
#2209 = ORIENTED_EDGE('',*,*,#2182,.T.);
#2210 = ORIENTED_EDGE('',*,*,#1644,.F.);
#2211 = CYLINDRICAL_SURFACE('',#2212,3.6);
#2212 = AXIS2_PLACEMENT_3D('',#2213,#2214,#2215);
#2213 = CARTESIAN_POINT('',(-69.65,-19.9,2.5));
#2214 = DIRECTION('',(0.,0.,-1.));
#2215 = DIRECTION('',(1.,0.,0.));
#2216 = ADVANCED_FACE('',(#2217,#2229),#2232,.T.);
#2217 = FACE_BOUND('',#2218,.T.);
#2218 = EDGE_LOOP('',(#2219,#2220,#2227,#2228));
#2219 = ORIENTED_EDGE('',*,*,#1876,.T.);
#2220 = ORIENTED_EDGE('',*,*,#2221,.T.);
#2221 = EDGE_CURVE('',#1869,#2002,#2222,.T.);
#2222 = CIRCLE('',#2223,3.6);
#2223 = AXIS2_PLACEMENT_3D('',#2224,#2225,#2226);
#2224 = CARTESIAN_POINT('',(-69.65,19.9,7.5));
#2225 = DIRECTION('',(0.,0.,1.));
#2226 = DIRECTION('',(1.,0.,-0.));
#2227 = ORIENTED_EDGE('',*,*,#2001,.T.);
#2228 = ORIENTED_EDGE('',*,*,#1983,.T.);
#2229 = FACE_BOUND('',#2230,.T.);
#2230 = EDGE_LOOP('',(#2231));
#2231 = ORIENTED_EDGE('',*,*,#190,.T.);
#2232 = PLANE('',#2233);
#2233 = AXIS2_PLACEMENT_3D('',#2234,#2235,#2236);
#2234 = CARTESIAN_POINT('',(-69.65,19.9,7.5));
#2235 = DIRECTION('',(0.,0.,1.));
#2236 = DIRECTION('',(1.,0.,-0.));
#2237 = ADVANCED_FACE('',(#2238),#2250,.T.);
#2238 = FACE_BOUND('',#2239,.T.);
#2239 = EDGE_LOOP('',(#2240,#2247,#2248,#2249));
#2240 = ORIENTED_EDGE('',*,*,#2241,.T.);
#2241 = EDGE_CURVE('',#1861,#2010,#2242,.T.);
#2242 = CIRCLE('',#2243,3.6);
#2243 = AXIS2_PLACEMENT_3D('',#2244,#2245,#2246);
#2244 = CARTESIAN_POINT('',(-69.65,19.9,2.5));
#2245 = DIRECTION('',(0.,0.,1.));
#2246 = DIRECTION('',(1.,0.,-0.));
#2247 = ORIENTED_EDGE('',*,*,#2009,.T.);
#2248 = ORIENTED_EDGE('',*,*,#2221,.F.);
#2249 = ORIENTED_EDGE('',*,*,#1868,.F.);
#2250 = CYLINDRICAL_SURFACE('',#2251,3.6);
#2251 = AXIS2_PLACEMENT_3D('',#2252,#2253,#2254);
#2252 = CARTESIAN_POINT('',(-69.65,19.9,2.5));
#2253 = DIRECTION('',(0.,0.,1.));
#2254 = DIRECTION('',(1.,0.,-0.));
#2255 = ADVANCED_FACE('',(#2256),#2274,.T.);
#2256 = FACE_BOUND('',#2257,.T.);
#2257 = EDGE_LOOP('',(#2258,#2265,#2266,#2273));
#2258 = ORIENTED_EDGE('',*,*,#2259,.F.);
#2259 = EDGE_CURVE('',#1918,#2018,#2260,.T.);
#2260 = CIRCLE('',#2261,3.6);
#2261 = AXIS2_PLACEMENT_3D('',#2262,#2263,#2264);
#2262 = CARTESIAN_POINT('',(69.65,19.9,2.5));
#2263 = DIRECTION('',(0.,0.,-1.));
#2264 = DIRECTION('',(-1.,0.,0.));
#2265 = ORIENTED_EDGE('',*,*,#1917,.T.);
#2266 = ORIENTED_EDGE('',*,*,#2267,.T.);
#2267 = EDGE_CURVE('',#1910,#2026,#2268,.T.);
#2268 = CIRCLE('',#2269,3.6);
#2269 = AXIS2_PLACEMENT_3D('',#2270,#2271,#2272);
#2270 = CARTESIAN_POINT('',(69.65,19.9,7.5));
#2271 = DIRECTION('',(0.,0.,-1.));
#2272 = DIRECTION('',(-1.,0.,0.));
#2273 = ORIENTED_EDGE('',*,*,#2025,.F.);
#2274 = CYLINDRICAL_SURFACE('',#2275,3.6);
#2275 = AXIS2_PLACEMENT_3D('',#2276,#2277,#2278);
#2276 = CARTESIAN_POINT('',(69.65,19.9,2.5));
#2277 = DIRECTION('',(0.,0.,-1.));
#2278 = DIRECTION('',(-1.,0.,0.));
#2279 = ADVANCED_FACE('',(#2280,#2286),#2289,.F.);
#2280 = FACE_BOUND('',#2281,.F.);
#2281 = EDGE_LOOP('',(#2282,#2283,#2284,#2285));
#2282 = ORIENTED_EDGE('',*,*,#1909,.T.);
#2283 = ORIENTED_EDGE('',*,*,#2267,.T.);
#2284 = ORIENTED_EDGE('',*,*,#2033,.T.);
#2285 = ORIENTED_EDGE('',*,*,#2136,.F.);
#2286 = FACE_BOUND('',#2287,.F.);
#2287 = EDGE_LOOP('',(#2288));
#2288 = ORIENTED_EDGE('',*,*,#98,.T.);
#2289 = PLANE('',#2290);
#2290 = AXIS2_PLACEMENT_3D('',#2291,#2292,#2293);
#2291 = CARTESIAN_POINT('',(69.65,19.9,7.5));
#2292 = DIRECTION('',(0.,0.,-1.));
#2293 = DIRECTION('',(-1.,0.,0.));
#2294 = ADVANCED_FACE('',(#2295),#2320,.T.);
#2295 = FACE_BOUND('',#2296,.T.);
#2296 = EDGE_LOOP('',(#2297,#2307,#2313,#2314));
#2297 = ORIENTED_EDGE('',*,*,#2298,.F.);
#2298 = EDGE_CURVE('',#2299,#2301,#2303,.T.);
#2299 = VERTEX_POINT('',#2300);
#2300 = CARTESIAN_POINT('',(72.502476416958,-18.25884848636,0.));
#2301 = VERTEX_POINT('',#2302);
#2302 = CARTESIAN_POINT('',(69.654959306213,-16.6091072024,0.));
#2303 = LINE('',#2304,#2305);
#2304 = CARTESIAN_POINT('',(41.401382044188,-0.240077266468,0.));
#2305 = VECTOR('',#2306,1.);
#2306 = DIRECTION('',(-0.865270931795,0.501304512837,0.));
#2307 = ORIENTED_EDGE('',*,*,#2308,.T.);
#2308 = EDGE_CURVE('',#2299,#1717,#2309,.T.);
#2309 = LINE('',#2310,#2311);
#2310 = CARTESIAN_POINT('',(72.502476416958,-18.25884848636,0.));
#2311 = VECTOR('',#2312,1.);
#2312 = DIRECTION('',(0.,0.,1.));
#2313 = ORIENTED_EDGE('',*,*,#1716,.T.);
#2314 = ORIENTED_EDGE('',*,*,#2315,.F.);
#2315 = EDGE_CURVE('',#2301,#1709,#2316,.T.);
#2316 = LINE('',#2317,#2318);
#2317 = CARTESIAN_POINT('',(69.654959306213,-16.6091072024,0.));
#2318 = VECTOR('',#2319,1.);
#2319 = DIRECTION('',(0.,0.,1.));
#2320 = PLANE('',#2321);
#2321 = AXIS2_PLACEMENT_3D('',#2322,#2323,#2324);
#2322 = CARTESIAN_POINT('',(71.078717861586,-17.43397784438,3.));
#2323 = DIRECTION('',(-0.501304512837,-0.865270931795,
    -3.449612337735E-15));
#2324 = DIRECTION('',(-0.865270931795,0.501304512837,-1.972152263053E-31
    ));
#2325 = ADVANCED_FACE('',(#2326),#2344,.T.);
#2326 = FACE_BOUND('',#2327,.T.);
#2327 = EDGE_LOOP('',(#2328,#2336,#2337,#2338));
#2328 = ORIENTED_EDGE('',*,*,#2329,.F.);
#2329 = EDGE_CURVE('',#2301,#2330,#2332,.T.);
#2330 = VERTEX_POINT('',#2331);
#2331 = CARTESIAN_POINT('',(66.802482889256,-18.25025871603,0.));
#2332 = LINE('',#2333,#2334);
#2333 = CARTESIAN_POINT('',(47.078639977327,-29.59822796027,0.));
#2334 = VECTOR('',#2335,1.);
#2335 = DIRECTION('',(-0.866777909046,-0.498694351672,0.));
#2336 = ORIENTED_EDGE('',*,*,#2315,.T.);
#2337 = ORIENTED_EDGE('',*,*,#1708,.T.);
#2338 = ORIENTED_EDGE('',*,*,#2339,.F.);
#2339 = EDGE_CURVE('',#2330,#1701,#2340,.T.);
#2340 = LINE('',#2341,#2342);
#2341 = CARTESIAN_POINT('',(66.802482889256,-18.25025871603,0.));
#2342 = VECTOR('',#2343,1.);
#2343 = DIRECTION('',(0.,0.,1.));
#2344 = PLANE('',#2345);
#2345 = AXIS2_PLACEMENT_3D('',#2346,#2347,#2348);
#2346 = CARTESIAN_POINT('',(68.228721097735,-17.42968295921,3.));
#2347 = DIRECTION('',(0.498694351672,-0.866777909046,-2.7215944681E-15)
  );
#2348 = DIRECTION('',(-0.866777909046,-0.498694351672,1.972152263053E-31
    ));
#2349 = ADVANCED_FACE('',(#2350,#2360,#2371,#2382,#2393,#2404,#2415,
    #2426,#2476,#2526,#2576),#2610,.T.);
#2350 = FACE_BOUND('',#2351,.T.);
#2351 = EDGE_LOOP('',(#2352,#2353,#2354,#2355,#2356,#2357,#2358,#2359));
#2352 = ORIENTED_EDGE('',*,*,#316,.F.);
#2353 = ORIENTED_EDGE('',*,*,#366,.T.);
#2354 = ORIENTED_EDGE('',*,*,#520,.F.);
#2355 = ORIENTED_EDGE('',*,*,#629,.T.);
#2356 = ORIENTED_EDGE('',*,*,#757,.F.);
#2357 = ORIENTED_EDGE('',*,*,#719,.T.);
#2358 = ORIENTED_EDGE('',*,*,#546,.F.);
#2359 = ORIENTED_EDGE('',*,*,#439,.T.);
#2360 = FACE_BOUND('',#2361,.T.);
#2361 = EDGE_LOOP('',(#2362));
#2362 = ORIENTED_EDGE('',*,*,#2363,.T.);
#2363 = EDGE_CURVE('',#2364,#2364,#2366,.T.);
#2364 = VERTEX_POINT('',#2365);
#2365 = CARTESIAN_POINT('',(-54.9,-17.,0.));
#2366 = CIRCLE('',#2367,3.1);
#2367 = AXIS2_PLACEMENT_3D('',#2368,#2369,#2370);
#2368 = CARTESIAN_POINT('',(-58.,-17.,0.));
#2369 = DIRECTION('',(0.,0.,1.));
#2370 = DIRECTION('',(1.,0.,-0.));
#2371 = FACE_BOUND('',#2372,.T.);
#2372 = EDGE_LOOP('',(#2373));
#2373 = ORIENTED_EDGE('',*,*,#2374,.T.);
#2374 = EDGE_CURVE('',#2375,#2375,#2377,.T.);
#2375 = VERTEX_POINT('',#2376);
#2376 = CARTESIAN_POINT('',(61.1,-17.,0.));
#2377 = CIRCLE('',#2378,3.1);
#2378 = AXIS2_PLACEMENT_3D('',#2379,#2380,#2381);
#2379 = CARTESIAN_POINT('',(58.,-17.,0.));
#2380 = DIRECTION('',(0.,0.,1.));
#2381 = DIRECTION('',(1.,0.,-0.));
#2382 = FACE_BOUND('',#2383,.T.);
#2383 = EDGE_LOOP('',(#2384));
#2384 = ORIENTED_EDGE('',*,*,#2385,.T.);
#2385 = EDGE_CURVE('',#2386,#2386,#2388,.T.);
#2386 = VERTEX_POINT('',#2387);
#2387 = CARTESIAN_POINT('',(-54.9,17.,0.));
#2388 = CIRCLE('',#2389,3.1);
#2389 = AXIS2_PLACEMENT_3D('',#2390,#2391,#2392);
#2390 = CARTESIAN_POINT('',(-58.,17.,0.));
#2391 = DIRECTION('',(0.,0.,1.));
#2392 = DIRECTION('',(1.,0.,-0.));
#2393 = FACE_BOUND('',#2394,.T.);
#2394 = EDGE_LOOP('',(#2395));
#2395 = ORIENTED_EDGE('',*,*,#2396,.T.);
#2396 = EDGE_CURVE('',#2397,#2397,#2399,.T.);
#2397 = VERTEX_POINT('',#2398);
#2398 = CARTESIAN_POINT('',(61.1,17.,0.));
#2399 = CIRCLE('',#2400,3.1);
#2400 = AXIS2_PLACEMENT_3D('',#2401,#2402,#2403);
#2401 = CARTESIAN_POINT('',(58.,17.,0.));
#2402 = DIRECTION('',(0.,0.,1.));
#2403 = DIRECTION('',(1.,0.,-0.));
#2404 = FACE_BOUND('',#2405,.T.);
#2405 = EDGE_LOOP('',(#2406));
#2406 = ORIENTED_EDGE('',*,*,#2407,.T.);
#2407 = EDGE_CURVE('',#2408,#2408,#2410,.T.);
#2408 = VERTEX_POINT('',#2409);
#2409 = CARTESIAN_POINT('',(3.1,-17.,0.));
#2410 = CIRCLE('',#2411,3.1);
#2411 = AXIS2_PLACEMENT_3D('',#2412,#2413,#2414);
#2412 = CARTESIAN_POINT('',(0.,-17.,0.));
#2413 = DIRECTION('',(0.,0.,1.));
#2414 = DIRECTION('',(1.,0.,-0.));
#2415 = FACE_BOUND('',#2416,.T.);
#2416 = EDGE_LOOP('',(#2417));
#2417 = ORIENTED_EDGE('',*,*,#2418,.T.);
#2418 = EDGE_CURVE('',#2419,#2419,#2421,.T.);
#2419 = VERTEX_POINT('',#2420);
#2420 = CARTESIAN_POINT('',(3.1,17.,0.));
#2421 = CIRCLE('',#2422,3.1);
#2422 = AXIS2_PLACEMENT_3D('',#2423,#2424,#2425);
#2423 = CARTESIAN_POINT('',(0.,17.,0.));
#2424 = DIRECTION('',(0.,0.,1.));
#2425 = DIRECTION('',(1.,0.,-0.));
#2426 = FACE_BOUND('',#2427,.T.);
#2427 = EDGE_LOOP('',(#2428,#2438,#2446,#2454,#2462,#2470));
#2428 = ORIENTED_EDGE('',*,*,#2429,.T.);
#2429 = EDGE_CURVE('',#2430,#2432,#2434,.T.);
#2430 = VERTEX_POINT('',#2431);
#2431 = CARTESIAN_POINT('',(-69.65495930621,-16.6091072024,0.));
#2432 = VERTEX_POINT('',#2433);
#2433 = CARTESIAN_POINT('',(-72.50247641695,-18.25884848636,0.));
#2434 = LINE('',#2435,#2436);
#2435 = CARTESIAN_POINT('',(-39.97762348881,0.584793375514,0.));
#2436 = VECTOR('',#2437,1.);
#2437 = DIRECTION('',(-0.865270931795,-0.501304512837,0.));
#2438 = ORIENTED_EDGE('',*,*,#2439,.T.);
#2439 = EDGE_CURVE('',#2432,#2440,#2442,.T.);
#2440 = VERTEX_POINT('',#2441);
#2441 = CARTESIAN_POINT('',(-72.49751711074,-21.54974128396,0.));
#2442 = LINE('',#2443,#2444);
#2443 = CARTESIAN_POINT('',(-72.51615191013,-9.184074705205,0.));
#2444 = VECTOR('',#2445,1.);
#2445 = DIRECTION('',(1.506977251243E-03,-0.999998864509,0.));
#2446 = ORIENTED_EDGE('',*,*,#2447,.T.);
#2447 = EDGE_CURVE('',#2440,#2448,#2450,.T.);
#2448 = VERTEX_POINT('',#2449);
#2449 = CARTESIAN_POINT('',(-69.64504069378,-23.19089279759,0.));
#2450 = LINE('',#2451,#2452);
#2451 = CARTESIAN_POINT('',(-49.92119778185,-34.53886204184,0.));
#2452 = VECTOR('',#2453,1.);
#2453 = DIRECTION('',(0.866777909046,-0.498694351672,0.));
#2454 = ORIENTED_EDGE('',*,*,#2455,.T.);
#2455 = EDGE_CURVE('',#2448,#2456,#2458,.T.);
#2456 = VERTEX_POINT('',#2457);
#2457 = CARTESIAN_POINT('',(-66.79752358304,-21.54115151363,0.));
#2458 = LINE('',#2459,#2460);
#2459 = CARTESIAN_POINT('',(-38.54394632101,-5.172121577699,0.));
#2460 = VECTOR('',#2461,1.);
#2461 = DIRECTION('',(0.865270931795,0.501304512837,0.));
#2462 = ORIENTED_EDGE('',*,*,#2463,.T.);
#2463 = EDGE_CURVE('',#2456,#2464,#2466,.T.);
#2464 = VERTEX_POINT('',#2465);
#2465 = CARTESIAN_POINT('',(-66.80248288925,-18.25025871603,0.));
#2466 = LINE('',#2467,#2468);
#2467 = CARTESIAN_POINT('',(-66.81367872932,-10.82093133367,0.));
#2468 = VECTOR('',#2469,1.);
#2469 = DIRECTION('',(-1.506977251243E-03,0.999998864509,0.));
#2470 = ORIENTED_EDGE('',*,*,#2471,.T.);
#2471 = EDGE_CURVE('',#2464,#2430,#2472,.T.);
#2472 = LINE('',#2473,#2474);
#2473 = CARTESIAN_POINT('',(-45.65240176884,-30.41880371709,0.));
#2474 = VECTOR('',#2475,1.);
#2475 = DIRECTION('',(-0.866777909046,0.498694351672,0.));
#2476 = FACE_BOUND('',#2477,.T.);
#2477 = EDGE_LOOP('',(#2478,#2488,#2496,#2504,#2512,#2520));
#2478 = ORIENTED_EDGE('',*,*,#2479,.T.);
#2479 = EDGE_CURVE('',#2480,#2482,#2484,.T.);
#2480 = VERTEX_POINT('',#2481);
#2481 = CARTESIAN_POINT('',(72.502476416958,18.258848486367,0.));
#2482 = VERTEX_POINT('',#2483);
#2483 = CARTESIAN_POINT('',(72.497517110744,21.549741283965,0.));
#2484 = LINE('',#2485,#2486);
#2485 = CARTESIAN_POINT('',(72.516151910135,9.184074705205,0.));
#2486 = VECTOR('',#2487,1.);
#2487 = DIRECTION('',(-1.506977251243E-03,0.999998864509,0.));
#2488 = ORIENTED_EDGE('',*,*,#2489,.T.);
#2489 = EDGE_CURVE('',#2482,#2490,#2492,.T.);
#2490 = VERTEX_POINT('',#2491);
#2491 = CARTESIAN_POINT('',(69.645040693786,23.190892797598,0.));
#2492 = LINE('',#2493,#2494);
#2493 = CARTESIAN_POINT('',(49.921197781858,34.538862041842,0.));
#2494 = VECTOR('',#2495,1.);
#2495 = DIRECTION('',(-0.866777909046,0.498694351672,0.));
#2496 = ORIENTED_EDGE('',*,*,#2497,.T.);
#2497 = EDGE_CURVE('',#2490,#2498,#2500,.T.);
#2498 = VERTEX_POINT('',#2499);
#2499 = CARTESIAN_POINT('',(66.797523583042,21.541151513633,0.));
#2500 = LINE('',#2501,#2502);
#2501 = CARTESIAN_POINT('',(38.543946321017,5.172121577699,0.));
#2502 = VECTOR('',#2503,1.);
#2503 = DIRECTION('',(-0.865270931795,-0.501304512837,0.));
#2504 = ORIENTED_EDGE('',*,*,#2505,.T.);
#2505 = EDGE_CURVE('',#2498,#2506,#2508,.T.);
#2506 = VERTEX_POINT('',#2507);
#2507 = CARTESIAN_POINT('',(66.802482889256,18.250258716035,0.));
#2508 = LINE('',#2509,#2510);
#2509 = CARTESIAN_POINT('',(66.813678729326,10.820931333672,0.));
#2510 = VECTOR('',#2511,1.);
#2511 = DIRECTION('',(1.506977251243E-03,-0.999998864509,0.));
#2512 = ORIENTED_EDGE('',*,*,#2513,.T.);
#2513 = EDGE_CURVE('',#2506,#2514,#2516,.T.);
#2514 = VERTEX_POINT('',#2515);
#2515 = CARTESIAN_POINT('',(69.654959306213,16.609107202402,0.));
#2516 = LINE('',#2517,#2518);
#2517 = CARTESIAN_POINT('',(45.652401768848,30.418803717096,0.));
#2518 = VECTOR('',#2519,1.);
#2519 = DIRECTION('',(0.866777909046,-0.498694351672,0.));
#2520 = ORIENTED_EDGE('',*,*,#2521,.T.);
#2521 = EDGE_CURVE('',#2514,#2480,#2522,.T.);
#2522 = LINE('',#2523,#2524);
#2523 = CARTESIAN_POINT('',(39.977623488816,-0.584793375514,0.));
#2524 = VECTOR('',#2525,1.);
#2525 = DIRECTION('',(0.865270931795,0.501304512837,0.));
#2526 = FACE_BOUND('',#2527,.T.);
#2527 = EDGE_LOOP('',(#2528,#2538,#2546,#2554,#2562,#2570));
#2528 = ORIENTED_EDGE('',*,*,#2529,.T.);
#2529 = EDGE_CURVE('',#2530,#2532,#2534,.T.);
#2530 = VERTEX_POINT('',#2531);
#2531 = CARTESIAN_POINT('',(-69.64504069378,23.190892797598,0.));
#2532 = VERTEX_POINT('',#2533);
#2533 = CARTESIAN_POINT('',(-72.49751711074,21.549741283965,0.));
#2534 = LINE('',#2535,#2536);
#2535 = CARTESIAN_POINT('',(-48.49495957337,35.359437798659,0.));
#2536 = VECTOR('',#2537,1.);
#2537 = DIRECTION('',(-0.866777909046,-0.498694351672,0.));
#2538 = ORIENTED_EDGE('',*,*,#2539,.T.);
#2539 = EDGE_CURVE('',#2532,#2540,#2542,.T.);
#2540 = VERTEX_POINT('',#2541);
#2541 = CARTESIAN_POINT('',(-72.50247641695,18.258848486367,0.));
#2542 = LINE('',#2543,#2544);
#2543 = CARTESIAN_POINT('',(-72.51367225702,10.829521104004,0.));
#2544 = VECTOR('',#2545,1.);
#2545 = DIRECTION('',(-1.50697725124E-03,-0.999998864509,0.));
#2546 = ORIENTED_EDGE('',*,*,#2547,.T.);
#2547 = EDGE_CURVE('',#2540,#2548,#2550,.T.);
#2548 = VERTEX_POINT('',#2549);
#2549 = CARTESIAN_POINT('',(-69.65495930621,16.609107202402,0.));
#2550 = LINE('',#2551,#2552);
#2551 = CARTESIAN_POINT('',(-41.40138204418,0.240077266468,0.));
#2552 = VECTOR('',#2553,1.);
#2553 = DIRECTION('',(0.865270931795,-0.501304512837,0.));
#2554 = ORIENTED_EDGE('',*,*,#2555,.T.);
#2555 = EDGE_CURVE('',#2548,#2556,#2558,.T.);
#2556 = VERTEX_POINT('',#2557);
#2557 = CARTESIAN_POINT('',(-66.80248288925,18.250258716035,0.));
#2558 = LINE('',#2559,#2560);
#2559 = CARTESIAN_POINT('',(-47.07863997732,29.598227960279,0.));
#2560 = VECTOR('',#2561,1.);
#2561 = DIRECTION('',(0.866777909046,0.498694351672,0.));
#2562 = ORIENTED_EDGE('',*,*,#2563,.T.);
#2563 = EDGE_CURVE('',#2556,#2564,#2566,.T.);
#2564 = VERTEX_POINT('',#2565);
#2565 = CARTESIAN_POINT('',(-66.79752358304,21.541151513633,0.));
#2566 = LINE('',#2567,#2568);
#2567 = CARTESIAN_POINT('',(-66.81615838243,9.175484934873,0.));
#2568 = VECTOR('',#2569,1.);
#2569 = DIRECTION('',(1.506977251245E-03,0.999998864509,0.));
#2570 = ORIENTED_EDGE('',*,*,#2571,.T.);
#2571 = EDGE_CURVE('',#2564,#2530,#2572,.T.);
#2572 = LINE('',#2573,#2574);
#2573 = CARTESIAN_POINT('',(-37.12018776564,4.347250935716,0.));
#2574 = VECTOR('',#2575,1.);
#2575 = DIRECTION('',(-0.865270931795,0.501304512837,0.));
#2576 = FACE_BOUND('',#2577,.T.);
#2577 = EDGE_LOOP('',(#2578,#2588,#2596,#2602,#2603,#2604));
#2578 = ORIENTED_EDGE('',*,*,#2579,.T.);
#2579 = EDGE_CURVE('',#2580,#2582,#2584,.T.);
#2580 = VERTEX_POINT('',#2581);
#2581 = CARTESIAN_POINT('',(66.797523583042,-21.54115151363,0.));
#2582 = VERTEX_POINT('',#2583);
#2583 = CARTESIAN_POINT('',(69.645040693786,-23.19089279759,0.));
#2584 = LINE('',#2585,#2586);
#2585 = CARTESIAN_POINT('',(37.120187765645,-4.347250935716,0.));
#2586 = VECTOR('',#2587,1.);
#2587 = DIRECTION('',(0.865270931795,-0.501304512837,0.));
#2588 = ORIENTED_EDGE('',*,*,#2589,.T.);
#2589 = EDGE_CURVE('',#2582,#2590,#2592,.T.);
#2590 = VERTEX_POINT('',#2591);
#2591 = CARTESIAN_POINT('',(72.497517110744,-21.54974128396,0.));
#2592 = LINE('',#2593,#2594);
#2593 = CARTESIAN_POINT('',(48.494959573379,-35.35943779865,0.));
#2594 = VECTOR('',#2595,1.);
#2595 = DIRECTION('',(0.866777909046,0.498694351672,0.));
#2596 = ORIENTED_EDGE('',*,*,#2597,.T.);
#2597 = EDGE_CURVE('',#2590,#2299,#2598,.T.);
#2598 = LINE('',#2599,#2600);
#2599 = CARTESIAN_POINT('',(72.513672257028,-10.829521104,0.));
#2600 = VECTOR('',#2601,1.);
#2601 = DIRECTION('',(1.506977251243E-03,0.999998864509,0.));
#2602 = ORIENTED_EDGE('',*,*,#2298,.T.);
#2603 = ORIENTED_EDGE('',*,*,#2329,.T.);
#2604 = ORIENTED_EDGE('',*,*,#2605,.T.);
#2605 = EDGE_CURVE('',#2330,#2580,#2606,.T.);
#2606 = LINE('',#2607,#2608);
#2607 = CARTESIAN_POINT('',(66.816158382433,-9.175484934873,0.));
#2608 = VECTOR('',#2609,1.);
#2609 = DIRECTION('',(-1.506977251243E-03,-0.999998864509,0.));
#2610 = PLANE('',#2611);
#2611 = AXIS2_PLACEMENT_3D('',#2612,#2613,#2614);
#2612 = CARTESIAN_POINT('',(4.48430123752E-15,0.,0.));
#2613 = DIRECTION('',(-0.,-0.,-1.));
#2614 = DIRECTION('',(-1.,0.,0.));
#2615 = ADVANCED_FACE('',(#2616),#2635,.F.);
#2616 = FACE_BOUND('',#2617,.F.);
#2617 = EDGE_LOOP('',(#2618,#2626,#2633,#2634));
#2618 = ORIENTED_EDGE('',*,*,#2619,.T.);
#2619 = EDGE_CURVE('',#2364,#2620,#2622,.T.);
#2620 = VERTEX_POINT('',#2621);
#2621 = CARTESIAN_POINT('',(-54.9,-17.,2.45));
#2622 = LINE('',#2623,#2624);
#2623 = CARTESIAN_POINT('',(-54.9,-17.,-0.5));
#2624 = VECTOR('',#2625,1.);
#2625 = DIRECTION('',(0.,0.,1.));
#2626 = ORIENTED_EDGE('',*,*,#2627,.F.);
#2627 = EDGE_CURVE('',#2620,#2620,#2628,.T.);
#2628 = CIRCLE('',#2629,3.1);
#2629 = AXIS2_PLACEMENT_3D('',#2630,#2631,#2632);
#2630 = CARTESIAN_POINT('',(-58.,-17.,2.45));
#2631 = DIRECTION('',(0.,0.,1.));
#2632 = DIRECTION('',(1.,0.,-0.));
#2633 = ORIENTED_EDGE('',*,*,#2619,.F.);
#2634 = ORIENTED_EDGE('',*,*,#2363,.T.);
#2635 = CYLINDRICAL_SURFACE('',#2636,3.1);
#2636 = AXIS2_PLACEMENT_3D('',#2637,#2638,#2639);
#2637 = CARTESIAN_POINT('',(-58.,-17.,-0.5));
#2638 = DIRECTION('',(0.,0.,1.));
#2639 = DIRECTION('',(1.,0.,-0.));
#2640 = ADVANCED_FACE('',(#2641,#2644),#2655,.F.);
#2641 = FACE_BOUND('',#2642,.F.);
#2642 = EDGE_LOOP('',(#2643));
#2643 = ORIENTED_EDGE('',*,*,#2627,.T.);
#2644 = FACE_BOUND('',#2645,.F.);
#2645 = EDGE_LOOP('',(#2646));
#2646 = ORIENTED_EDGE('',*,*,#2647,.F.);
#2647 = EDGE_CURVE('',#2648,#2648,#2650,.T.);
#2648 = VERTEX_POINT('',#2649);
#2649 = CARTESIAN_POINT('',(-56.75,-17.,2.45));
#2650 = CIRCLE('',#2651,1.25);
#2651 = AXIS2_PLACEMENT_3D('',#2652,#2653,#2654);
#2652 = CARTESIAN_POINT('',(-58.,-17.,2.45));
#2653 = DIRECTION('',(0.,0.,1.));
#2654 = DIRECTION('',(1.,0.,-0.));
#2655 = PLANE('',#2656);
#2656 = AXIS2_PLACEMENT_3D('',#2657,#2658,#2659);
#2657 = CARTESIAN_POINT('',(-58.,-17.,2.45));
#2658 = DIRECTION('',(0.,0.,1.));
#2659 = DIRECTION('',(1.,0.,-0.));
#2660 = ADVANCED_FACE('',(#2661),#2680,.F.);
#2661 = FACE_BOUND('',#2662,.F.);
#2662 = EDGE_LOOP('',(#2663,#2672,#2678,#2679));
#2663 = ORIENTED_EDGE('',*,*,#2664,.F.);
#2664 = EDGE_CURVE('',#2665,#2665,#2667,.T.);
#2665 = VERTEX_POINT('',#2666);
#2666 = CARTESIAN_POINT('',(-56.75,-17.,3.7));
#2667 = CIRCLE('',#2668,1.25);
#2668 = AXIS2_PLACEMENT_3D('',#2669,#2670,#2671);
#2669 = CARTESIAN_POINT('',(-58.,-17.,3.7));
#2670 = DIRECTION('',(0.,0.,1.));
#2671 = DIRECTION('',(1.,0.,-0.));
#2672 = ORIENTED_EDGE('',*,*,#2673,.F.);
#2673 = EDGE_CURVE('',#2648,#2665,#2674,.T.);
#2674 = LINE('',#2675,#2676);
#2675 = CARTESIAN_POINT('',(-56.75,-17.,-0.5));
#2676 = VECTOR('',#2677,1.);
#2677 = DIRECTION('',(0.,0.,1.));
#2678 = ORIENTED_EDGE('',*,*,#2647,.T.);
#2679 = ORIENTED_EDGE('',*,*,#2673,.T.);
#2680 = CYLINDRICAL_SURFACE('',#2681,1.25);
#2681 = AXIS2_PLACEMENT_3D('',#2682,#2683,#2684);
#2682 = CARTESIAN_POINT('',(-58.,-17.,-0.5));
#2683 = DIRECTION('',(0.,0.,1.));
#2684 = DIRECTION('',(1.,0.,-0.));
#2685 = ADVANCED_FACE('',(#2686,#2697),#2700,.T.);
#2686 = FACE_BOUND('',#2687,.T.);
#2687 = EDGE_LOOP('',(#2688));
#2688 = ORIENTED_EDGE('',*,*,#2689,.T.);
#2689 = EDGE_CURVE('',#2690,#2690,#2692,.T.);
#2690 = VERTEX_POINT('',#2691);
#2691 = CARTESIAN_POINT('',(-53.5,-17.,3.7));
#2692 = CIRCLE('',#2693,4.5);
#2693 = AXIS2_PLACEMENT_3D('',#2694,#2695,#2696);
#2694 = CARTESIAN_POINT('',(-58.,-17.,3.7));
#2695 = DIRECTION('',(0.,0.,1.));
#2696 = DIRECTION('',(1.,0.,-0.));
#2697 = FACE_BOUND('',#2698,.T.);
#2698 = EDGE_LOOP('',(#2699));
#2699 = ORIENTED_EDGE('',*,*,#2664,.F.);
#2700 = PLANE('',#2701);
#2701 = AXIS2_PLACEMENT_3D('',#2702,#2703,#2704);
#2702 = CARTESIAN_POINT('',(-58.,-17.,3.7));
#2703 = DIRECTION('',(0.,0.,1.));
#2704 = DIRECTION('',(1.,0.,-0.));
#2705 = ADVANCED_FACE('',(#2706),#2725,.T.);
#2706 = FACE_BOUND('',#2707,.T.);
#2707 = EDGE_LOOP('',(#2708,#2709,#2717,#2724));
#2708 = ORIENTED_EDGE('',*,*,#2689,.F.);
#2709 = ORIENTED_EDGE('',*,*,#2710,.F.);
#2710 = EDGE_CURVE('',#2711,#2690,#2713,.T.);
#2711 = VERTEX_POINT('',#2712);
#2712 = CARTESIAN_POINT('',(-53.5,-17.,2.5));
#2713 = LINE('',#2714,#2715);
#2714 = CARTESIAN_POINT('',(-53.5,-17.,2.5));
#2715 = VECTOR('',#2716,1.);
#2716 = DIRECTION('',(0.,0.,1.));
#2717 = ORIENTED_EDGE('',*,*,#2718,.T.);
#2718 = EDGE_CURVE('',#2711,#2711,#2719,.T.);
#2719 = CIRCLE('',#2720,4.5);
#2720 = AXIS2_PLACEMENT_3D('',#2721,#2722,#2723);
#2721 = CARTESIAN_POINT('',(-58.,-17.,2.5));
#2722 = DIRECTION('',(0.,0.,1.));
#2723 = DIRECTION('',(1.,0.,-0.));
#2724 = ORIENTED_EDGE('',*,*,#2710,.T.);
#2725 = CYLINDRICAL_SURFACE('',#2726,4.5);
#2726 = AXIS2_PLACEMENT_3D('',#2727,#2728,#2729);
#2727 = CARTESIAN_POINT('',(-58.,-17.,2.5));
#2728 = DIRECTION('',(0.,0.,1.));
#2729 = DIRECTION('',(1.,0.,-0.));
#2730 = ADVANCED_FACE('',(#2731),#2750,.F.);
#2731 = FACE_BOUND('',#2732,.F.);
#2732 = EDGE_LOOP('',(#2733,#2741,#2748,#2749));
#2733 = ORIENTED_EDGE('',*,*,#2734,.T.);
#2734 = EDGE_CURVE('',#2375,#2735,#2737,.T.);
#2735 = VERTEX_POINT('',#2736);
#2736 = CARTESIAN_POINT('',(61.1,-17.,2.45));
#2737 = LINE('',#2738,#2739);
#2738 = CARTESIAN_POINT('',(61.1,-17.,-0.5));
#2739 = VECTOR('',#2740,1.);
#2740 = DIRECTION('',(0.,0.,1.));
#2741 = ORIENTED_EDGE('',*,*,#2742,.F.);
#2742 = EDGE_CURVE('',#2735,#2735,#2743,.T.);
#2743 = CIRCLE('',#2744,3.1);
#2744 = AXIS2_PLACEMENT_3D('',#2745,#2746,#2747);
#2745 = CARTESIAN_POINT('',(58.,-17.,2.45));
#2746 = DIRECTION('',(0.,0.,1.));
#2747 = DIRECTION('',(1.,0.,-0.));
#2748 = ORIENTED_EDGE('',*,*,#2734,.F.);
#2749 = ORIENTED_EDGE('',*,*,#2374,.T.);
#2750 = CYLINDRICAL_SURFACE('',#2751,3.1);
#2751 = AXIS2_PLACEMENT_3D('',#2752,#2753,#2754);
#2752 = CARTESIAN_POINT('',(58.,-17.,-0.5));
#2753 = DIRECTION('',(0.,0.,1.));
#2754 = DIRECTION('',(1.,0.,-0.));
#2755 = ADVANCED_FACE('',(#2756,#2759),#2770,.F.);
#2756 = FACE_BOUND('',#2757,.F.);
#2757 = EDGE_LOOP('',(#2758));
#2758 = ORIENTED_EDGE('',*,*,#2742,.T.);
#2759 = FACE_BOUND('',#2760,.F.);
#2760 = EDGE_LOOP('',(#2761));
#2761 = ORIENTED_EDGE('',*,*,#2762,.F.);
#2762 = EDGE_CURVE('',#2763,#2763,#2765,.T.);
#2763 = VERTEX_POINT('',#2764);
#2764 = CARTESIAN_POINT('',(59.25,-17.,2.45));
#2765 = CIRCLE('',#2766,1.25);
#2766 = AXIS2_PLACEMENT_3D('',#2767,#2768,#2769);
#2767 = CARTESIAN_POINT('',(58.,-17.,2.45));
#2768 = DIRECTION('',(0.,0.,1.));
#2769 = DIRECTION('',(1.,0.,-0.));
#2770 = PLANE('',#2771);
#2771 = AXIS2_PLACEMENT_3D('',#2772,#2773,#2774);
#2772 = CARTESIAN_POINT('',(58.,-17.,2.45));
#2773 = DIRECTION('',(0.,0.,1.));
#2774 = DIRECTION('',(1.,0.,-0.));
#2775 = ADVANCED_FACE('',(#2776),#2795,.F.);
#2776 = FACE_BOUND('',#2777,.F.);
#2777 = EDGE_LOOP('',(#2778,#2787,#2793,#2794));
#2778 = ORIENTED_EDGE('',*,*,#2779,.F.);
#2779 = EDGE_CURVE('',#2780,#2780,#2782,.T.);
#2780 = VERTEX_POINT('',#2781);
#2781 = CARTESIAN_POINT('',(59.25,-17.,3.7));
#2782 = CIRCLE('',#2783,1.25);
#2783 = AXIS2_PLACEMENT_3D('',#2784,#2785,#2786);
#2784 = CARTESIAN_POINT('',(58.,-17.,3.7));
#2785 = DIRECTION('',(0.,0.,1.));
#2786 = DIRECTION('',(1.,0.,-0.));
#2787 = ORIENTED_EDGE('',*,*,#2788,.F.);
#2788 = EDGE_CURVE('',#2763,#2780,#2789,.T.);
#2789 = LINE('',#2790,#2791);
#2790 = CARTESIAN_POINT('',(59.25,-17.,-0.5));
#2791 = VECTOR('',#2792,1.);
#2792 = DIRECTION('',(0.,0.,1.));
#2793 = ORIENTED_EDGE('',*,*,#2762,.T.);
#2794 = ORIENTED_EDGE('',*,*,#2788,.T.);
#2795 = CYLINDRICAL_SURFACE('',#2796,1.25);
#2796 = AXIS2_PLACEMENT_3D('',#2797,#2798,#2799);
#2797 = CARTESIAN_POINT('',(58.,-17.,-0.5));
#2798 = DIRECTION('',(0.,0.,1.));
#2799 = DIRECTION('',(1.,0.,-0.));
#2800 = ADVANCED_FACE('',(#2801,#2812),#2815,.T.);
#2801 = FACE_BOUND('',#2802,.T.);
#2802 = EDGE_LOOP('',(#2803));
#2803 = ORIENTED_EDGE('',*,*,#2804,.T.);
#2804 = EDGE_CURVE('',#2805,#2805,#2807,.T.);
#2805 = VERTEX_POINT('',#2806);
#2806 = CARTESIAN_POINT('',(62.5,-17.,3.7));
#2807 = CIRCLE('',#2808,4.5);
#2808 = AXIS2_PLACEMENT_3D('',#2809,#2810,#2811);
#2809 = CARTESIAN_POINT('',(58.,-17.,3.7));
#2810 = DIRECTION('',(0.,0.,1.));
#2811 = DIRECTION('',(1.,0.,-0.));
#2812 = FACE_BOUND('',#2813,.T.);
#2813 = EDGE_LOOP('',(#2814));
#2814 = ORIENTED_EDGE('',*,*,#2779,.F.);
#2815 = PLANE('',#2816);
#2816 = AXIS2_PLACEMENT_3D('',#2817,#2818,#2819);
#2817 = CARTESIAN_POINT('',(58.,-17.,3.7));
#2818 = DIRECTION('',(0.,0.,1.));
#2819 = DIRECTION('',(1.,0.,-0.));
#2820 = ADVANCED_FACE('',(#2821),#2840,.T.);
#2821 = FACE_BOUND('',#2822,.T.);
#2822 = EDGE_LOOP('',(#2823,#2824,#2832,#2839));
#2823 = ORIENTED_EDGE('',*,*,#2804,.F.);
#2824 = ORIENTED_EDGE('',*,*,#2825,.F.);
#2825 = EDGE_CURVE('',#2826,#2805,#2828,.T.);
#2826 = VERTEX_POINT('',#2827);
#2827 = CARTESIAN_POINT('',(62.5,-17.,2.5));
#2828 = LINE('',#2829,#2830);
#2829 = CARTESIAN_POINT('',(62.5,-17.,2.5));
#2830 = VECTOR('',#2831,1.);
#2831 = DIRECTION('',(0.,0.,1.));
#2832 = ORIENTED_EDGE('',*,*,#2833,.T.);
#2833 = EDGE_CURVE('',#2826,#2826,#2834,.T.);
#2834 = CIRCLE('',#2835,4.5);
#2835 = AXIS2_PLACEMENT_3D('',#2836,#2837,#2838);
#2836 = CARTESIAN_POINT('',(58.,-17.,2.5));
#2837 = DIRECTION('',(0.,0.,1.));
#2838 = DIRECTION('',(1.,0.,-0.));
#2839 = ORIENTED_EDGE('',*,*,#2825,.T.);
#2840 = CYLINDRICAL_SURFACE('',#2841,4.5);
#2841 = AXIS2_PLACEMENT_3D('',#2842,#2843,#2844);
#2842 = CARTESIAN_POINT('',(58.,-17.,2.5));
#2843 = DIRECTION('',(0.,0.,1.));
#2844 = DIRECTION('',(1.,0.,-0.));
#2845 = ADVANCED_FACE('',(#2846),#2865,.F.);
#2846 = FACE_BOUND('',#2847,.F.);
#2847 = EDGE_LOOP('',(#2848,#2856,#2863,#2864));
#2848 = ORIENTED_EDGE('',*,*,#2849,.T.);
#2849 = EDGE_CURVE('',#2386,#2850,#2852,.T.);
#2850 = VERTEX_POINT('',#2851);
#2851 = CARTESIAN_POINT('',(-54.9,17.,2.45));
#2852 = LINE('',#2853,#2854);
#2853 = CARTESIAN_POINT('',(-54.9,17.,-0.5));
#2854 = VECTOR('',#2855,1.);
#2855 = DIRECTION('',(0.,0.,1.));
#2856 = ORIENTED_EDGE('',*,*,#2857,.F.);
#2857 = EDGE_CURVE('',#2850,#2850,#2858,.T.);
#2858 = CIRCLE('',#2859,3.1);
#2859 = AXIS2_PLACEMENT_3D('',#2860,#2861,#2862);
#2860 = CARTESIAN_POINT('',(-58.,17.,2.45));
#2861 = DIRECTION('',(0.,0.,1.));
#2862 = DIRECTION('',(1.,0.,-0.));
#2863 = ORIENTED_EDGE('',*,*,#2849,.F.);
#2864 = ORIENTED_EDGE('',*,*,#2385,.T.);
#2865 = CYLINDRICAL_SURFACE('',#2866,3.1);
#2866 = AXIS2_PLACEMENT_3D('',#2867,#2868,#2869);
#2867 = CARTESIAN_POINT('',(-58.,17.,-0.5));
#2868 = DIRECTION('',(0.,0.,1.));
#2869 = DIRECTION('',(1.,0.,-0.));
#2870 = ADVANCED_FACE('',(#2871,#2874),#2885,.F.);
#2871 = FACE_BOUND('',#2872,.F.);
#2872 = EDGE_LOOP('',(#2873));
#2873 = ORIENTED_EDGE('',*,*,#2857,.T.);
#2874 = FACE_BOUND('',#2875,.F.);
#2875 = EDGE_LOOP('',(#2876));
#2876 = ORIENTED_EDGE('',*,*,#2877,.F.);
#2877 = EDGE_CURVE('',#2878,#2878,#2880,.T.);
#2878 = VERTEX_POINT('',#2879);
#2879 = CARTESIAN_POINT('',(-56.75,17.,2.45));
#2880 = CIRCLE('',#2881,1.25);
#2881 = AXIS2_PLACEMENT_3D('',#2882,#2883,#2884);
#2882 = CARTESIAN_POINT('',(-58.,17.,2.45));
#2883 = DIRECTION('',(0.,0.,1.));
#2884 = DIRECTION('',(1.,0.,-0.));
#2885 = PLANE('',#2886);
#2886 = AXIS2_PLACEMENT_3D('',#2887,#2888,#2889);
#2887 = CARTESIAN_POINT('',(-58.,17.,2.45));
#2888 = DIRECTION('',(0.,0.,1.));
#2889 = DIRECTION('',(1.,0.,-0.));
#2890 = ADVANCED_FACE('',(#2891),#2910,.F.);
#2891 = FACE_BOUND('',#2892,.F.);
#2892 = EDGE_LOOP('',(#2893,#2902,#2908,#2909));
#2893 = ORIENTED_EDGE('',*,*,#2894,.F.);
#2894 = EDGE_CURVE('',#2895,#2895,#2897,.T.);
#2895 = VERTEX_POINT('',#2896);
#2896 = CARTESIAN_POINT('',(-56.75,17.,3.7));
#2897 = CIRCLE('',#2898,1.25);
#2898 = AXIS2_PLACEMENT_3D('',#2899,#2900,#2901);
#2899 = CARTESIAN_POINT('',(-58.,17.,3.7));
#2900 = DIRECTION('',(0.,0.,1.));
#2901 = DIRECTION('',(1.,0.,-0.));
#2902 = ORIENTED_EDGE('',*,*,#2903,.F.);
#2903 = EDGE_CURVE('',#2878,#2895,#2904,.T.);
#2904 = LINE('',#2905,#2906);
#2905 = CARTESIAN_POINT('',(-56.75,17.,-0.5));
#2906 = VECTOR('',#2907,1.);
#2907 = DIRECTION('',(0.,0.,1.));
#2908 = ORIENTED_EDGE('',*,*,#2877,.T.);
#2909 = ORIENTED_EDGE('',*,*,#2903,.T.);
#2910 = CYLINDRICAL_SURFACE('',#2911,1.25);
#2911 = AXIS2_PLACEMENT_3D('',#2912,#2913,#2914);
#2912 = CARTESIAN_POINT('',(-58.,17.,-0.5));
#2913 = DIRECTION('',(0.,0.,1.));
#2914 = DIRECTION('',(1.,0.,-0.));
#2915 = ADVANCED_FACE('',(#2916,#2927),#2930,.T.);
#2916 = FACE_BOUND('',#2917,.T.);
#2917 = EDGE_LOOP('',(#2918));
#2918 = ORIENTED_EDGE('',*,*,#2919,.T.);
#2919 = EDGE_CURVE('',#2920,#2920,#2922,.T.);
#2920 = VERTEX_POINT('',#2921);
#2921 = CARTESIAN_POINT('',(-53.5,17.,3.7));
#2922 = CIRCLE('',#2923,4.5);
#2923 = AXIS2_PLACEMENT_3D('',#2924,#2925,#2926);
#2924 = CARTESIAN_POINT('',(-58.,17.,3.7));
#2925 = DIRECTION('',(0.,0.,1.));
#2926 = DIRECTION('',(1.,0.,-0.));
#2927 = FACE_BOUND('',#2928,.T.);
#2928 = EDGE_LOOP('',(#2929));
#2929 = ORIENTED_EDGE('',*,*,#2894,.F.);
#2930 = PLANE('',#2931);
#2931 = AXIS2_PLACEMENT_3D('',#2932,#2933,#2934);
#2932 = CARTESIAN_POINT('',(-58.,17.,3.7));
#2933 = DIRECTION('',(0.,0.,1.));
#2934 = DIRECTION('',(1.,0.,-0.));
#2935 = ADVANCED_FACE('',(#2936),#2955,.T.);
#2936 = FACE_BOUND('',#2937,.T.);
#2937 = EDGE_LOOP('',(#2938,#2939,#2947,#2954));
#2938 = ORIENTED_EDGE('',*,*,#2919,.F.);
#2939 = ORIENTED_EDGE('',*,*,#2940,.F.);
#2940 = EDGE_CURVE('',#2941,#2920,#2943,.T.);
#2941 = VERTEX_POINT('',#2942);
#2942 = CARTESIAN_POINT('',(-53.5,17.,2.5));
#2943 = LINE('',#2944,#2945);
#2944 = CARTESIAN_POINT('',(-53.5,17.,2.5));
#2945 = VECTOR('',#2946,1.);
#2946 = DIRECTION('',(0.,0.,1.));
#2947 = ORIENTED_EDGE('',*,*,#2948,.T.);
#2948 = EDGE_CURVE('',#2941,#2941,#2949,.T.);
#2949 = CIRCLE('',#2950,4.5);
#2950 = AXIS2_PLACEMENT_3D('',#2951,#2952,#2953);
#2951 = CARTESIAN_POINT('',(-58.,17.,2.5));
#2952 = DIRECTION('',(0.,0.,1.));
#2953 = DIRECTION('',(1.,0.,-0.));
#2954 = ORIENTED_EDGE('',*,*,#2940,.T.);
#2955 = CYLINDRICAL_SURFACE('',#2956,4.5);
#2956 = AXIS2_PLACEMENT_3D('',#2957,#2958,#2959);
#2957 = CARTESIAN_POINT('',(-58.,17.,2.5));
#2958 = DIRECTION('',(0.,0.,1.));
#2959 = DIRECTION('',(1.,0.,-0.));
#2960 = ADVANCED_FACE('',(#2961),#2980,.F.);
#2961 = FACE_BOUND('',#2962,.F.);
#2962 = EDGE_LOOP('',(#2963,#2971,#2978,#2979));
#2963 = ORIENTED_EDGE('',*,*,#2964,.T.);
#2964 = EDGE_CURVE('',#2397,#2965,#2967,.T.);
#2965 = VERTEX_POINT('',#2966);
#2966 = CARTESIAN_POINT('',(61.1,17.,2.45));
#2967 = LINE('',#2968,#2969);
#2968 = CARTESIAN_POINT('',(61.1,17.,-0.5));
#2969 = VECTOR('',#2970,1.);
#2970 = DIRECTION('',(0.,0.,1.));
#2971 = ORIENTED_EDGE('',*,*,#2972,.F.);
#2972 = EDGE_CURVE('',#2965,#2965,#2973,.T.);
#2973 = CIRCLE('',#2974,3.1);
#2974 = AXIS2_PLACEMENT_3D('',#2975,#2976,#2977);
#2975 = CARTESIAN_POINT('',(58.,17.,2.45));
#2976 = DIRECTION('',(0.,0.,1.));
#2977 = DIRECTION('',(1.,0.,-0.));
#2978 = ORIENTED_EDGE('',*,*,#2964,.F.);
#2979 = ORIENTED_EDGE('',*,*,#2396,.T.);
#2980 = CYLINDRICAL_SURFACE('',#2981,3.1);
#2981 = AXIS2_PLACEMENT_3D('',#2982,#2983,#2984);
#2982 = CARTESIAN_POINT('',(58.,17.,-0.5));
#2983 = DIRECTION('',(0.,0.,1.));
#2984 = DIRECTION('',(1.,0.,-0.));
#2985 = ADVANCED_FACE('',(#2986,#2989),#3000,.F.);
#2986 = FACE_BOUND('',#2987,.F.);
#2987 = EDGE_LOOP('',(#2988));
#2988 = ORIENTED_EDGE('',*,*,#2972,.T.);
#2989 = FACE_BOUND('',#2990,.F.);
#2990 = EDGE_LOOP('',(#2991));
#2991 = ORIENTED_EDGE('',*,*,#2992,.F.);
#2992 = EDGE_CURVE('',#2993,#2993,#2995,.T.);
#2993 = VERTEX_POINT('',#2994);
#2994 = CARTESIAN_POINT('',(59.25,17.,2.45));
#2995 = CIRCLE('',#2996,1.25);
#2996 = AXIS2_PLACEMENT_3D('',#2997,#2998,#2999);
#2997 = CARTESIAN_POINT('',(58.,17.,2.45));
#2998 = DIRECTION('',(0.,0.,1.));
#2999 = DIRECTION('',(1.,0.,-0.));
#3000 = PLANE('',#3001);
#3001 = AXIS2_PLACEMENT_3D('',#3002,#3003,#3004);
#3002 = CARTESIAN_POINT('',(58.,17.,2.45));
#3003 = DIRECTION('',(0.,0.,1.));
#3004 = DIRECTION('',(1.,0.,-0.));
#3005 = ADVANCED_FACE('',(#3006),#3025,.F.);
#3006 = FACE_BOUND('',#3007,.F.);
#3007 = EDGE_LOOP('',(#3008,#3017,#3023,#3024));
#3008 = ORIENTED_EDGE('',*,*,#3009,.F.);
#3009 = EDGE_CURVE('',#3010,#3010,#3012,.T.);
#3010 = VERTEX_POINT('',#3011);
#3011 = CARTESIAN_POINT('',(59.25,17.,3.7));
#3012 = CIRCLE('',#3013,1.25);
#3013 = AXIS2_PLACEMENT_3D('',#3014,#3015,#3016);
#3014 = CARTESIAN_POINT('',(58.,17.,3.7));
#3015 = DIRECTION('',(0.,0.,1.));
#3016 = DIRECTION('',(1.,0.,-0.));
#3017 = ORIENTED_EDGE('',*,*,#3018,.F.);
#3018 = EDGE_CURVE('',#2993,#3010,#3019,.T.);
#3019 = LINE('',#3020,#3021);
#3020 = CARTESIAN_POINT('',(59.25,17.,-0.5));
#3021 = VECTOR('',#3022,1.);
#3022 = DIRECTION('',(0.,0.,1.));
#3023 = ORIENTED_EDGE('',*,*,#2992,.T.);
#3024 = ORIENTED_EDGE('',*,*,#3018,.T.);
#3025 = CYLINDRICAL_SURFACE('',#3026,1.25);
#3026 = AXIS2_PLACEMENT_3D('',#3027,#3028,#3029);
#3027 = CARTESIAN_POINT('',(58.,17.,-0.5));
#3028 = DIRECTION('',(0.,0.,1.));
#3029 = DIRECTION('',(1.,0.,-0.));
#3030 = ADVANCED_FACE('',(#3031,#3042),#3045,.T.);
#3031 = FACE_BOUND('',#3032,.T.);
#3032 = EDGE_LOOP('',(#3033));
#3033 = ORIENTED_EDGE('',*,*,#3034,.T.);
#3034 = EDGE_CURVE('',#3035,#3035,#3037,.T.);
#3035 = VERTEX_POINT('',#3036);
#3036 = CARTESIAN_POINT('',(62.5,17.,3.7));
#3037 = CIRCLE('',#3038,4.5);
#3038 = AXIS2_PLACEMENT_3D('',#3039,#3040,#3041);
#3039 = CARTESIAN_POINT('',(58.,17.,3.7));
#3040 = DIRECTION('',(0.,0.,1.));
#3041 = DIRECTION('',(1.,0.,-0.));
#3042 = FACE_BOUND('',#3043,.T.);
#3043 = EDGE_LOOP('',(#3044));
#3044 = ORIENTED_EDGE('',*,*,#3009,.F.);
#3045 = PLANE('',#3046);
#3046 = AXIS2_PLACEMENT_3D('',#3047,#3048,#3049);
#3047 = CARTESIAN_POINT('',(58.,17.,3.7));
#3048 = DIRECTION('',(0.,0.,1.));
#3049 = DIRECTION('',(1.,0.,-0.));
#3050 = ADVANCED_FACE('',(#3051),#3070,.T.);
#3051 = FACE_BOUND('',#3052,.T.);
#3052 = EDGE_LOOP('',(#3053,#3054,#3062,#3069));
#3053 = ORIENTED_EDGE('',*,*,#3034,.F.);
#3054 = ORIENTED_EDGE('',*,*,#3055,.F.);
#3055 = EDGE_CURVE('',#3056,#3035,#3058,.T.);
#3056 = VERTEX_POINT('',#3057);
#3057 = CARTESIAN_POINT('',(62.5,17.,2.5));
#3058 = LINE('',#3059,#3060);
#3059 = CARTESIAN_POINT('',(62.5,17.,2.5));
#3060 = VECTOR('',#3061,1.);
#3061 = DIRECTION('',(0.,0.,1.));
#3062 = ORIENTED_EDGE('',*,*,#3063,.T.);
#3063 = EDGE_CURVE('',#3056,#3056,#3064,.T.);
#3064 = CIRCLE('',#3065,4.5);
#3065 = AXIS2_PLACEMENT_3D('',#3066,#3067,#3068);
#3066 = CARTESIAN_POINT('',(58.,17.,2.5));
#3067 = DIRECTION('',(0.,0.,1.));
#3068 = DIRECTION('',(1.,0.,-0.));
#3069 = ORIENTED_EDGE('',*,*,#3055,.T.);
#3070 = CYLINDRICAL_SURFACE('',#3071,4.5);
#3071 = AXIS2_PLACEMENT_3D('',#3072,#3073,#3074);
#3072 = CARTESIAN_POINT('',(58.,17.,2.5));
#3073 = DIRECTION('',(0.,0.,1.));
#3074 = DIRECTION('',(1.,0.,-0.));
#3075 = ADVANCED_FACE('',(#3076),#3095,.F.);
#3076 = FACE_BOUND('',#3077,.F.);
#3077 = EDGE_LOOP('',(#3078,#3086,#3093,#3094));
#3078 = ORIENTED_EDGE('',*,*,#3079,.T.);
#3079 = EDGE_CURVE('',#2408,#3080,#3082,.T.);
#3080 = VERTEX_POINT('',#3081);
#3081 = CARTESIAN_POINT('',(3.1,-17.,2.45));
#3082 = LINE('',#3083,#3084);
#3083 = CARTESIAN_POINT('',(3.1,-17.,-0.5));
#3084 = VECTOR('',#3085,1.);
#3085 = DIRECTION('',(0.,0.,1.));
#3086 = ORIENTED_EDGE('',*,*,#3087,.F.);
#3087 = EDGE_CURVE('',#3080,#3080,#3088,.T.);
#3088 = CIRCLE('',#3089,3.1);
#3089 = AXIS2_PLACEMENT_3D('',#3090,#3091,#3092);
#3090 = CARTESIAN_POINT('',(0.,-17.,2.45));
#3091 = DIRECTION('',(0.,0.,1.));
#3092 = DIRECTION('',(1.,0.,-0.));
#3093 = ORIENTED_EDGE('',*,*,#3079,.F.);
#3094 = ORIENTED_EDGE('',*,*,#2407,.T.);
#3095 = CYLINDRICAL_SURFACE('',#3096,3.1);
#3096 = AXIS2_PLACEMENT_3D('',#3097,#3098,#3099);
#3097 = CARTESIAN_POINT('',(0.,-17.,-0.5));
#3098 = DIRECTION('',(0.,0.,1.));
#3099 = DIRECTION('',(1.,0.,-0.));
#3100 = ADVANCED_FACE('',(#3101,#3104),#3115,.F.);
#3101 = FACE_BOUND('',#3102,.F.);
#3102 = EDGE_LOOP('',(#3103));
#3103 = ORIENTED_EDGE('',*,*,#3087,.T.);
#3104 = FACE_BOUND('',#3105,.F.);
#3105 = EDGE_LOOP('',(#3106));
#3106 = ORIENTED_EDGE('',*,*,#3107,.F.);
#3107 = EDGE_CURVE('',#3108,#3108,#3110,.T.);
#3108 = VERTEX_POINT('',#3109);
#3109 = CARTESIAN_POINT('',(1.25,-17.,2.45));
#3110 = CIRCLE('',#3111,1.25);
#3111 = AXIS2_PLACEMENT_3D('',#3112,#3113,#3114);
#3112 = CARTESIAN_POINT('',(0.,-17.,2.45));
#3113 = DIRECTION('',(0.,0.,1.));
#3114 = DIRECTION('',(1.,0.,-0.));
#3115 = PLANE('',#3116);
#3116 = AXIS2_PLACEMENT_3D('',#3117,#3118,#3119);
#3117 = CARTESIAN_POINT('',(0.,-17.,2.45));
#3118 = DIRECTION('',(0.,0.,1.));
#3119 = DIRECTION('',(1.,0.,-0.));
#3120 = ADVANCED_FACE('',(#3121),#3140,.F.);
#3121 = FACE_BOUND('',#3122,.F.);
#3122 = EDGE_LOOP('',(#3123,#3132,#3138,#3139));
#3123 = ORIENTED_EDGE('',*,*,#3124,.F.);
#3124 = EDGE_CURVE('',#3125,#3125,#3127,.T.);
#3125 = VERTEX_POINT('',#3126);
#3126 = CARTESIAN_POINT('',(1.25,-17.,3.7));
#3127 = CIRCLE('',#3128,1.25);
#3128 = AXIS2_PLACEMENT_3D('',#3129,#3130,#3131);
#3129 = CARTESIAN_POINT('',(0.,-17.,3.7));
#3130 = DIRECTION('',(0.,0.,1.));
#3131 = DIRECTION('',(1.,0.,-0.));
#3132 = ORIENTED_EDGE('',*,*,#3133,.F.);
#3133 = EDGE_CURVE('',#3108,#3125,#3134,.T.);
#3134 = LINE('',#3135,#3136);
#3135 = CARTESIAN_POINT('',(1.25,-17.,-0.5));
#3136 = VECTOR('',#3137,1.);
#3137 = DIRECTION('',(0.,0.,1.));
#3138 = ORIENTED_EDGE('',*,*,#3107,.T.);
#3139 = ORIENTED_EDGE('',*,*,#3133,.T.);
#3140 = CYLINDRICAL_SURFACE('',#3141,1.25);
#3141 = AXIS2_PLACEMENT_3D('',#3142,#3143,#3144);
#3142 = CARTESIAN_POINT('',(0.,-17.,-0.5));
#3143 = DIRECTION('',(0.,0.,1.));
#3144 = DIRECTION('',(1.,0.,-0.));
#3145 = ADVANCED_FACE('',(#3146,#3157),#3160,.T.);
#3146 = FACE_BOUND('',#3147,.T.);
#3147 = EDGE_LOOP('',(#3148));
#3148 = ORIENTED_EDGE('',*,*,#3149,.T.);
#3149 = EDGE_CURVE('',#3150,#3150,#3152,.T.);
#3150 = VERTEX_POINT('',#3151);
#3151 = CARTESIAN_POINT('',(4.5,-17.,3.7));
#3152 = CIRCLE('',#3153,4.5);
#3153 = AXIS2_PLACEMENT_3D('',#3154,#3155,#3156);
#3154 = CARTESIAN_POINT('',(0.,-17.,3.7));
#3155 = DIRECTION('',(0.,0.,1.));
#3156 = DIRECTION('',(1.,0.,-0.));
#3157 = FACE_BOUND('',#3158,.T.);
#3158 = EDGE_LOOP('',(#3159));
#3159 = ORIENTED_EDGE('',*,*,#3124,.F.);
#3160 = PLANE('',#3161);
#3161 = AXIS2_PLACEMENT_3D('',#3162,#3163,#3164);
#3162 = CARTESIAN_POINT('',(0.,-17.,3.7));
#3163 = DIRECTION('',(0.,0.,1.));
#3164 = DIRECTION('',(1.,0.,-0.));
#3165 = ADVANCED_FACE('',(#3166),#3185,.T.);
#3166 = FACE_BOUND('',#3167,.T.);
#3167 = EDGE_LOOP('',(#3168,#3169,#3177,#3184));
#3168 = ORIENTED_EDGE('',*,*,#3149,.F.);
#3169 = ORIENTED_EDGE('',*,*,#3170,.F.);
#3170 = EDGE_CURVE('',#3171,#3150,#3173,.T.);
#3171 = VERTEX_POINT('',#3172);
#3172 = CARTESIAN_POINT('',(4.5,-17.,2.5));
#3173 = LINE('',#3174,#3175);
#3174 = CARTESIAN_POINT('',(4.5,-17.,2.5));
#3175 = VECTOR('',#3176,1.);
#3176 = DIRECTION('',(0.,0.,1.));
#3177 = ORIENTED_EDGE('',*,*,#3178,.T.);
#3178 = EDGE_CURVE('',#3171,#3171,#3179,.T.);
#3179 = CIRCLE('',#3180,4.5);
#3180 = AXIS2_PLACEMENT_3D('',#3181,#3182,#3183);
#3181 = CARTESIAN_POINT('',(0.,-17.,2.5));
#3182 = DIRECTION('',(0.,0.,1.));
#3183 = DIRECTION('',(1.,0.,-0.));
#3184 = ORIENTED_EDGE('',*,*,#3170,.T.);
#3185 = CYLINDRICAL_SURFACE('',#3186,4.5);
#3186 = AXIS2_PLACEMENT_3D('',#3187,#3188,#3189);
#3187 = CARTESIAN_POINT('',(0.,-17.,2.5));
#3188 = DIRECTION('',(0.,0.,1.));
#3189 = DIRECTION('',(1.,0.,-0.));
#3190 = ADVANCED_FACE('',(#3191),#3210,.F.);
#3191 = FACE_BOUND('',#3192,.F.);
#3192 = EDGE_LOOP('',(#3193,#3201,#3208,#3209));
#3193 = ORIENTED_EDGE('',*,*,#3194,.T.);
#3194 = EDGE_CURVE('',#2419,#3195,#3197,.T.);
#3195 = VERTEX_POINT('',#3196);
#3196 = CARTESIAN_POINT('',(3.1,17.,2.45));
#3197 = LINE('',#3198,#3199);
#3198 = CARTESIAN_POINT('',(3.1,17.,-0.5));
#3199 = VECTOR('',#3200,1.);
#3200 = DIRECTION('',(0.,0.,1.));
#3201 = ORIENTED_EDGE('',*,*,#3202,.F.);
#3202 = EDGE_CURVE('',#3195,#3195,#3203,.T.);
#3203 = CIRCLE('',#3204,3.1);
#3204 = AXIS2_PLACEMENT_3D('',#3205,#3206,#3207);
#3205 = CARTESIAN_POINT('',(0.,17.,2.45));
#3206 = DIRECTION('',(0.,0.,1.));
#3207 = DIRECTION('',(1.,0.,-0.));
#3208 = ORIENTED_EDGE('',*,*,#3194,.F.);
#3209 = ORIENTED_EDGE('',*,*,#2418,.T.);
#3210 = CYLINDRICAL_SURFACE('',#3211,3.1);
#3211 = AXIS2_PLACEMENT_3D('',#3212,#3213,#3214);
#3212 = CARTESIAN_POINT('',(0.,17.,-0.5));
#3213 = DIRECTION('',(0.,0.,1.));
#3214 = DIRECTION('',(1.,0.,-0.));
#3215 = ADVANCED_FACE('',(#3216,#3219),#3230,.F.);
#3216 = FACE_BOUND('',#3217,.F.);
#3217 = EDGE_LOOP('',(#3218));
#3218 = ORIENTED_EDGE('',*,*,#3202,.T.);
#3219 = FACE_BOUND('',#3220,.F.);
#3220 = EDGE_LOOP('',(#3221));
#3221 = ORIENTED_EDGE('',*,*,#3222,.F.);
#3222 = EDGE_CURVE('',#3223,#3223,#3225,.T.);
#3223 = VERTEX_POINT('',#3224);
#3224 = CARTESIAN_POINT('',(1.25,17.,2.45));
#3225 = CIRCLE('',#3226,1.25);
#3226 = AXIS2_PLACEMENT_3D('',#3227,#3228,#3229);
#3227 = CARTESIAN_POINT('',(0.,17.,2.45));
#3228 = DIRECTION('',(0.,0.,1.));
#3229 = DIRECTION('',(1.,0.,-0.));
#3230 = PLANE('',#3231);
#3231 = AXIS2_PLACEMENT_3D('',#3232,#3233,#3234);
#3232 = CARTESIAN_POINT('',(0.,17.,2.45));
#3233 = DIRECTION('',(0.,0.,1.));
#3234 = DIRECTION('',(1.,0.,-0.));
#3235 = ADVANCED_FACE('',(#3236),#3255,.F.);
#3236 = FACE_BOUND('',#3237,.F.);
#3237 = EDGE_LOOP('',(#3238,#3247,#3253,#3254));
#3238 = ORIENTED_EDGE('',*,*,#3239,.F.);
#3239 = EDGE_CURVE('',#3240,#3240,#3242,.T.);
#3240 = VERTEX_POINT('',#3241);
#3241 = CARTESIAN_POINT('',(1.25,17.,3.7));
#3242 = CIRCLE('',#3243,1.25);
#3243 = AXIS2_PLACEMENT_3D('',#3244,#3245,#3246);
#3244 = CARTESIAN_POINT('',(0.,17.,3.7));
#3245 = DIRECTION('',(0.,0.,1.));
#3246 = DIRECTION('',(1.,0.,-0.));
#3247 = ORIENTED_EDGE('',*,*,#3248,.F.);
#3248 = EDGE_CURVE('',#3223,#3240,#3249,.T.);
#3249 = LINE('',#3250,#3251);
#3250 = CARTESIAN_POINT('',(1.25,17.,-0.5));
#3251 = VECTOR('',#3252,1.);
#3252 = DIRECTION('',(0.,0.,1.));
#3253 = ORIENTED_EDGE('',*,*,#3222,.T.);
#3254 = ORIENTED_EDGE('',*,*,#3248,.T.);
#3255 = CYLINDRICAL_SURFACE('',#3256,1.25);
#3256 = AXIS2_PLACEMENT_3D('',#3257,#3258,#3259);
#3257 = CARTESIAN_POINT('',(0.,17.,-0.5));
#3258 = DIRECTION('',(0.,0.,1.));
#3259 = DIRECTION('',(1.,0.,-0.));
#3260 = ADVANCED_FACE('',(#3261,#3272),#3275,.T.);
#3261 = FACE_BOUND('',#3262,.T.);
#3262 = EDGE_LOOP('',(#3263));
#3263 = ORIENTED_EDGE('',*,*,#3264,.T.);
#3264 = EDGE_CURVE('',#3265,#3265,#3267,.T.);
#3265 = VERTEX_POINT('',#3266);
#3266 = CARTESIAN_POINT('',(4.5,17.,3.7));
#3267 = CIRCLE('',#3268,4.5);
#3268 = AXIS2_PLACEMENT_3D('',#3269,#3270,#3271);
#3269 = CARTESIAN_POINT('',(0.,17.,3.7));
#3270 = DIRECTION('',(0.,0.,1.));
#3271 = DIRECTION('',(1.,0.,-0.));
#3272 = FACE_BOUND('',#3273,.T.);
#3273 = EDGE_LOOP('',(#3274));
#3274 = ORIENTED_EDGE('',*,*,#3239,.F.);
#3275 = PLANE('',#3276);
#3276 = AXIS2_PLACEMENT_3D('',#3277,#3278,#3279);
#3277 = CARTESIAN_POINT('',(0.,17.,3.7));
#3278 = DIRECTION('',(0.,0.,1.));
#3279 = DIRECTION('',(1.,0.,-0.));
#3280 = ADVANCED_FACE('',(#3281),#3300,.T.);
#3281 = FACE_BOUND('',#3282,.T.);
#3282 = EDGE_LOOP('',(#3283,#3284,#3292,#3299));
#3283 = ORIENTED_EDGE('',*,*,#3264,.F.);
#3284 = ORIENTED_EDGE('',*,*,#3285,.F.);
#3285 = EDGE_CURVE('',#3286,#3265,#3288,.T.);
#3286 = VERTEX_POINT('',#3287);
#3287 = CARTESIAN_POINT('',(4.5,17.,2.5));
#3288 = LINE('',#3289,#3290);
#3289 = CARTESIAN_POINT('',(4.5,17.,2.5));
#3290 = VECTOR('',#3291,1.);
#3291 = DIRECTION('',(0.,0.,1.));
#3292 = ORIENTED_EDGE('',*,*,#3293,.T.);
#3293 = EDGE_CURVE('',#3286,#3286,#3294,.T.);
#3294 = CIRCLE('',#3295,4.5);
#3295 = AXIS2_PLACEMENT_3D('',#3296,#3297,#3298);
#3296 = CARTESIAN_POINT('',(0.,17.,2.5));
#3297 = DIRECTION('',(0.,0.,1.));
#3298 = DIRECTION('',(1.,0.,-0.));
#3299 = ORIENTED_EDGE('',*,*,#3285,.T.);
#3300 = CYLINDRICAL_SURFACE('',#3301,4.5);
#3301 = AXIS2_PLACEMENT_3D('',#3302,#3303,#3304);
#3302 = CARTESIAN_POINT('',(0.,17.,2.5));
#3303 = DIRECTION('',(0.,0.,1.));
#3304 = DIRECTION('',(1.,0.,-0.));
#3305 = ADVANCED_FACE('',(#3306),#3317,.T.);
#3306 = FACE_BOUND('',#3307,.T.);
#3307 = EDGE_LOOP('',(#3308,#3309,#3310,#3316));
#3308 = ORIENTED_EDGE('',*,*,#2308,.F.);
#3309 = ORIENTED_EDGE('',*,*,#2597,.F.);
#3310 = ORIENTED_EDGE('',*,*,#3311,.T.);
#3311 = EDGE_CURVE('',#2590,#1685,#3312,.T.);
#3312 = LINE('',#3313,#3314);
#3313 = CARTESIAN_POINT('',(72.497517110744,-21.54974128396,0.));
#3314 = VECTOR('',#3315,1.);
#3315 = DIRECTION('',(0.,0.,1.));
#3316 = ORIENTED_EDGE('',*,*,#1724,.T.);
#3317 = PLANE('',#3318);
#3318 = AXIS2_PLACEMENT_3D('',#3319,#3320,#3321);
#3319 = CARTESIAN_POINT('',(72.499996763851,-19.90429488516,3.));
#3320 = DIRECTION('',(-0.999998864509,1.506977251243E-03,
    2.445857143703E-15));
#3321 = DIRECTION('',(-1.506977251243E-03,-0.999998864509,0.));
#3322 = ADVANCED_FACE('',(#3323),#3334,.T.);
#3323 = FACE_BOUND('',#3324,.T.);
#3324 = EDGE_LOOP('',(#3325,#3326,#3327,#3328));
#3325 = ORIENTED_EDGE('',*,*,#2605,.F.);
#3326 = ORIENTED_EDGE('',*,*,#2339,.T.);
#3327 = ORIENTED_EDGE('',*,*,#1700,.T.);
#3328 = ORIENTED_EDGE('',*,*,#3329,.F.);
#3329 = EDGE_CURVE('',#2580,#1693,#3330,.T.);
#3330 = LINE('',#3331,#3332);
#3331 = CARTESIAN_POINT('',(66.797523583042,-21.54115151363,0.));
#3332 = VECTOR('',#3333,1.);
#3333 = DIRECTION('',(0.,0.,1.));
#3334 = PLANE('',#3335);
#3335 = AXIS2_PLACEMENT_3D('',#3336,#3337,#3338);
#3336 = CARTESIAN_POINT('',(66.800003236149,-19.89570511483,3.));
#3337 = DIRECTION('',(0.999998864509,-1.506977251241E-03,
    1.222554491124E-15));
#3338 = DIRECTION('',(1.506977251241E-03,0.999998864509,0.));
#3339 = ADVANCED_FACE('',(#3340),#3356,.T.);
#3340 = FACE_BOUND('',#3341,.T.);
#3341 = EDGE_LOOP('',(#3342,#3343,#3349,#3350));
#3342 = ORIENTED_EDGE('',*,*,#2429,.F.);
#3343 = ORIENTED_EDGE('',*,*,#3344,.T.);
#3344 = EDGE_CURVE('',#2430,#216,#3345,.T.);
#3345 = LINE('',#3346,#3347);
#3346 = CARTESIAN_POINT('',(-69.65495930621,-16.6091072024,0.));
#3347 = VECTOR('',#3348,1.);
#3348 = DIRECTION('',(0.,0.,1.));
#3349 = ORIENTED_EDGE('',*,*,#215,.T.);
#3350 = ORIENTED_EDGE('',*,*,#3351,.F.);
#3351 = EDGE_CURVE('',#2432,#206,#3352,.T.);
#3352 = LINE('',#3353,#3354);
#3353 = CARTESIAN_POINT('',(-72.50247641695,-18.25884848636,0.));
#3354 = VECTOR('',#3355,1.);
#3355 = DIRECTION('',(0.,0.,1.));
#3356 = PLANE('',#3357);
#3357 = AXIS2_PLACEMENT_3D('',#3358,#3359,#3360);
#3358 = CARTESIAN_POINT('',(-71.07871786158,-17.43397784438,3.));
#3359 = DIRECTION('',(0.501304512837,-0.865270931795,-6.206714841002E-15
    ));
#3360 = DIRECTION('',(-0.865270931795,-0.501304512837,0.));
#3361 = ADVANCED_FACE('',(#3362),#3373,.T.);
#3362 = FACE_BOUND('',#3363,.T.);
#3363 = EDGE_LOOP('',(#3364,#3365,#3366,#3372));
#3364 = ORIENTED_EDGE('',*,*,#3344,.F.);
#3365 = ORIENTED_EDGE('',*,*,#2471,.F.);
#3366 = ORIENTED_EDGE('',*,*,#3367,.T.);
#3367 = EDGE_CURVE('',#2464,#224,#3368,.T.);
#3368 = LINE('',#3369,#3370);
#3369 = CARTESIAN_POINT('',(-66.80248288925,-18.25025871603,0.));
#3370 = VECTOR('',#3371,1.);
#3371 = DIRECTION('',(0.,0.,1.));
#3372 = ORIENTED_EDGE('',*,*,#223,.T.);
#3373 = PLANE('',#3374);
#3374 = AXIS2_PLACEMENT_3D('',#3375,#3376,#3377);
#3375 = CARTESIAN_POINT('',(-68.22872109773,-17.42968295921,3.));
#3376 = DIRECTION('',(-0.498694351672,-0.866777909046,-0.));
#3377 = DIRECTION('',(-0.866777909046,0.498694351672,0.));
#3378 = ADVANCED_FACE('',(#3379),#3390,.T.);
#3379 = FACE_BOUND('',#3380,.T.);
#3380 = EDGE_LOOP('',(#3381,#3382,#3383,#3384));
#3381 = ORIENTED_EDGE('',*,*,#2439,.F.);
#3382 = ORIENTED_EDGE('',*,*,#3351,.T.);
#3383 = ORIENTED_EDGE('',*,*,#205,.T.);
#3384 = ORIENTED_EDGE('',*,*,#3385,.F.);
#3385 = EDGE_CURVE('',#2440,#208,#3386,.T.);
#3386 = LINE('',#3387,#3388);
#3387 = CARTESIAN_POINT('',(-72.49751711074,-21.54974128396,0.));
#3388 = VECTOR('',#3389,1.);
#3389 = DIRECTION('',(0.,0.,1.));
#3390 = PLANE('',#3391);
#3391 = AXIS2_PLACEMENT_3D('',#3392,#3393,#3394);
#3392 = CARTESIAN_POINT('',(-72.49999676385,-19.90429488516,3.));
#3393 = DIRECTION('',(0.999998864509,1.506977251243E-03,
    -1.222574905905E-15));
#3394 = DIRECTION('',(-1.506977251243E-03,0.999998864509,
    3.851859888774E-34));
#3395 = ADVANCED_FACE('',(#3396),#3407,.T.);
#3396 = FACE_BOUND('',#3397,.T.);
#3397 = EDGE_LOOP('',(#3398,#3399,#3400,#3406));
#3398 = ORIENTED_EDGE('',*,*,#3367,.F.);
#3399 = ORIENTED_EDGE('',*,*,#2463,.F.);
#3400 = ORIENTED_EDGE('',*,*,#3401,.T.);
#3401 = EDGE_CURVE('',#2456,#232,#3402,.T.);
#3402 = LINE('',#3403,#3404);
#3403 = CARTESIAN_POINT('',(-66.79752358304,-21.54115151363,0.));
#3404 = VECTOR('',#3405,1.);
#3405 = DIRECTION('',(0.,0.,1.));
#3406 = ORIENTED_EDGE('',*,*,#231,.T.);
#3407 = PLANE('',#3408);
#3408 = AXIS2_PLACEMENT_3D('',#3409,#3410,#3411);
#3409 = CARTESIAN_POINT('',(-66.80000323614,-19.89570511483,3.));
#3410 = DIRECTION('',(-0.999998864509,-1.506977251241E-03,
    4.890945711169E-15));
#3411 = DIRECTION('',(1.506977251241E-03,-0.999998864509,0.));
#3412 = ADVANCED_FACE('',(#3413),#3424,.T.);
#3413 = FACE_BOUND('',#3414,.T.);
#3414 = EDGE_LOOP('',(#3415,#3416,#3417,#3418));
#3415 = ORIENTED_EDGE('',*,*,#2447,.F.);
#3416 = ORIENTED_EDGE('',*,*,#3385,.T.);
#3417 = ORIENTED_EDGE('',*,*,#247,.T.);
#3418 = ORIENTED_EDGE('',*,*,#3419,.F.);
#3419 = EDGE_CURVE('',#2448,#240,#3420,.T.);
#3420 = LINE('',#3421,#3422);
#3421 = CARTESIAN_POINT('',(-69.64504069378,-23.19089279759,0.));
#3422 = VECTOR('',#3423,1.);
#3423 = DIRECTION('',(0.,0.,1.));
#3424 = PLANE('',#3425);
#3425 = AXIS2_PLACEMENT_3D('',#3426,#3427,#3428);
#3426 = CARTESIAN_POINT('',(-71.07127890226,-22.37031704078,3.));
#3427 = DIRECTION('',(0.498694351672,0.866777909046,-5.488870670504E-15)
  );
#3428 = DIRECTION('',(0.866777909046,-0.498694351672,3.944304526105E-31)
  );
#3429 = ADVANCED_FACE('',(#3430),#3436,.T.);
#3430 = FACE_BOUND('',#3431,.T.);
#3431 = EDGE_LOOP('',(#3432,#3433,#3434,#3435));
#3432 = ORIENTED_EDGE('',*,*,#3401,.F.);
#3433 = ORIENTED_EDGE('',*,*,#2455,.F.);
#3434 = ORIENTED_EDGE('',*,*,#3419,.T.);
#3435 = ORIENTED_EDGE('',*,*,#239,.T.);
#3436 = PLANE('',#3437);
#3437 = AXIS2_PLACEMENT_3D('',#3438,#3439,#3440);
#3438 = CARTESIAN_POINT('',(-68.22128213841,-22.36602215561,3.));
#3439 = DIRECTION('',(-0.501304512837,0.865270931795,-5.6254605294E-16)
  );
#3440 = DIRECTION('',(0.865270931795,0.501304512837,0.));
#3441 = ADVANCED_FACE('',(#3442),#3453,.T.);
#3442 = FACE_BOUND('',#3443,.T.);
#3443 = EDGE_LOOP('',(#3444,#3445,#3446,#3447));
#3444 = ORIENTED_EDGE('',*,*,#2579,.F.);
#3445 = ORIENTED_EDGE('',*,*,#3329,.T.);
#3446 = ORIENTED_EDGE('',*,*,#1692,.T.);
#3447 = ORIENTED_EDGE('',*,*,#3448,.F.);
#3448 = EDGE_CURVE('',#2582,#1683,#3449,.T.);
#3449 = LINE('',#3450,#3451);
#3450 = CARTESIAN_POINT('',(69.645040693786,-23.19089279759,0.));
#3451 = VECTOR('',#3452,1.);
#3452 = DIRECTION('',(0.,0.,1.));
#3453 = PLANE('',#3454);
#3454 = AXIS2_PLACEMENT_3D('',#3455,#3456,#3457);
#3455 = CARTESIAN_POINT('',(68.221282138414,-22.36602215561,3.));
#3456 = DIRECTION('',(0.501304512837,0.865270931795,8.262840305733E-16)
  );
#3457 = DIRECTION('',(0.865270931795,-0.501304512837,0.));
#3458 = ADVANCED_FACE('',(#3459),#3465,.T.);
#3459 = FACE_BOUND('',#3460,.T.);
#3460 = EDGE_LOOP('',(#3461,#3462,#3463,#3464));
#3461 = ORIENTED_EDGE('',*,*,#3311,.F.);
#3462 = ORIENTED_EDGE('',*,*,#2589,.F.);
#3463 = ORIENTED_EDGE('',*,*,#3448,.T.);
#3464 = ORIENTED_EDGE('',*,*,#1682,.T.);
#3465 = PLANE('',#3466);
#3466 = AXIS2_PLACEMENT_3D('',#3467,#3468,#3469);
#3467 = CARTESIAN_POINT('',(71.071278902265,-22.37031704078,3.));
#3468 = DIRECTION('',(-0.498694351672,0.866777909046,-1.811581510687E-15
    ));
#3469 = DIRECTION('',(0.866777909046,0.498694351672,0.));
#3470 = ADVANCED_FACE('',(#3471),#3487,.T.);
#3471 = FACE_BOUND('',#3472,.T.);
#3472 = EDGE_LOOP('',(#3473,#3474,#3480,#3481));
#3473 = ORIENTED_EDGE('',*,*,#2529,.F.);
#3474 = ORIENTED_EDGE('',*,*,#3475,.T.);
#3475 = EDGE_CURVE('',#2530,#124,#3476,.T.);
#3476 = LINE('',#3477,#3478);
#3477 = CARTESIAN_POINT('',(-69.64504069378,23.190892797598,0.));
#3478 = VECTOR('',#3479,1.);
#3479 = DIRECTION('',(0.,0.,1.));
#3480 = ORIENTED_EDGE('',*,*,#123,.T.);
#3481 = ORIENTED_EDGE('',*,*,#3482,.F.);
#3482 = EDGE_CURVE('',#2532,#114,#3483,.T.);
#3483 = LINE('',#3484,#3485);
#3484 = CARTESIAN_POINT('',(-72.49751711074,21.549741283965,0.));
#3485 = VECTOR('',#3486,1.);
#3486 = DIRECTION('',(0.,0.,1.));
#3487 = PLANE('',#3488);
#3488 = AXIS2_PLACEMENT_3D('',#3489,#3490,#3491);
#3489 = CARTESIAN_POINT('',(-71.07127890226,22.370317040781,3.));
#3490 = DIRECTION('',(0.498694351672,-0.866777909046,-8.382736649546E-16
    ));
#3491 = DIRECTION('',(-0.866777909046,-0.498694351672,0.));
#3492 = ADVANCED_FACE('',(#3493),#3504,.T.);
#3493 = FACE_BOUND('',#3494,.T.);
#3494 = EDGE_LOOP('',(#3495,#3496,#3497,#3503));
#3495 = ORIENTED_EDGE('',*,*,#3475,.F.);
#3496 = ORIENTED_EDGE('',*,*,#2571,.F.);
#3497 = ORIENTED_EDGE('',*,*,#3498,.T.);
#3498 = EDGE_CURVE('',#2564,#132,#3499,.T.);
#3499 = LINE('',#3500,#3501);
#3500 = CARTESIAN_POINT('',(-66.79752358304,21.541151513633,0.));
#3501 = VECTOR('',#3502,1.);
#3502 = DIRECTION('',(0.,0.,1.));
#3503 = ORIENTED_EDGE('',*,*,#131,.T.);
#3504 = PLANE('',#3505);
#3505 = AXIS2_PLACEMENT_3D('',#3506,#3507,#3508);
#3506 = CARTESIAN_POINT('',(-68.22128213841,22.366022155615,3.));
#3507 = DIRECTION('',(-0.501304512837,-0.865270931795,8.262840305733E-16
    ));
#3508 = DIRECTION('',(-0.865270931795,0.501304512837,0.));
#3509 = ADVANCED_FACE('',(#3510),#3521,.T.);
#3510 = FACE_BOUND('',#3511,.T.);
#3511 = EDGE_LOOP('',(#3512,#3513,#3514,#3515));
#3512 = ORIENTED_EDGE('',*,*,#2539,.F.);
#3513 = ORIENTED_EDGE('',*,*,#3482,.T.);
#3514 = ORIENTED_EDGE('',*,*,#113,.T.);
#3515 = ORIENTED_EDGE('',*,*,#3516,.F.);
#3516 = EDGE_CURVE('',#2540,#116,#3517,.T.);
#3517 = LINE('',#3518,#3519);
#3518 = CARTESIAN_POINT('',(-72.50247641695,18.258848486367,0.));
#3519 = VECTOR('',#3520,1.);
#3520 = DIRECTION('',(0.,0.,1.));
#3521 = PLANE('',#3522);
#3522 = AXIS2_PLACEMENT_3D('',#3523,#3524,#3525);
#3523 = CARTESIAN_POINT('',(-72.49999676385,19.904294885166,3.));
#3524 = DIRECTION('',(0.999998864509,-1.506977251242E-03,
    1.22304444588E-15));
#3525 = DIRECTION('',(1.506977251242E-03,0.999998864509,
    3.851859888774E-34));
#3526 = ADVANCED_FACE('',(#3527),#3538,.T.);
#3527 = FACE_BOUND('',#3528,.T.);
#3528 = EDGE_LOOP('',(#3529,#3530,#3531,#3537));
#3529 = ORIENTED_EDGE('',*,*,#3498,.F.);
#3530 = ORIENTED_EDGE('',*,*,#2563,.F.);
#3531 = ORIENTED_EDGE('',*,*,#3532,.T.);
#3532 = EDGE_CURVE('',#2556,#140,#3533,.T.);
#3533 = LINE('',#3534,#3535);
#3534 = CARTESIAN_POINT('',(-66.80248288925,18.250258716035,0.));
#3535 = VECTOR('',#3536,1.);
#3536 = DIRECTION('',(0.,0.,1.));
#3537 = ORIENTED_EDGE('',*,*,#139,.T.);
#3538 = PLANE('',#3539);
#3539 = AXIS2_PLACEMENT_3D('',#3540,#3541,#3542);
#3540 = CARTESIAN_POINT('',(-66.80000323614,19.895705114834,3.));
#3541 = DIRECTION('',(-0.999998864509,1.506977251241E-03,
    -1.834450794791E-15));
#3542 = DIRECTION('',(-1.506977251241E-03,-0.999998864509,
    3.851859888774E-34));
#3543 = ADVANCED_FACE('',(#3544),#3555,.T.);
#3544 = FACE_BOUND('',#3545,.T.);
#3545 = EDGE_LOOP('',(#3546,#3547,#3548,#3549));
#3546 = ORIENTED_EDGE('',*,*,#2547,.F.);
#3547 = ORIENTED_EDGE('',*,*,#3516,.T.);
#3548 = ORIENTED_EDGE('',*,*,#155,.T.);
#3549 = ORIENTED_EDGE('',*,*,#3550,.F.);
#3550 = EDGE_CURVE('',#2548,#148,#3551,.T.);
#3551 = LINE('',#3552,#3553);
#3552 = CARTESIAN_POINT('',(-69.65495930621,16.609107202402,0.));
#3553 = VECTOR('',#3554,1.);
#3554 = DIRECTION('',(0.,0.,1.));
#3555 = PLANE('',#3556);
#3556 = AXIS2_PLACEMENT_3D('',#3557,#3558,#3559);
#3557 = CARTESIAN_POINT('',(-71.07871786158,17.433977844385,3.));
#3558 = DIRECTION('',(0.501304512837,0.865270931795,-3.866567540663E-15)
  );
#3559 = DIRECTION('',(0.865270931795,-0.501304512837,1.972152263053E-31)
  );
#3560 = ADVANCED_FACE('',(#3561),#3567,.T.);
#3561 = FACE_BOUND('',#3562,.T.);
#3562 = EDGE_LOOP('',(#3563,#3564,#3565,#3566));
#3563 = ORIENTED_EDGE('',*,*,#3532,.F.);
#3564 = ORIENTED_EDGE('',*,*,#2555,.F.);
#3565 = ORIENTED_EDGE('',*,*,#3550,.T.);
#3566 = ORIENTED_EDGE('',*,*,#147,.T.);
#3567 = PLANE('',#3568);
#3568 = AXIS2_PLACEMENT_3D('',#3569,#3570,#3571);
#3569 = CARTESIAN_POINT('',(-68.22872109773,17.429682959219,3.));
#3570 = DIRECTION('',(-0.498694351672,0.866777909046,2.205826632187E-15)
  );
#3571 = DIRECTION('',(0.866777909046,0.498694351672,0.));
#3572 = ADVANCED_FACE('',(#3573),#3589,.T.);
#3573 = FACE_BOUND('',#3574,.T.);
#3574 = EDGE_LOOP('',(#3575,#3576,#3582,#3583));
#3575 = ORIENTED_EDGE('',*,*,#2479,.F.);
#3576 = ORIENTED_EDGE('',*,*,#3577,.T.);
#3577 = EDGE_CURVE('',#2480,#32,#3578,.T.);
#3578 = LINE('',#3579,#3580);
#3579 = CARTESIAN_POINT('',(72.502476416958,18.258848486367,0.));
#3580 = VECTOR('',#3581,1.);
#3581 = DIRECTION('',(0.,0.,1.));
#3582 = ORIENTED_EDGE('',*,*,#31,.T.);
#3583 = ORIENTED_EDGE('',*,*,#3584,.F.);
#3584 = EDGE_CURVE('',#2482,#22,#3585,.T.);
#3585 = LINE('',#3586,#3587);
#3586 = CARTESIAN_POINT('',(72.497517110744,21.549741283965,0.));
#3587 = VECTOR('',#3588,1.);
#3588 = DIRECTION('',(0.,0.,1.));
#3589 = PLANE('',#3590);
#3590 = AXIS2_PLACEMENT_3D('',#3591,#3592,#3593);
#3591 = CARTESIAN_POINT('',(72.499996763851,19.904294885166,3.));
#3592 = DIRECTION('',(-0.999998864509,-1.506977251243E-03,
    -1.222574905905E-15));
#3593 = DIRECTION('',(1.506977251243E-03,-0.999998864509,
    3.851859888774E-34));
#3594 = ADVANCED_FACE('',(#3595),#3606,.T.);
#3595 = FACE_BOUND('',#3596,.T.);
#3596 = EDGE_LOOP('',(#3597,#3598,#3599,#3605));
#3597 = ORIENTED_EDGE('',*,*,#3577,.F.);
#3598 = ORIENTED_EDGE('',*,*,#2521,.F.);
#3599 = ORIENTED_EDGE('',*,*,#3600,.T.);
#3600 = EDGE_CURVE('',#2514,#40,#3601,.T.);
#3601 = LINE('',#3602,#3603);
#3602 = CARTESIAN_POINT('',(69.654959306213,16.609107202402,0.));
#3603 = VECTOR('',#3604,1.);
#3604 = DIRECTION('',(0.,0.,1.));
#3605 = ORIENTED_EDGE('',*,*,#39,.T.);
#3606 = PLANE('',#3607);
#3607 = AXIS2_PLACEMENT_3D('',#3608,#3609,#3610);
#3608 = CARTESIAN_POINT('',(71.078717861586,17.433977844385,3.));
#3609 = DIRECTION('',(-0.501304512837,0.865270931795,-5.679238885736E-15
    ));
#3610 = DIRECTION('',(0.865270931795,0.501304512837,0.));
#3611 = ADVANCED_FACE('',(#3612),#3623,.T.);
#3612 = FACE_BOUND('',#3613,.T.);
#3613 = EDGE_LOOP('',(#3614,#3615,#3616,#3617));
#3614 = ORIENTED_EDGE('',*,*,#2489,.F.);
#3615 = ORIENTED_EDGE('',*,*,#3584,.T.);
#3616 = ORIENTED_EDGE('',*,*,#21,.T.);
#3617 = ORIENTED_EDGE('',*,*,#3618,.F.);
#3618 = EDGE_CURVE('',#2490,#24,#3619,.T.);
#3619 = LINE('',#3620,#3621);
#3620 = CARTESIAN_POINT('',(69.645040693786,23.190892797598,0.));
#3621 = VECTOR('',#3622,1.);
#3622 = DIRECTION('',(0.,0.,1.));
#3623 = PLANE('',#3624);
#3624 = AXIS2_PLACEMENT_3D('',#3625,#3626,#3627);
#3625 = CARTESIAN_POINT('',(71.071278902265,22.370317040781,3.));
#3626 = DIRECTION('',(-0.498694351672,-0.866777909046,
    -5.488870670504E-15));
#3627 = DIRECTION('',(-0.866777909046,0.498694351672,3.944304526105E-31)
  );
#3628 = ADVANCED_FACE('',(#3629),#3640,.T.);
#3629 = FACE_BOUND('',#3630,.T.);
#3630 = EDGE_LOOP('',(#3631,#3632,#3633,#3639));
#3631 = ORIENTED_EDGE('',*,*,#3600,.F.);
#3632 = ORIENTED_EDGE('',*,*,#2513,.F.);
#3633 = ORIENTED_EDGE('',*,*,#3634,.T.);
#3634 = EDGE_CURVE('',#2506,#48,#3635,.T.);
#3635 = LINE('',#3636,#3637);
#3636 = CARTESIAN_POINT('',(66.802482889256,18.250258716035,0.));
#3637 = VECTOR('',#3638,1.);
#3638 = DIRECTION('',(0.,0.,1.));
#3639 = ORIENTED_EDGE('',*,*,#47,.T.);
#3640 = PLANE('',#3641);
#3641 = AXIS2_PLACEMENT_3D('',#3642,#3643,#3644);
#3642 = CARTESIAN_POINT('',(68.228721097735,17.429682959219,3.));
#3643 = DIRECTION('',(0.498694351672,0.866777909046,0.));
#3644 = DIRECTION('',(0.866777909046,-0.498694351672,0.));
#3645 = ADVANCED_FACE('',(#3646),#3657,.T.);
#3646 = FACE_BOUND('',#3647,.T.);
#3647 = EDGE_LOOP('',(#3648,#3649,#3650,#3651));
#3648 = ORIENTED_EDGE('',*,*,#2497,.F.);
#3649 = ORIENTED_EDGE('',*,*,#3618,.T.);
#3650 = ORIENTED_EDGE('',*,*,#63,.T.);
#3651 = ORIENTED_EDGE('',*,*,#3652,.F.);
#3652 = EDGE_CURVE('',#2498,#56,#3653,.T.);
#3653 = LINE('',#3654,#3655);
#3654 = CARTESIAN_POINT('',(66.797523583042,21.541151513633,0.));
#3655 = VECTOR('',#3656,1.);
#3656 = DIRECTION('',(0.,0.,1.));
#3657 = PLANE('',#3658);
#3658 = AXIS2_PLACEMENT_3D('',#3659,#3660,#3661);
#3659 = CARTESIAN_POINT('',(68.221282138414,22.366022155615,3.));
#3660 = DIRECTION('',(0.501304512837,-0.865270931795,-1.532281084271E-15
    ));
#3661 = DIRECTION('',(-0.865270931795,-0.501304512837,0.));
#3662 = ADVANCED_FACE('',(#3663),#3669,.T.);
#3663 = FACE_BOUND('',#3664,.T.);
#3664 = EDGE_LOOP('',(#3665,#3666,#3667,#3668));
#3665 = ORIENTED_EDGE('',*,*,#3634,.F.);
#3666 = ORIENTED_EDGE('',*,*,#2505,.F.);
#3667 = ORIENTED_EDGE('',*,*,#3652,.T.);
#3668 = ORIENTED_EDGE('',*,*,#55,.T.);
#3669 = PLANE('',#3670);
#3670 = AXIS2_PLACEMENT_3D('',#3671,#3672,#3673);
#3671 = CARTESIAN_POINT('',(66.800003236149,19.895705114834,3.));
#3672 = DIRECTION('',(0.999998864509,1.506977251241E-03,
    4.890945711169E-15));
#3673 = DIRECTION('',(-1.506977251241E-03,0.999998864509,0.));
#3674 = ADVANCED_FACE('',(#3675,#3685,#3688,#3691,#3694,#3697,#3700),
  #3703,.T.);
#3675 = FACE_BOUND('',#3676,.T.);
#3676 = EDGE_LOOP('',(#3677,#3678,#3679,#3680,#3681,#3682,#3683,#3684));
#3677 = ORIENTED_EDGE('',*,*,#2241,.F.);
#3678 = ORIENTED_EDGE('',*,*,#1860,.T.);
#3679 = ORIENTED_EDGE('',*,*,#2202,.T.);
#3680 = ORIENTED_EDGE('',*,*,#1636,.T.);
#3681 = ORIENTED_EDGE('',*,*,#2151,.F.);
#3682 = ORIENTED_EDGE('',*,*,#1925,.T.);
#3683 = ORIENTED_EDGE('',*,*,#2259,.T.);
#3684 = ORIENTED_EDGE('',*,*,#2017,.T.);
#3685 = FACE_BOUND('',#3686,.T.);
#3686 = EDGE_LOOP('',(#3687));
#3687 = ORIENTED_EDGE('',*,*,#2718,.F.);
#3688 = FACE_BOUND('',#3689,.T.);
#3689 = EDGE_LOOP('',(#3690));
#3690 = ORIENTED_EDGE('',*,*,#3178,.F.);
#3691 = FACE_BOUND('',#3692,.T.);
#3692 = EDGE_LOOP('',(#3693));
#3693 = ORIENTED_EDGE('',*,*,#2833,.F.);
#3694 = FACE_BOUND('',#3695,.T.);
#3695 = EDGE_LOOP('',(#3696));
#3696 = ORIENTED_EDGE('',*,*,#2948,.F.);
#3697 = FACE_BOUND('',#3698,.T.);
#3698 = EDGE_LOOP('',(#3699));
#3699 = ORIENTED_EDGE('',*,*,#3293,.F.);
#3700 = FACE_BOUND('',#3701,.T.);
#3701 = EDGE_LOOP('',(#3702));
#3702 = ORIENTED_EDGE('',*,*,#3063,.F.);
#3703 = PLANE('',#3704);
#3704 = AXIS2_PLACEMENT_3D('',#3705,#3706,#3707);
#3705 = CARTESIAN_POINT('',(-2.169109611883E-15,0.,2.5));
#3706 = DIRECTION('',(0.,0.,1.));
#3707 = DIRECTION('',(1.,0.,-0.));
#3708 = ( GEOMETRIC_REPRESENTATION_CONTEXT(3) 
GLOBAL_UNCERTAINTY_ASSIGNED_CONTEXT((#3712)) 
GLOBAL_UNIT_ASSIGNED_CONTEXT((#3709,#3710,#3711)) REPRESENTATION_CONTEXT
('Context #1','3D Context with UNIT and UNCERTAINTY') );
#3709 = ( LENGTH_UNIT() NAMED_UNIT(*) SI_UNIT(.MILLI.,.METRE.) );
#3710 = ( NAMED_UNIT(*) PLANE_ANGLE_UNIT() SI_UNIT($,.RADIAN.) );
#3711 = ( NAMED_UNIT(*) SI_UNIT($,.STERADIAN.) SOLID_ANGLE_UNIT() );
#3712 = UNCERTAINTY_MEASURE_WITH_UNIT(LENGTH_MEASURE(1.E-07),#3709,
  'distance_accuracy_value','confusion accuracy');
#3713 = PRODUCT_RELATED_PRODUCT_CATEGORY('part',$,(#7));
ENDSEC;
END-ISO-10303-21;
